page,section,side,claim,text,source,link,imp,uniq,drives,equiv,who,bearing,pattern,category,magnitude,mag_low,mag_high,deadline,extra
barring-members-congress-president,argument,agree,members-regularly-trade-industries,,,argu-members-regularly-trade-barring-members,imp-members-regularly-trade-barring-members,,,,,,,,,,,,
barring-members-congress-president,argument,agree,disclosure-has-failed-check,,,argu-disclosure-has-failed-barring-members,imp-disclosure-has-failed-barring-members,,,,,,,,,,,,
barring-members-congress-president,argument,agree,holdings-ban-removes-conflict,,,argu-holdings-ban-removes-barring-members,imp-holdings-ban-removes-barring-members,,,,,,,,,,,,
barring-members-congress-president,argument,agree,federal-reserve-barred-its,,,argu-federal-reserve-barred-barring-members,imp-federal-reserve-barred-barring-members,,,,,,,,,,,,
barring-members-congress-president,argument,agree,trading-closed-briefing-almost,,,argu-trading-closed-briefing-barring-members,imp-trading-closed-briefing-barring-members,,,,,,,,,,,,
barring-members-congress-president,argument,disagree,best-identified-studies-actual,,,argu-best-identified-studies-barring-members,imp-best-identified-studies-barring-members,,,,,,,,,,,,
barring-members-congress-president,argument,disagree,ban-official-leaves-conflict,,,argu-ban-official-leaves-barring-members,imp-ban-official-leaves-barring-members,,,,,,,,,,,,
barring-members-congress-president,argument,disagree,forced-divestiture-imposes-real,,,argu-forced-divestiture-imposes-barring-members,imp-forced-divestiture-imposes-barring-members,,,,,,,,,,,,
barring-members-congress-president,argument,disagree,members-keep-property-rights,,,,imp-members-keep-property-barring-members,,,,,,,,,,,,
barring-members-congress-president,argument,disagree,congress-will-enforce-ban,,,argu-congress-will-enforce-barring-members,imp-congress-will-enforce-barring-members,uniq-congress-will-enforce-ban-official,,,,,,,,,,,
barring-members-congress-president,evidence,agree,senators-stock-purchases-beat,,"Ziobrowski, Cheng, Boyd and Ziobrowski, Journal of Financial and Quantitative Analysis (2004)",evid-senators-stock-purchases-barring-members,imp-senators-stock-purchases-barring-members,,,,,,,,,,,,
barring-members-congress-president,evidence,agree,trades-placed-before-legislative,,"Zhou, Li, Michelson and Mollica, Journal of Business Ethics (2025)",evid-trades-placed-before-barring-members,imp-trades-placed-before-barring-members,,,,,,,,,,,,
barring-members-congress-president,evidence,agree,78-members-117th-congress,,"Insider, ""Conflicted Congress,"" tally published January 2023",evid-78-members-117th-barring-members,imp-78-members-117th-barring-members,,,,,,,,,,,,
barring-members-congress-president,evidence,agree,131-federal-judges-heard,,"Wall Street Journal investigation, September 2021",evid-131-federal-judges-barring-members,imp-131-federal-judges-barring-members,,,,,,,,,,,,
barring-members-congress-president,evidence,agree,federal-reserve-officials-have,,Board of Governors rules announced October 2021 and finalized February 2022,evid-federal-reserve-officials-barring-members,imp-federal-reserve-officials-barring-members,uniq-federal-reserve-officials-federal-reserve,,,,,,,,,,,
barring-members-congress-president,evidence,disagree,congressional-portfolios-underperformed-market,,"Eggers and Hainmueller, Journal of Politics (2013)",evid-congressional-portfolios-underperformed-barring-members,imp-congressional-portfolios-underperformed-barring-members,,,,,,,,,,,,
barring-members-congress-president,evidence,disagree,no-evidence-members-congress,,"Belmont, Sacerdote, Sehgal and Van Hoek, Journal of Public Economics (2022)",evid-no-evidence-members-barring-members,imp-no-evidence-members-barring-members,,,,,,,,,,,,
barring-members-congress-president,prediction,agree,five-years-after-ban,,,pred-five-years-after-barring-members,imp-five-years-after-barring-members,,,,,,,,,,,By 2032; annual review of Form 278e filings and periodic transaction reports,
barring-members-congress-president,prediction,agree,public-trust-congress-five,,,pred-public-trust-congress-barring-members,imp-public-trust-congress-barring-members,,,,,,,,,,,By 2032; Gallup confidence-in-institutions series against its own pre-ban trend,
barring-members-congress-president,prediction,agree,jurisdiction-adopts-holdings-ban,,,pred-jurisdiction-adopts-holdings-barring-members,imp-jurisdiction-adopts-holdings-barring-members,,,,,,,,,,,By 2031; difference-in-differences on roll-call votes matched to member holdings,
barring-members-congress-president,prediction,disagree,reported-conflicts-migrate-spouse,,,pred-reported-conflicts-migrate-barring-members,imp-reported-conflicts-migrate-barring-members,,,,,,,,,,,By 2032; count of ethics complaints by category before and after,
barring-members-congress-president,prediction,disagree,share-incoming-members-whose,,,pred-share-incoming-members-barring-members,imp-share-incoming-members-barring-members,,,,,,,,,,,By 2032; personal financial disclosure data for each incoming class,
barring-members-congress-president,prediction,disagree,post-reform-studies-continue,,,pred-post-reform-studies-barring-members,imp-post-reform-studies-barring-members,,,,,,,,,,,By 2030; replication of the 2022 and 2025 studies on 2021 to 2029 data,
barring-members-congress-president,cba,agree,members-stop-voting-industries,,,,,,,,citizens-need-government-decisions,,,percentage-point reduction in votes cast by a member holding stock in the affected industry,30,,,,
barring-members-congress-president,cba,agree,officials-stop-placing-trades,,,,,,,,investors-need-markets-where,,,percent reduction in officials' trades placed before government announcements,50,,,,
barring-members-congress-president,cba,agree,voters-can-tell-compromised,,,,,,,,voters-need-enough-information,,,percentage points of public trust in Congress,4,,,,
barring-members-congress-president,cba,agree,officials-get-one-rule,,,,,,,,officials-need-rules-can,,,hours per official per year of compliance time saved,15,,,,
barring-members-congress-president,cba,disagree,officials-sell-holdings-schedule,,,,,,,,officials-families-need-same,,,dollars of transaction and tax cost per official per term,20000,,,,
barring-members-congress-president,cba,disagree,mid-career-professionals-savings,,,,,,,,country-needs-capable-people,,,percent of potential candidates deterred,5,,,,
barring-members-congress-president,cba,disagree,officeholders-lose-income-currently,,,,,,,,some-officeholders-want-keep,,,dollars of forgone trading income per member per term,50000,,,,
barring-members-congress-president,short_term,,members-divest-move-holdings,,,,,,,,,,,,,,,,
barring-members-congress-president,short_term,,filing-volume-falls-because,,,,,,,,,,,,,,,,
barring-members-congress-president,long_term,,conflict-complaints-shift-trading,,,,,,,,,,,,,,,,
barring-members-congress-president,long_term,,rule-becomes-unremarkable-judicial,,,,,,,,,,,,,,,,
barring-members-congress-president,component,,officials-financial-holdings-currently,,,,,,,,,,,,,,,,type: Empirical | stated: N | lb: Y | assumes: Assumes the observed overlap between holdings and committee jurisdiction reflects influence rather than coincidence
barring-members-congress-president,component,,removing-holding-removes-influence,,,,,,,,,,,,,,,,type: Causal | stated: Y | lb: Y | assumes: Assumes substitution into uncovered vehicles is partial rather than complete
barring-members-congress-president,component,,holdings-ban-can-enacted,,,,,,,,,,,,,,,,type: Empirical | stated: N | lb: Y | assumes: Assumes a Congress will bind itself and a future Congress will not quietly unwind it
barring-members-congress-president,component,,reducing-conflicts-worth-narrower,,,,,,,,,,,,,,,,type: Normative | stated: N | lb: N | assumes: Assumes trust in the institution outranks the convenience of the people in it
barring-members-congress-president,interest,agree,citizens-need-government-decisions,,,,,,drives-citizens-need-government-barring-members,,,,,,,,,,
barring-members-congress-president,interest,agree,investors-need-markets-where,,,,,,drives-investors-need-markets-barring-members,,,,,,,,,,
barring-members-congress-president,interest,agree,voters-need-enough-information,,,,,,drives-voters-need-enough-barring-members,,,,,,,,,,
barring-members-congress-president,interest,agree,officials-need-rules-can,,,,,,drives-officials-need-rules-barring-members,,,,,,,,,,
barring-members-congress-president,interest,disagree,officials-families-need-same,,,,,,drives-officials-families-need-barring-members,,,,,,,,,,
barring-members-congress-president,interest,disagree,country-needs-capable-people,,,,,,drives-country-needs-capable-barring-members,,,,,,,,,,
barring-members-congress-president,interest,disagree,some-officeholders-want-keep,,,,,,drives-some-officeholders-want-barring-members,,,,,,,,,,
barring-members-congress-president,shared_interest,,both-sides-want-officials,,,,,,,,,,,,,,,,"direction: Ban individual holdings, keep diversified funds legal, and let officials defer the tax on forced sales."
barring-members-congress-president,compromise,,bar-individual-stocks-sector,,,,,,,,,,,,,,,,"premise: Both sides accept that the current $200 fee is not a penalty. | difficult: Every element is drafted, and the Senate has not scheduled a vote."
barring-members-congress-president,motive,agree,advertised-reason-what-actually,,,,,,,,,,,,,,,,"advertised: Stop officials from trading on what they learn in office. | actual: For some sponsors, a popular vote that substitutes for harder ethics reform. Evidence: bills advance in election years and stall afterward."
barring-members-congress-president,motive,disagree,advertised-reason-what-actually-2,,,,,,,,,,,,,,,,advertised: Protect ordinary property rights. | actual: Protecting a specific income stream. Evidence: the loudest objections came from members with the largest active portfolios.
barring-members-congress-president,obstacle,agree,people-who-bound-people,,,,,,,,,,,,,,,,
barring-members-congress-president,obstacle,disagree,opponents-cannot-point-benefit,,,,,,,,,,,,,,,,
barring-members-congress-president,media,agree,ziobrowski-cheng-boyd-ziobrowski,,,medi-ziobrowski-cheng-boyd-barring-members,imp-ziobrowski-cheng-boyd-barring-members,,,,,,,,,,,,
barring-members-congress-president,media,agree,insider-conflicted-congress-2021,,,medi-insider-conflicted-congress-barring-members,imp-insider-conflicted-congress-barring-members,,,,,,,,,,,,
barring-members-congress-president,media,disagree,eggers-hainmueller-capitol-losses,,,medi-eggers-hainmueller-capitol-barring-members,imp-eggers-hainmueller-capitol-barring-members,,,,,,,,,,,,
barring-members-congress-president,law,agree,stock-act-2012-made,,,,,,,,,,,,,,,,
barring-members-congress-president,law,agree,courthouse-ethics-transparency-act,,,,,,,,,,,,,,,,
barring-members-congress-president,law,disagree,criminal-conflict-interest-statute,,,,,,,,,,,,,,,,
barring-members-congress-president,upstream,agree,public-office-usable-private,,,,,,,,,,,,,,,,
barring-members-congress-president,upstream,disagree,citizens-keep-ordinary-rights,,,,,,,,,,,,,,,,
barring-members-congress-president,downstream,agree,senior-executive-branch-officials,,,,,,,,,,,,,,,,
barring-members-congress-president,downstream,disagree,congressional-staff-access-nonpublic,,,,,,,,,,,,,,,,
barring-members-congress-president,similar,extreme,members-congress-barred-owning,,,,,,,equiv-barring-members-congress-members-congress,,,,,,,,,
barring-members-congress-president,similar,moderate,members-congress-required-place,,,,,,,equiv-barring-members-congress-members-congress-2,,,,,,,,,
barring-members-congress-president,person,agree,senators-jeff-merkley-josh,,,,,,,,,,,,,,,,
barring-members-congress-president,person,agree,representatives-chip-roy-seth,,,,,,,,,,,,,,,,
barring-members-congress-president,person,disagree,speaker-nancy-pelosi-said,,,,,,,,,,,,,,,,
barring-members-congress-president,value,,,,,,,,,,,,,,,,,,value: Honest government | srank: 1 | orank: 2 | why: Supporters rank it above the cost to officials; opponents agree it matters but rank property rights first.
barring-members-congress-president,value,,,,,,,,,,,,,,,,,,value: Property rights | srank: 3 | orank: 1 | why: Opponents treat the holding as an ordinary right; supporters treat it as a condition of a voluntary office.
barring-members-congress-president,value,,,,,,,,,,,,,,,,,,"value: Open service to people of ordinary means | srank: 2 | orank: 3 | why: Both sides claim it: supporters say conflicts favor the wealthy, opponents say divestiture costs do."
barring-members-congress-president,definition,,,,,,,,,,,,,,,,,,"term: Individual stock | definition: A holding in a single company, as opposed to a diversified fund holding many. Every serious proposal permits diversified funds and Treasuries."
barring-members-congress-president,definition,,,,,,,,,,,,,,,,,,term: Conflict of interest | definition: A financial stake in the outcome of a decision the official participates in. It exists on ownership and does not require proof that the decision was changed.
barring-members-congress-president,definition,,,,,,,,,,,,,,,,,,term: Use of public office for private gain | definition: Defined on the principle page this one sits under and used here without restatement.
barring-members-congress-president,dispute,,,Empirical,,,,,,,,,,,,,,,"what: Whether holdings actually change votes, and whether any trading advantage survived the STOCK Act. | move: A matched study of holdings against roll-call votes, which does not yet exist."
barring-members-congress-president,dispute,,,Definitional,,,,,,,,,,,,,,,"what: Whether ""conflict of interest"" means a proven influence or an unresolvable appearance. | move: Score the two readings separately; they have different evidence."
barring-members-congress-president,dispute,,,Values,,,,,,,,,,,,,,,"what: Whether the property rights of officeholders outrank public confidence in the institution. | move: A values ranking, not more data."
barring-members-congress-president,dispute,,,Linkage,,,,,,,,,,,,,,,what: Whether underperforming portfolios bear on whether ownership creates a voting conflict. | move: The linkage page for the returns argument.
barring-members-congress-president,category,,,percentage-point reduction in votes cast by a member holding stock in the affected industry,,,,,,,,,,,,,,,
barring-members-congress-president,category,,,percent reduction in officials' trades placed before government announcements,,,,,,,,,,,,,,,
barring-members-congress-president,category,,,percentage points of public trust in Congress,,,,,,,,,,,,,,,
barring-members-congress-president,category,,,hours per official per year of compliance time saved,,,,,,,,,,,,,,,
barring-members-congress-president,category,,,dollars of transaction and tax cost per official per term,,,,,,,,,,,,,,,
barring-members-congress-president,category,,,percent of potential candidates deterred,,,,,,,,,,,,,,,
barring-members-congress-president,assumption,agree,officials-respond-financial-incentives,,,,,,,,,,,,,,,,
barring-members-congress-president,assumption,disagree,disclosure-alone-sufficient-when,,,,,,,,,,,,,,,,
barring-members-congress-president,bias,agree,scandal-salience-handful-vivid,,,,,,,,,,,,,,,,
barring-members-congress-president,bias,disagree,self-interest-status-quo,,,,,,,,,,,,,,,,
barring-president-members-congress,argument,agree,anti-nepotism-statute-stops,,,,imp-anti-nepotism-statute-barring-president,,,,,,,,,,,,
barring-president-members-congress,argument,agree,relative-cannot-supervised-disciplined,,,,imp-relative-cannot-supervised-barring-president,,,,,,,,,,,,
barring-president-members-congress,argument,agree,official-role-gives-family,,,,imp-official-role-gives-barring-president,,,,,,,,,,,,
barring-president-members-congress,argument,agree,rule-already-applies-every,,,,imp-rule-already-applies-barring-president,,,,,,,,,,,,
barring-president-members-congress,argument,disagree,formal-appointment-what-brings,,,argu-formal-appointment-what-barring-president,imp-formal-appointment-what-barring-president,,,,,,,,,,,,
barring-president-members-congress,argument,disagree,problem-people-actually-point,,,argu-problem-people-actually-barring-president,imp-problem-people-actually-barring-president,,,,,,,,,,,,
barring-president-members-congress,argument,disagree,president-entitled-advisers-he,,,,imp-president-entitled-advisers-barring-president,,,,,,,,,,,,
barring-president-members-congress,argument,disagree,competence-neither-inherited-nor,,,,imp-competence-neither-inherited-barring-president,,,,,,,,,,,,
barring-president-members-congress,evidence,agree,justice-department-concluded-federal,,"Office of Legal Counsel opinion, January 20, 2017",,,,,,,,,,,,,,
barring-president-members-congress,evidence,agree,relatives-marriage-have-held,,"Congressional nomination records and contemporaneous reporting, 2025 to 2026",,,,,,,,,,,,,,
barring-president-members-congress,evidence,disagree,relatives-who-became-federal,,Office of Government Ethics filings reported July 2017,,,,,,,,,,,,,,
barring-president-members-congress,evidence,disagree,federal-candidates-paid-combined,,"OpenSecrets analysis, June 2020",,,,,,,,,,,,,,
barring-president-members-congress,prediction,agree,after-bar-takes-effect,,,,,,,,,,,,,,,By 2030; nomination records and White House staff lists,
barring-president-members-congress,prediction,agree,documented-contacts-which-foreign,,,,,,,,,,,,,,,By 2032; inspector general and congressional oversight records,
barring-president-members-congress,prediction,disagree,relatives-continue-shape-policy,,,,,,,,,,,,,,,"By 2032; same oversight records, counted the same way",
barring-president-members-congress,cba,agree,official-decisions-stop-being,,,,,,,,citizens-need-government-decisions,,,number of senior officials outside the ordinary chain of command,3,,,,
barring-president-members-congress,cba,agree,foreign-governments-lose-contact,,,,,,,,voters-need-enough-information,,,number of foreign-government contacts routed through a presidential relative per year,10,,,,
barring-president-members-congress,cba,agree,career-staff-can-raise,,,,,,,,officials-need-rules-can,,,percentage points of staff willing to report concerns in workplace surveys,8,,,,
barring-president-members-congress,cba,disagree,president-loses-advisers-he,,,,,,,,officials-families-need-same,,,"subjective quality of advice, unpriced",,,,,
barring-president-members-congress,cba,disagree,qualified-people-excluded-public,,,,,,,,country-needs-capable-people,,,number of otherwise qualified people excluded per administration,5,,,,
barring-president-members-congress,cba,disagree,influence-moves-informal-channels,,,,,,,,some-officeholders-want-keep,,,number of advisers operating with access but no disclosure,4,,,,
barring-president-members-congress,component,,relative-official-role-creates,,,,,,,,,,,,,,,,type: Empirical | stated: N | lb: Y | assumes: Assumes the supervision problem is not solved by disclosure and recusal
barring-president-members-congress,component,,bar-removes-influence-rather,,,,,,,,,,,,,,,,type: Causal | stated: Y | lb: Y | assumes: Assumes the rule is written around function rather than job title
barring-president-members-congress,component,,congress-can-impose-bar,,,,,,,,,,,,,,,,type: Definitional | stated: N | lb: Y | assumes: Assumes Congress can narrow the staffing latitude it granted in 1978
barring-president-members-congress,interest,agree,citizens-need-government-decisions,,,,,,,,,,,,,,,,
barring-president-members-congress,interest,agree,voters-need-enough-information,,,,,,,,,,,,,,,,
barring-president-members-congress,interest,agree,officials-need-rules-can,,,,,,,,,,,,,,,,
barring-president-members-congress,interest,disagree,officials-families-need-same,,,,,,,,,,,,,,,,
barring-president-members-congress,interest,disagree,country-needs-capable-people,,,,,,,,,,,,,,,,
barring-president-members-congress,interest,disagree,some-officeholders-want-keep,,,,,,,,,,,,,,,,
barring-president-members-congress,shared_interest,,both-sides-want-relatives,,,,,,,,,,,,,,,,"direction: Reach anyone performing official functions, related or not, with disclosure and recusal rules."
barring-president-members-congress,compromise,,bar-relatives-senate-confirmed,,,,,,,,,,,,,,,,"premise: Both sides agree that an unrecorded adviser with real authority is the worst outcome. | difficult: Defining ""official function"" tightly enough to enforce and loosely enough to catch the informal adviser."
barring-president-members-congress,obstacle,agree,,The bar would be enacted by a Congress and signed by a president to whom it would apply.,,,,,,,,,,,,,,,
barring-president-members-congress,obstacle,disagree,,Opponents have no account of who checks a relative's conduct if the president will not.,,,,,,,,,,,,,,,
barring-president-members-congress,law,agree,,5 U.S.C. 3110 bars a public official from appointing or promoting a relative in the agency he controls.,,,,,,,,,,,,,,,
barring-president-members-congress,law,disagree,,3 U.S.C. 105 lets the president appoint White House Office staff without regard to any other provision of law regulating federal employment.,,,,,,,,,,,,,,,
barring-president-members-congress,upstream,agree,public-office-usable-private,,,,,,,,,,,,,,,,
barring-president-members-congress,similar,moderate,relatives-president-barred-senate,,,,,,,,,,,,,,,,
barring-president-members-congress,value,,,,,,,,,,,,,,,,,,value: Accountable government | srank: 1 | orank: 2 | why: Supporters rank a supervisable chain of command first; opponents rank the president's choice of advisers first.
barring-president-members-congress,value,,,,,,,,,,,,,,,,,,value: Presidential discretion | srank: 3 | orank: 1 | why: Opponents treat it as constitutional; supporters treat it as a statutory grant Congress can narrow.
barring-president-members-congress,definition,,,,,,,,,,,,,,,,,,"term: Family member | definition: The twenty-five relations enumerated in 5 U.S.C. 3110, which includes in-laws, plus any person sharing a household with the official."
barring-president-members-congress,definition,,,,,,,,,,,,,,,,,,"term: Official government function | definition: Exercising authority delegated by the office: negotiating on behalf of the United States, directing staff, or making or approving a government decision. Giving private advice is not."
barring-president-members-congress,dispute,,,Empirical,,,,,,,,,,,,,,,what: Whether formal roles or informal ones produce more unchecked influence. | move: A count of documented family-channel decisions under each arrangement.
barring-president-members-congress,dispute,,,Definitional,,,,,,,,,,,,,,,"what: What counts as an ""official government function"" when the adviser holds no office. | move: Draft the function test and see whether it can be applied to real cases."
barring-president-members-congress,dispute,,,Values,,,,,,,,,,,,,,,what: Whether a president's trust in an adviser outranks the public's claim to a supervisable one. | move: A values ranking.
barring-president-members-congress,dispute,,,Linkage,,,,,,,,,,,,,,,what: Whether campaign payments and private ventures bear on a rule about official duties. | move: The linkage page for the private-business argument.
barring-president-members-congress,category,,,number of senior officials outside the ordinary chain of command,,,,,,,,,,,,,,,
barring-president-members-congress,category,,,number of foreign-government contacts routed through a presidential relative per year,,,,,,,,,,,,,,,
barring-president-members-congress,category,,,percentage points of staff willing to report concerns in workplace surveys,,,,,,,,,,,,,,,
barring-president-members-congress,category,,,number of otherwise qualified people excluded per administration,,,,,,,,,,,,,,,
barring-president-members-congress,category,,,number of advisers operating with access but no disclosure,,,,,,,,,,,,,,,
barring-president-members-congress,bias,agree,,Partisan selection: the examples cited are almost always from the other party's administrations.,,,,,,,,,,,,,,,
barring-president-members-congress,bias,disagree,,Loyalty framing: treating criticism of a relative's role as an attack on the family rather than on the arrangement.,,,,,,,,,,,,,,,
requiring-president-members-congress,argument,agree,return-shows-what-financial,,,,imp-return-shows-what-requiring-president,,,,,,,,,,,,
requiring-president-members-congress,argument,agree,internal-check-failed-one,,,,imp-internal-check-failed-requiring-president,,,,,,,,,,,,
requiring-president-members-congress,argument,agree,every-president-carter-through,,,,imp-every-president-carter-requiring-president,,,,,,,,,,,,
requiring-president-members-congress,argument,agree,published-return-can-checked,,,,imp-published-return-can-requiring-president,,,,,,,,,,,,
requiring-president-members-congress,argument,disagree,return-shows-tax-positions,,,argu-return-shows-tax-requiring-president,imp-return-shows-tax-requiring-president,,,,,,,,,,,,
requiring-president-members-congress,argument,disagree,publication-exposes-spouses-children,,,,imp-publication-exposes-spouses-requiring-president,,,,,,,,,,,,
requiring-president-members-congress,argument,disagree,route-constitutionally-narrow-disclosure,,,argu-route-constitutionally-narrow-requiring-president,imp-route-constitutionally-narrow-requiring-president,,,,,,,,,,,,
requiring-president-members-congress,argument,disagree,sophisticated-wealth-sits-pass,,,,imp-sophisticated-wealth-sits-requiring-president,,,,,,,,,,,,
requiring-president-members-congress,evidence,agree,mandatory-irs-audit-presidential,,"House Ways and Means Committee report and release of tax years 2015 to 2020, December 2022",,,,,,,,,,,,,,
requiring-president-members-congress,evidence,agree,nixon-released-his-returns,,"Joint Committee on Taxation review, April 1974",,,,,,,,,,,,,,
requiring-president-members-congress,evidence,disagree,public-financial-disclosure-form,,"Office of Government Ethics, Public Financial Disclosure Guide (2024)",,,,,,,,,,,,,,
requiring-president-members-congress,evidence,disagree,state-law-requiring-five,,"Patterson v. Padilla, California Supreme Court, November 21, 2019",,,,,,,,,,,,,,
requiring-president-members-congress,prediction,agree,within-two-election-cycles,,,,,,,,,,,,,,,By 2032; published returns compared against the same officials' disclosure filings,
requiring-president-members-congress,prediction,disagree,published-returns-add-nothing,,,,,,,,,,,,,,,By 2032; independent review of both documents for the same officials,
requiring-president-members-congress,cba,agree,foreign-income-lender-relationships,,,,,,,,voters-need-enough-information,,,number of previously unreported foreign income sources identified per official,1,,,,
requiring-president-members-congress,cba,agree,voters-can-judge-official,,,,,,,,voters-need-enough-information,,,percentage points of voters reporting they have enough information to judge,10,,,,
requiring-president-members-congress,cba,agree,audit-president-stops-depending,,,,,,,,citizens-need-government-decisions,,,share of presidential tax years reviewed on schedule,100,,,,
requiring-president-members-congress,cba,disagree,spouses-children-business-partners,,,,,,,,officials-families-need-same,,,number of non-officeholders whose finances are exposed per filing,4,,,,
requiring-president-members-congress,cba,disagree,officials-structure-finances-look,,,,,,,,officials-families-need-same,,,dollars of avoidable tax and restructuring cost per official per term,15000,,,,
requiring-president-members-congress,cba,disagree,returns-read-scandal-rather,,,,,,,,voters-need-enough-information,,,number of contested public interpretations per published return,6,,,,
requiring-president-members-congress,component,,tax-returns-contain-conflict,,,,,,,,,,,,,,,,"type: Empirical | stated: Y | lb: Y | assumes: Assumes foreign income, lender identity and income character are conflict-relevant"
requiring-president-members-congress,component,,publication-changes-what-officials,,,,,,,,,,,,,,,,type: Causal | stated: N | lb: Y | assumes: Assumes someone with the power to act reads and responds to the disclosure
requiring-president-members-congress,component,,federal-publication-requirement-officeholders,,,,,,,,,,,,,,,,type: Definitional | stated: N | lb: Y | assumes: Assumes a duty on officeholders differs from a condition on ballot access
requiring-president-members-congress,interest,agree,voters-need-enough-information,,,,,,,,,,,,,,,,
requiring-president-members-congress,interest,agree,citizens-need-government-decisions,,,,,,,,,,,,,,,,
requiring-president-members-congress,interest,agree,investors-need-markets-where,,,,,,,,,,,,,,,,
requiring-president-members-congress,interest,agree,officials-need-rules-can,,,,,,,,,,,,,,,,
requiring-president-members-congress,interest,disagree,officials-families-need-same,,,,,,,,,,,,,,,,
requiring-president-members-congress,interest,disagree,some-officeholders-want-keep,,,,,,,,,,,,,,,,
requiring-president-members-congress,shared_interest,,both-sides-want-conflicts,,,,,,,,,,,,,,,,"direction: Strengthen the disclosure form to require exact values, foreign income and lender identity, rather than publishing the return itself."
requiring-president-members-congress,compromise,,require-exact-values-rather,,,,,,,,,,,,,,,,"premise: Both sides agree the current ranges are too coarse to screen conflicts. | difficult: Officials would have to agree to disclose exact figures, which is the thing the ranges were designed to avoid."
requiring-president-members-congress,obstacle,agree,,The requirement would be enacted by the officials it binds.,,,,,,,,,,,,,,,
requiring-president-members-congress,obstacle,disagree,,Opponents have no answer to the audit failure other than trusting the same agency again.,,,,,,,,,,,,,,,
requiring-president-members-congress,law,agree,,"26 U.S.C. 6103(f) lets the tax-writing committees obtain and, by vote, publish any return.",,,,,,,,,,,,,,,
requiring-president-members-congress,law,disagree,,"26 U.S.C. 6103 makes tax returns confidential as a general rule, with criminal penalties for unauthorized disclosure.",,,,,,,,,,,,,,,
requiring-president-members-congress,upstream,agree,public-office-usable-private,,,,,,,,,,,,,,,,
requiring-president-members-congress,similar,extreme,all-senior-federal-officials,,,,,,,,,,,,,,,,
requiring-president-members-congress,value,,,,,,,,,,,,,,,,,,value: Transparency | srank: 1 | orank: 3 | why: Supporters treat publication as the default for public power; opponents treat it as a burden requiring justification.
requiring-president-members-congress,value,,,,,,,,,,,,,,,,,,value: Privacy | srank: 3 | orank: 1 | why: Opponents extend it to the official's family; supporters confine it to people who did not take the office.
requiring-president-members-congress,definition,,,,,,,,,,,,,,,,,,"term: Tax return | definition: The complete federal return as filed, including schedules, and the returns of entities the filer controls where the proposal reaches them."
requiring-president-members-congress,definition,,,,,,,,,,,,,,,,,,"term: Financial disclosure form | definition: OGE Form 278e, filed annually, reporting assets, income sources, liabilities, positions, agreements and gifts in value ranges."
requiring-president-members-congress,dispute,,,Empirical,,,,,,,,,,,,,,,"what: Whether returns contain conflict-relevant facts the disclosure form lacks. | move: A line-by-line comparison of both documents for the same official, which the 2022 release makes possible."
requiring-president-members-congress,dispute,,,Definitional,,,,,,,,,,,,,,,"what: Whether ""conflict"" means an asset that could be affected or an income stream that was. | move: Score the two readings separately."
requiring-president-members-congress,dispute,,,Values,,,,,,,,,,,,,,,"what: Whether an officeholder's family keeps ordinary financial privacy. | move: A values ranking, not more data."
requiring-president-members-congress,dispute,,,Linkage,,,,,,,,,,,,,,,what: Whether a state ballot-access ruling bears on a federal duty imposed on officeholders. | move: The linkage page for the constitutional argument.
requiring-president-members-congress,category,,,number of previously unreported foreign income sources identified per official,,,,,,,,,,,,,,,
requiring-president-members-congress,category,,,percentage points of voters reporting they have enough information to judge,,,,,,,,,,,,,,,
requiring-president-members-congress,category,,,share of presidential tax years reviewed on schedule,,,,,,,,,,,,,,,
requiring-president-members-congress,category,,,number of non-officeholders whose finances are exposed per filing,,,,,,,,,,,,,,,
requiring-president-members-congress,category,,,dollars of avoidable tax and restructuring cost per official per term,,,,,,,,,,,,,,,
requiring-president-members-congress,category,,,number of contested public interpretations per published return,,,,,,,,,,,,,,,
requiring-president-members-congress,bias,agree,,Assuming that what is hidden must be damning.,,,,,,,,,,,,,,,
requiring-president-members-congress,bias,disagree,,Treating a document's complexity as a reason nobody should see it.,,,,,,,,,,,,,,,
letting-congress-overturn-presidential,argument,agree,clemency-only-executive-power,,,,imp-clemency-only-executive-letting-congress,,,,,,,,,,,,
letting-congress-overturn-presidential,argument,agree,pardons-granted-president-s,,,,imp-pardons-granted-president-letting-congress,,,,,,,,,,,,
letting-congress-overturn-presidential,argument,agree,two-thirds-threshold-means,,,,imp-two-thirds-threshold-letting-congress,,,,,,,,,,,,
letting-congress-overturn-presidential,argument,agree,most-states-already-put,,,argu-most-states-already-letting-congress,imp-most-states-already-letting-congress,,,,,,,,,,,,
letting-congress-overturn-presidential,argument,disagree,article-ii-grants-power,,,argu-article-ii-grants-letting-congress,imp-article-ii-grants-letting-congress,,,,,,,,,,,,
letting-congress-overturn-presidential,argument,disagree,clemency-exists-correct-injustices,,,,imp-clemency-exists-correct-letting-congress,,,,,,,,,,,,
letting-congress-overturn-presidential,argument,disagree,reversible-pardon-pardon-nobody,,,,imp-reversible-pardon-pardon-letting-congress,,,,,,,,,,,,
letting-congress-overturn-presidential,argument,disagree,narrower-fix-reaches-actual,,,,imp-narrower-fix-reaches-letting-congress,,,,,,,,,,,,
letting-congress-overturn-presidential,evidence,agree,58-percent-americans-said,,"Economist and YouGov poll, December 2025",,,,,,,,,,,,,,
letting-congress-overturn-presidential,evidence,agree,federal-judge-unsealed-redacted,,"Opinion of Chief Judge Beryl Howell, unsealed December 1, 2020",,,,,,,,,,,,,,
letting-congress-overturn-presidential,evidence,agree,independent-boards-hold-gate,,"Collateral Consequences Resource Center fifty-state survey, 2024 to 2025",,,,,,,,,,,,,,
letting-congress-overturn-presidential,evidence,disagree,supreme-court-held-pardon,,"Ex parte Garland, 71 U.S. 333 (1866)",,,,,,,,,,,,,,
letting-congress-overturn-presidential,evidence,disagree,proposals-let-congress-nullify,,"H.J.Res.135 (December 2025) and H.J.Res.13 (January 2025), House Judiciary Committee",evid-proposals-let-congress-letting-congress,,,,,,,,,,,,,
letting-congress-overturn-presidential,prediction,agree,decade-after-override-mechanism,,,,,,,,,,,,,,,By 2040; Office of the Pardon Attorney records against the clemency grant list,
letting-congress-overturn-presidential,prediction,disagree,override-never-used-because,,,,,,,,,,,,,,,By 2040; count of override votes attempted and succeeded,
letting-congress-overturn-presidential,prediction,disagree,presidents-shift-pre-emptive,,,,,,,,,,,,,,,By 2040; share of grants issued in the final week of a term,
letting-congress-overturn-presidential,cba,agree,pardons-granted-president-s-2,,,,,,,,crime-victims-public-need,,,number of self-interested grants subject to review per term,5,,,,
letting-congress-overturn-presidential,cba,agree,prospect-vote-deters-grants,,,,,,,,crime-victims-public-need,,,number of deterred grants per term,3,,,,
letting-congress-overturn-presidential,cba,agree,clemency-decisions-return-justice,,,,,,,,citizens-need-government-decisions,,,percentage points of grants going through the Pardon Attorney,40,,,,
letting-congress-overturn-presidential,cba,disagree,unpopular-but-just-clemency,,,,,,,,president-needs-clemency-power,,,number of meritorious grants not made per decade,20,,,,
letting-congress-overturn-presidential,cba,disagree,recipients-cannot-rely-pardon,,,,,,,,president-needs-clemency-power,,,months of legal uncertainty per grant,24,,,,
letting-congress-overturn-presidential,cba,disagree,every-controversial-clemency-decision,,,,,,,,officials-families-need-same,,,number of additional partisan floor votes per term,4,,,,
letting-congress-overturn-presidential,component,,some-pardons-granted-president,,,,,,,,,,,,,,,,type: Empirical | stated: Y | lb: Y | assumes: Assumes a grant to a relative or associate is for private benefit rather than an ordinary exercise of mercy
letting-congress-overturn-presidential,component,,congressional-override-deter-reverse,,,,,,,,,,,,,,,,type: Causal | stated: N | lb: Y | assumes: Assumes two thirds of both chambers could be assembled against a president of either party
letting-congress-overturn-presidential,component,,override-mechanism-can-enacted,,,,,,,,,,,,,,,,"type: Definitional | stated: N | lb: Y | assumes: Assumes a constitutional amendment, since the Supreme Court has foreclosed the statutory route"
letting-congress-overturn-presidential,interest,agree,crime-victims-public-need,,,,,,drives-crime-victims-public-letting-congress,,,,,,,,,,
letting-congress-overturn-presidential,interest,agree,citizens-need-government-decisions,,,,,,,,,,,,,,,,
letting-congress-overturn-presidential,interest,agree,voters-need-enough-information,,,,,,,,,,,,,,,,
letting-congress-overturn-presidential,interest,disagree,president-needs-clemency-power,,,,,,drives-president-needs-clemency-letting-congress,,,,,,,,,,
letting-congress-overturn-presidential,interest,disagree,officials-families-need-same,,,,,,,,,,,,,,,,
letting-congress-overturn-presidential,interest,disagree,some-officeholders-want-keep,,,,,,,,,,,,,,,,
letting-congress-overturn-presidential,shared_interest,,both-sides-agree-selling,,,,,,,,,,,,,,,,"direction: Publish the review file for every grant and prosecute pardon bribery, which needs no amendment."
letting-congress-overturn-presidential,compromise,,require-pardon-attorney-s,,,,,,,,,,,,,,,,"premise: Both sides accept that a pardon sold for money is indefensible. | difficult: It needs three quarters of the states, and support currently splits 76 to 34 by party."
letting-congress-overturn-presidential,obstacle,agree,,"A constitutional amendment needs three quarters of the states, and support splits 76 to 34 by party.",,,,,,,,,,,,,,,
letting-congress-overturn-presidential,obstacle,disagree,,Opponents have no mechanism that reverses a pardon already granted for private benefit.,,,,,,,,,,,,,,,
letting-congress-overturn-presidential,law,agree,,More than a dozen states place clemency in an independent board or require a board recommendation before the governor may act.,,,,,,,,,,,,,,,
letting-congress-overturn-presidential,law,disagree,,"Article II, Section 2 grants the pardon power with a single exception, cases of impeachment, and no role for Congress.",,,,,,,,,,,,,,,
letting-congress-overturn-presidential,law,disagree,,Schick v. Reed (1974) held that the clemency power flows from the Constitution and cannot be modified by Congress.,,,,,,,,,,,,,,,
letting-congress-overturn-presidential,upstream,agree,public-office-usable-private,,,,,,,,,,,,,,,,
letting-congress-overturn-presidential,similar,extreme,pardon-power-abolished-replaced,,,,,,,,,,,,,,,,
letting-congress-overturn-presidential,similar,moderate,president-barred-pardoning-relatives,,,,,,,equiv-letting-congress-overturn-president-barred,,,,,,,,,
letting-congress-overturn-presidential,person,agree,,Representatives Olszewski and Bacon introduced a bipartisan constitutional amendment in December 2025 to let Congress nullify pardons by two-thirds vote.,,,,,,,,,,,,,,,
letting-congress-overturn-presidential,value,,,,,,,,,,,,,,,,,,value: Accountability for every public power | srank: 1 | orank: 3 | why: Supporters treat an unchecked power as an anomaly; opponents treat this one as deliberate.
letting-congress-overturn-presidential,value,,,,,,,,,,,,,,,,,,value: Mercy that does not need permission | srank: 3 | orank: 1 | why: Opponents rank the unpopular pardon first; supporters say a two-thirds bar protects it.
letting-congress-overturn-presidential,value,,,,,,,,,,,,,,,,,,"value: Separation of powers | srank: 2 | orank: 1 | why: Both claim it: supporters as a check, opponents as a boundary."
letting-congress-overturn-presidential,definition,,,,,,,,,,,,,,,,,,term: Pardon | definition: An executive act relieving a person of the legal consequences of a federal offense. It reaches federal offenses only and cannot be used in cases of impeachment.
letting-congress-overturn-presidential,definition,,,,,,,,,,,,,,,,,,"term: Override | definition: A vote of two thirds of both chambers nullifying a grant of clemency, which on the analysis of this page requires a constitutional amendment."
letting-congress-overturn-presidential,dispute,,,Empirical,,,,,,,,,,,,,,,what: Whether an override could ever actually be exercised at a two-thirds threshold. | move: Count the votes in past Congresses against actual controversial grants.
letting-congress-overturn-presidential,dispute,,,Definitional,,,,,,,,,,,,,,,"what: Whether a pardon to a relative is ""private gain"" or an exercise of mercy the relationship does not disqualify. | move: Score the two readings separately."
letting-congress-overturn-presidential,dispute,,,Values,,,,,,,,,,,,,,,"what: Whether unchecked mercy is a defect in the design or its purpose. | move: A values ranking, not more data."
letting-congress-overturn-presidential,dispute,,,Linkage,,,,,,,,,,,,,,,what: Whether the failure of the introduced amendments bears on whether the mechanism would work. | move: The linkage page for the stalled-proposals evidence.
letting-congress-overturn-presidential,category,,,number of self-interested grants subject to review per term,,,,,,,,,,,,,,,
letting-congress-overturn-presidential,category,,,number of deterred grants per term,,,,,,,,,,,,,,,
letting-congress-overturn-presidential,category,,,percentage points of grants going through the Pardon Attorney,,,,,,,,,,,,,,,
letting-congress-overturn-presidential,category,,,number of meritorious grants not made per decade,,,,,,,,,,,,,,,
letting-congress-overturn-presidential,category,,,months of legal uncertainty per grant,,,,,,,,,,,,,,,
letting-congress-overturn-presidential,category,,,number of additional partisan floor votes per term,,,,,,,,,,,,,,,
letting-congress-overturn-presidential,bias,agree,,Recency: the reform is proposed against whichever president most recently used the power.,,,,,,,,,,,,,,,
letting-congress-overturn-presidential,bias,disagree,,Treating a constitutional design as self-evidently correct because it is old.,,,,,,,,,,,,,,,
public-office-usable-private,argument,agree,every-federal-ethics-statute,,,,,,,,,,,,,,,,
public-office-usable-private,argument,agree,if-office-can-used,,,,,,,,,,,,,,,,
public-office-usable-private,argument,agree,rare-principle-supermajority-agreement,,,,,,,,,,,,,,,,
public-office-usable-private,argument,disagree,stated-level-principle-decides,,,,,,,,,,,,,,,,
public-office-usable-private,argument,disagree,taken-literally-bar-anyone,,,,,,,,,,,,,,,,
public-office-usable-private,interest,agree,citizens-need-government-decisions,,,,,,,,,,,,,,,,
public-office-usable-private,interest,agree,voters-need-enough-information,,,,,,,,,,,,,,,,
public-office-usable-private,interest,disagree,officials-families-need-same,,,,,,,,,,,,,,,,
public-office-usable-private,interest,disagree,some-officeholders-want-keep,,,,,,,,,,,,,,,,
public-office-usable-private,downstream,agree,barring-members-congress-president,,,,,,,,,,,,,,,,
public-office-usable-private,downstream,agree,barring-president-members-congress,,,,,,,,,,,,,,,,
public-office-usable-private,downstream,agree,requiring-president-members-congress,,,,,,,,,,,,,,,,
public-office-usable-private,downstream,agree,letting-congress-overturn-presidential,,,,,,,,,,,,,,,,
public-office-usable-private,downstream,disagree,,Officials should be free to hold and trade any asset a private citizen may hold.,,,,,,,,,,,,,,,
public-office-usable-private,downstream,disagree,,"A president should be free to choose any adviser, including a relative, without congressional permission.",,,,,,,,,,,,,,,
public-office-usable-private,definition,,,,,,,,,,,,,,,,,,"term: Private gain | definition: A financial or positional benefit that flows to the official, the official's family, or a business they hold an interest in, and that would not have flowed to them had they not held the office."
public-office-usable-private,definition,,,,,,,,,,,,,,,,,,"term: Use of office | definition: Any exercise of the powers, information or access that the office confers, including appointments, votes, clemency and the ability to be in the room."
every-federal-ethics-statute,argument,agree,,"The criminal conflict-of-interest statute, the Ethics in Government Act, the Hatch Act and the emoluments clauses all presuppose it.",,,,,,,,,,,,,,,
every-federal-ethics-statute,argument,disagree,,Shared premises of a body of law can still be wrong; longevity is not an argument.,,,,,,,,,,,,,,,
if-office-can-used,argument,agree,,"Comparative work on state capture finds that where officials profit from decisions, investment and growth fall.",,,,,,,,,,,,,,,
if-office-can-used,argument,disagree,,"The step from ""some officials profit"" to ""decisions are for sale"" is a long one that the argument asserts rather than shows.",,,,,,,,,,,,,,,
rare-principle-supermajority-agreement,argument,agree,,"Program for Public Consultation, University of Maryland, fielded May 2023, n = 2,625 registered voters.",,,,,,,,,,,,,,,
rare-principle-supermajority-agreement,argument,disagree,,"Agreement on one application does not establish agreement on the principle, and polling majorities are not evidence that a claim is true.",,,,,,,,,,,,,,,
stated-level-principle-decides,argument,agree,,"A member who owns a farm and votes on farm policy gains, and nobody thinks that is corruption.",,,,,,,,,,,,,,,
stated-level-principle-decides,argument,agree,,Every official gains from a healthy economy their votes affect.,,,,,,,,,,,,,,,
stated-level-principle-decides,argument,disagree,,"A principle that does not resolve hard cases still rules out easy ones, and the easy ones are most of the caseload.",,,,,,,,,,,,,,,
taken-literally-bar-anyone,argument,agree,,"Legislators are supposed to represent constituents whose interests they often share, including financial ones.",,,,,,,,,,,,,,,
taken-literally-bar-anyone,argument,disagree,,Every version actually proposed distinguishes a general stake shared with constituents from a specific stake in a decision the official controls.,,,,,,,,,,,,,,,
members-regularly-trade-industries,argument,agree,,"Committee assignments are public and so are transaction reports, so the overlap is directly observable.",,,,,,,,,,,,,,,
members-regularly-trade-industries,argument,agree,,The conflict does not require proving intent: owning the stock is what creates it.,,,,,,,,,,,,,,,
members-regularly-trade-industries,argument,disagree,,Overlap between a portfolio and a committee is not evidence that either the trade or the vote moved.,,,,,,,,,,,,,,,
disclosure-has-failed-check,argument,agree,,Insider counted 78 members of the 117th Congress in violation of the reporting deadline (tally published January 2023).,,,,,,,,,,,,,,,
disclosure-has-failed-check,argument,agree,,"Congress removed the searchable online database requirement for staff filings in April 2013, a year after creating it.",,,,,,,,,,,,,,,
disclosure-has-failed-check,argument,disagree,,"A late filing is a paperwork failure, which is not the same as trading on inside information.",,,,,,,,,,,,,,,
holdings-ban-removes-conflict,argument,agree,,A rule that can be checked from an ownership list needs no investigation of intent.,,,,,,,,,,,,,,,
holdings-ban-removes-conflict,argument,agree,,"Prosecutors closed every 2020 briefing-trade investigation without charges, which is what intent-based rules produce.",,,,,,,,,,,,,,,
holdings-ban-removes-conflict,argument,disagree,,"Removing the conflict at the personal level leaves it at the household and partnership level, so what is removed is the visible part.",,,,,,,,,,,,,,,
federal-reserve-barred-its,argument,agree,,"The Fed rules took effect in May 2022 and cover individual stocks, sector funds, individual bonds, crypto and derivatives, with 45-day advance notice and a one-year holding period.",,,,,,,,,,,,,,,
federal-reserve-barred-its,argument,agree,,"Two regional Fed presidents resigned in 2021 over trading, and the institution adopted the stricter rule rather than a disclosure rule.",,,,,,,,,,,,,,,
federal-reserve-barred-its,argument,disagree,,Fed officials are appointed technocrats with no constituents and no campaigns; the comparison to elected members is imperfect.,,,,,,,,,,,,,,,
trading-closed-briefing-almost,argument,agree,,"The Justice Department closed the Loeffler, Feinstein and Inhofe inquiries in May 2020 and the Burr inquiry in January 2021; the SEC ended its Burr matter in January 2023. No charges were brought in any of them.",,,,,,,,,,,,,,,
trading-closed-briefing-almost,argument,disagree,,That no charges followed is consistent with there having been nothing to charge.,,,,,,,,,,,,,,,
best-identified-studies-actual,argument,agree,,Eggers and Hainmueller (2013) found underperformance of roughly 2 to 3 percent a year over 2004 to 2008.,,,,,,,,,,,,,,,
best-identified-studies-actual,argument,agree,,Belmont and coauthors (2022) found no evidence of superior performance over 2012 to 2020.,,,,,,,,,,,,,,,
best-identified-studies-actual,argument,disagree,,"Average portfolio returns can be mediocre while a small number of trades around specific votes are highly abnormal, which is what the 2025 study of trades placed before legislative events reports.",,,,,,,,,,,,,,,
ban-official-leaves-conflict,argument,agree,,"Most introduced bills cover the member, the spouse and dependent children but not privately held partnerships or trusts whose holdings are not itemized.",,,,,,,,,,,,,,,
ban-official-leaves-conflict,argument,disagree,,"The 2022 Federal Reserve rule covers the official and immediate family and does reach crypto and derivatives, so the gap is a drafting choice rather than a limit of the approach.",,,,,,,,,,,,,,,
forced-divestiture-imposes-real,argument,agree,,Selling on a schedule set by law rather than by the holder can realize gains at a bad time and trigger tax.,,,,,,,,,,,,,,,
forced-divestiture-imposes-real,argument,disagree,,"Executive branch appointees already use certificates of divestiture to defer capital gains on forced sales, so the tax cost is a solved problem.",,,,,,,,,,,,,,,
forced-divestiture-imposes-real,argument,disagree,,"Congress is already far wealthier than the country it represents, so the rule mainly inconveniences people who are not of ordinary means.",,,,,,,,,,,,,,,
members-keep-property-rights,argument,agree,,No court has held that taking office forfeits ordinary property rights.,,,,,,,,,,,,,,,
members-keep-property-rights,argument,disagree,,"Every federal employee below the president is already subject to the criminal conflict-of-interest statute, and judges, military officers and Fed officials accept holding restrictions.",,,,,,,,,,,,,,,
members-keep-property-rights,argument,disagree,,"Nobody is compelled to take the office, and the restriction attaches to the office rather than to the person.",,,,,,,,,,,,,,,
congress-will-enforce-ban,argument,agree,,"The STOCK Act is the precedent: Congress passed it, then weakened the disclosure provision a year later and left the penalty at $200.",,,,,,,,,,,,,,,
congress-will-enforce-ban,argument,disagree,,"A ban can be enforced by anyone reading an ownership list, unlike a reporting rule that depends on the ethics committees.",,,,,,,,,,,,,,,
congress-will-enforce-ban,argument,disagree,,"A penalty scaled to the value of the trade, rather than a flat fee, removes the discretion that made the STOCK Act toothless.",,,,,,,,,,,,,,,
senators-stock-purchases-beat,argument,agree,,"Portfolio-level calendar-time analysis of Senate disclosure filings, published in a peer-reviewed finance journal.",,,,,,,,,,,,,,,
senators-stock-purchases-beat,argument,disagree,,"The period ends in 1998, long before the STOCK Act, so it describes a regime that no longer exists.",,,,,,,,,,,,,,,
senators-stock-purchases-beat,argument,disagree,,Disclosure ranges rather than exact amounts force assumptions about position size.,,,,,,,,,,,,,,,
trades-placed-before-legislative,argument,agree,,"Post-STOCK Act window, and it conditions on the event rather than averaging the whole portfolio.",,,,,,,,,,,,,,,
trades-placed-before-legislative,argument,disagree,,"Event-conditioned studies invite specification choices about which events count, and the result has not been replicated.",,,,,,,,,,,,,,,
78-members-117th-congress,argument,agree,,"Counted from the filings themselves, which are public and checkable.",,,,,,,,,,,,,,,
78-members-117th-congress,argument,disagree,,"Counts late paperwork rather than improper trading, and the two are being conflated by everyone who cites it.",,,,,,,,,,,,,,,
131-federal-judges-heard,argument,agree,,"Matched financial disclosures against case dockets, and the paper published the case list.",,,,,,,,,,,,,,,
131-federal-judges-heard,argument,agree,,"Congress responded within a year with the Courthouse Ethics and Transparency Act, which suggests the finding was accepted as accurate.",,,,,,,,,,,,,,,
131-federal-judges-heard,argument,disagree,,"Judges are bound by a recusal statute Congress is not, so what it shows is that disclosure without a holding rule fails in a different institution.",,,,,,,,,,,,,,,
federal-reserve-officials-have,argument,agree,,The rule text is published and the effective dates are documented.,,,,,,,,,,,,,,,
federal-reserve-officials-have,argument,disagree,,Four years is not long enough to show the rule did not deter qualified candidates from Fed positions.,,,,,,,,,,,,,,,
congressional-portfolios-underperformed-market,argument,agree,,"Larger sample and better matched benchmarks than the earlier Senate study, and it also reexamined the earlier period.",,,,,,,,,,,,,,,
congressional-portfolios-underperformed-market,argument,disagree,,"Average returns can hide a small set of well-timed trades, which is the thing the belief is actually about.",,,,,,,,,,,,,,,
no-evidence-members-congress,argument,agree,,"Covers exactly the post-reform period the belief is about, using the transaction reports the STOCK Act created.",,,,,,,,,,,,,,,
no-evidence-members-congress,argument,disagree,,"If disclosure already ended the advantage, that is an argument for keeping disclosure, not evidence that ownership creates no conflict in voting.",,,,,,,,,,,,,,,
five-years-after-ban,argument,agree,,"Compliance with holding rules is high in the executive branch and at the Fed, where the rule is checkable.",,,,,,,,,,,,,,,
five-years-after-ban,argument,disagree,,"Holdings can move to entities that report as a single line item, so ""near zero"" may measure reporting rather than ownership.",,,,,,,,,,,,,,,
public-trust-congress-five,argument,agree,,"Trust in Congress is measured the same way annually, so a trend break is detectable.",,,,,,,,,,,,,,,
public-trust-congress-five,argument,disagree,,"Congressional approval is driven by partisan control and the economy, which would swamp an ethics rule.",,,,,,,,,,,,,,,
public-trust-congress-five,argument,disagree,,This is the prediction most likely to fail even if the belief is true.,,,,,,,,,,,,,,,
jurisdiction-adopts-holdings-ban,argument,agree,,"The comparison is possible today with state legislature data, where holding rules already vary.",,,,,,,,,,,,,,,
jurisdiction-adopts-holdings-ban,argument,disagree,,"No one has yet assembled matched holdings and roll-call data across states, so the study does not exist.",,,,,,,,,,,,,,,
reported-conflicts-migrate-spouse,argument,agree,,Every previous restriction on officials' finances has produced substitution into less visible vehicles.,,,,,,,,,,,,,,,
reported-conflicts-migrate-spouse,argument,disagree,,"Bills that cover spouses and dependent children remove the easiest substitution, and the Fed rule shows the drafting can be tightened further.",,,,,,,,,,,,,,,
share-incoming-members-whose,argument,agree,,"A rule that forces divestiture is cheapest for people who hold no individual stocks, which includes both the very wealthy with diversified funds and people with nothing.",,,,,,,,,,,,,,,
share-incoming-members-whose,argument,disagree,,"Congress is already far wealthier than the country, so there is little headroom for this to rise.",,,,,,,,,,,,,,,
post-reform-studies-continue,argument,agree,,Two of the three post-2012 studies already find no advantage.,,,,,,,,,,,,,,,
post-reform-studies-continue,argument,disagree,,"A finding of no trading advantage would leave the voting-conflict argument untouched, so it cannot settle the belief.",,,,,,,,,,,,,,,
members-stop-voting-industries,argument,agree,,"If the holding is gone, the specific conflict on that vote is gone by construction.",,,,,,,,,,,,,,,
members-stop-voting-industries,argument,disagree,,"Members may still hold the interest through a spouse or a fund, so the reduction is smaller than the holdings change suggests.",,,,,,,,,,,,,,,
officials-stop-placing-trades,argument,agree,,You cannot trade what you cannot own.,,,,,,,,,,,,,,,
officials-stop-placing-trades,argument,disagree,,"The studies disagree about how much of this is happening now, so the base the reduction applies to is uncertain.",,,,,,,,,,,,,,,
voters-can-tell-compromised,argument,agree,,A bright-line ownership rule is checkable by any citizen reading a filing.,,,,,,,,,,,,,,,
voters-can-tell-compromised,argument,disagree,,"Trust in Congress has fallen through four decades of ethics reforms, so the historical link between rules and trust is weak.",,,,,,,,,,,,,,,
officials-get-one-rule,argument,agree,,"78 members of one Congress missed a deadline under the current regime, which is evidence that it is hard to comply with or easy to ignore.",,,,,,,,,,,,,,,
officials-get-one-rule,argument,disagree,,"A ban adds preclearance and divestiture paperwork of its own, as the Fed rule shows.",,,,,,,,,,,,,,,
officials-sell-holdings-schedule,argument,agree,,Forced sales realize gains that a holder would otherwise defer.,,,,,,,,,,,,,,,
officials-sell-holdings-schedule,argument,disagree,,"Certificates of divestiture already let executive branch appointees defer those gains, and the same mechanism can be extended.",,,,,,,,,,,,,,,
mid-career-professionals-savings,argument,agree,,Any added cost of holding office deters at the margin.,,,,,,,,,,,,,,,
mid-career-professionals-savings,argument,disagree,,"Diversified funds remain permitted under every serious proposal, so the deterred group is people who specifically want to pick stocks while legislating.",,,,,,,,,,,,,,,
officeholders-lose-income-currently,argument,agree,,"If the trading advantage documented for 1993 to 1998 still exists at any scale, a ban removes it.",,,,,,,,,,,,,,,
officeholders-lose-income-currently,argument,disagree,,"Two of three post-2012 studies find no advantage, so the income being lost may be near zero.",,,,,,,,,,,,,,,
members-divest-move-holdings,argument,agree,,This is what happened at the Fed in 2022.,,,,,,,,,,,,,,,
members-divest-move-holdings,argument,disagree,,"Some officials will hold assets that cannot be sold quickly, such as private partnership interests.",,,,,,,,,,,,,,,
filing-volume-falls-because,argument,agree,,Fewer holdings means fewer periodic transaction reports.,,,,,,,,,,,,,,,
filing-volume-falls-because,argument,disagree,,Preclearance filings replace transaction filings.,,,,,,,,,,,,,,,
conflict-complaints-shift-trading,argument,agree,,Whatever is left uncovered becomes the new focus of complaints.,,,,,,,,,,,,,,,
conflict-complaints-shift-trading,argument,disagree,,That is a sign the rule worked on what it covered.,,,,,,,,,,,,,,,
rule-becomes-unremarkable-judicial,argument,agree,,Restrictions on judges and executive appointees are no longer politically contested.,,,,,,,,,,,,,,,
rule-becomes-unremarkable-judicial,argument,disagree,,"Those restrictions apply to appointed officials, not to elected ones who can repeal them.",,,,,,,,,,,,,,,
officials-financial-holdings-currently,argument,agree,,Members hold stock in industries their committees oversee at rates higher than chance.,,,,,,,,,,,,,,,
officials-financial-holdings-currently,argument,agree,,"The 2025 event study finds abnormal returns concentrated around legislative events, which is influence running in the other direction.",,,,,,,,,,,,,,,
officials-financial-holdings-currently,argument,disagree,,"No study has shown a member's vote changing with their holdings after controlling for party and constituency, which are the dominant predictors.",,,,,,,,,,,,,,,
removing-holding-removes-influence,argument,agree,,"The Fed rule covers immediate family, which closes the largest substitution channel.",,,,,,,,,,,,,,,
removing-holding-removes-influence,argument,disagree,,"The revolving door is the largest uncovered channel, and no holdings rule touches it.",,,,,,,,,,,,,,,
removing-holding-removes-influence,argument,disagree,,Every previous financial restriction on officials has produced substitution into less visible vehicles.,,,,,,,,,,,,,,,
holdings-ban-can-enacted,argument,agree,,"The House passed a trading ban 232 to 198 in July 2026, the first time either chamber has voted one through.",,,,,,,,,,,,,,,
holdings-ban-can-enacted,argument,agree,,"The Fed, the judiciary and the executive branch all operate under holding or recusal rules today.",,,,,,,,,,,,,,,
holdings-ban-can-enacted,argument,disagree,,"The Senate has not voted, and the STOCK Act precedent is that Congress weakens its own ethics rules after passing them.",,,,,,,,,,,,,,,
reducing-conflicts-worth-narrower,argument,agree,,The cost falls on a few hundred officials and the benefit is claimed for the public.,,,,,,,,,,,,,,,
reducing-conflicts-worth-narrower,argument,disagree,,"Whether it is worth it depends on how large the conflict effect is, which is exactly what is disputed.",,,,,,,,,,,,,,,
officials-respond-financial-incentives,argument,agree,,This is the assumption behind every conflict-of-interest rule in federal law.,,,,,,,,,,,,,,,
officials-respond-financial-incentives,argument,disagree,,Most officials appear to vote their party and their district regardless of holdings.,,,,,,,,,,,,,,,
disclosure-alone-sufficient-when,argument,agree,,"Enforced disclosure works in other professions, such as securities analysts.",,,,,,,,,,,,,,,
disclosure-alone-sufficient-when,argument,disagree,,"The STOCK Act has not been enforced in fourteen years, so ""actually enforced"" describes no regime that exists.",,,,,,,,,,,,,,,
both-sides-want-officials,argument,agree,,"Even opponents of a ban argue about the means, not about whether self-dealing is acceptable.",,,,,,,,,,,,,,,
both-sides-want-officials,argument,disagree,,"Some officials have defended trading on the merits, so the agreement is not universal.",,,,,,,,,,,,,,,
bar-individual-stocks-sector,argument,agree,,"Each element already exists somewhere in federal practice: the Fed rule, certificates of divestiture, and scaled securities penalties.",,,,,,,,,,,,,,,
bar-individual-stocks-sector,argument,agree,,"It answers the two strongest objections, the drafting gaps and the divestiture cost, without weakening the rule.",,,,,,,,,,,,,,,
bar-individual-stocks-sector,argument,disagree,,"Extending the rule to spouses is the provision most likely to be stripped, and it is the one that does the work.",,,,,,,,,,,,,,,
advertised-reason-what-actually,argument,agree,,The ETHICS Act was reported out of committee in December 2024 and died without a floor vote.,,,,,,,,,,,,,,,
advertised-reason-what-actually,argument,disagree,,"The House actually passed a ban in July 2026, which is not the behavior of a caucus looking for a symbolic vote.",,,,,,,,,,,,,,,
advertised-reason-what-actually-2,argument,agree,,Opposition tracks portfolio activity more closely than any stated principle.,,,,,,,,,,,,,,,
advertised-reason-what-actually-2,argument,disagree,,"Several members with no individual holdings have raised the same constitutional objection, so the interest does not predict the position perfectly.",,,,,,,,,,,,,,,
people-who-bound-people,argument,agree,,The Senate has not scheduled a vote on the bill the House passed in July 2026.,,,,,,,,,,,,,,,
people-who-bound-people,argument,disagree,,The House vote shows that the barrier is not absolute.,,,,,,,,,,,,,,,
opponents-cannot-point-benefit,argument,agree,,"Every stated benefit, savings and market participation, is available through index funds.",,,,,,,,,,,,,,,
opponents-cannot-point-benefit,argument,disagree,,Picking individual stocks is a lawful activity that does not require a justification to be permitted.,,,,,,,,,,,,,,,
scandal-salience-handful-vivid,argument,agree,,The 2020 briefing trades are cited far more often than any systematic finding.,,,,,,,,,,,,,,,
scandal-salience-handful-vivid,argument,disagree,,Vivid cases can also be the first observation of a real pattern.,,,,,,,,,,,,,,,
self-interest-status-quo,argument,agree,,The people making the argument are the people who hold the assets.,,,,,,,,,,,,,,,
self-interest-status-quo,argument,disagree,,"An argument is not refuted by who makes it, and the property-rights objection stands on its own.",,,,,,,,,,,,,,,
stock-act-2012-made,argument,agree,,"Signed April 4, 2012.",,,,,,,,,,,,,,,
stock-act-2012-made,argument,disagree,,Its disclosure provision for staff was repealed in April 2013 and its penalty is a $200 fee.,,,,,,,,,,,,,,,
courthouse-ethics-transparency-act,argument,agree,,"Signed May 13, 2022, ten months after the Wall Street Journal investigation.",,,,,,,,,,,,,,,
courthouse-ethics-transparency-act,argument,disagree,,"Reporting, not a holdings ban, which is the thing at issue here.",,,,,,,,,,,,,,,
criminal-conflict-interest-statute,argument,agree,,18 U.S.C. 202(c) excludes them from the definition of officer and employee for that statute.,,,,,,,,,,,,,,,
criminal-conflict-interest-statute,argument,disagree,,"That is the gap the belief proposes to close, so it is an argument for the proposal rather than against it.",,,,,,,,,,,,,,,
citizens-keep-ordinary-rights,argument,agree,,Constitutional rights are not forfeited by public employment.,,,,,,,,,,,,,,,
citizens-keep-ordinary-rights,argument,disagree,,Conditions attached to a voluntary office are not a forfeiture of rights.,,,,,,,,,,,,,,,
senior-executive-branch-officials,argument,agree,,"They already face the criminal conflict-of-interest statute, so the holding rule is a smaller step for them than for Congress.",,,,,,,,,,,,,,,
senior-executive-branch-officials,argument,disagree,,"Appointees serve at will and can be removed, which is a check elected members do not face.",,,,,,,,,,,,,,,
congressional-staff-access-nonpublic,argument,agree,,Staff see the same information and face weaker disclosure than members.,,,,,,,,,,,,,,,
congressional-staff-access-nonpublic,argument,disagree,,Staff are paid far less than members and rely on savings the rule would restrict.,,,,,,,,,,,,,,,
members-congress-barred-owning,argument,agree,,It closes the private-partnership and real-estate gaps that a stock-only ban leaves open.,,,,,,,,,,,,,,,
members-congress-barred-owning,argument,disagree,,"It would force members to sell family businesses and farms, which is a different and much larger policy.",,,,,,,,,,,,,,,
members-congress-required-place,argument,agree,,It preserves the holding while removing the official's control over trades.,,,,,,,,,,,,,,,
members-congress-required-place,argument,disagree,,"A blind trust is not blind at inception: the official knows the assets that went in until the trustee reports their sale, which the Congressional Research Service identifies as the central weakness.",,,,,,,,,,,,,,,
senators-jeff-merkley-josh,argument,agree,,"The ETHICS Act, S.1171 in the 118th Congress, was reported out of the Homeland Security Committee in December 2024.",,,,,,,,,,,,,,,
senators-jeff-merkley-josh,argument,disagree,,"Sponsorship is a public position, not evidence about the belief.",,,,,,,,,,,,,,,
representatives-chip-roy-seth,argument,agree,,The Restore Trust in Congress Act and the TRUST in Congress Act together carry more than 200 cosponsors from both parties.,,,,,,,,,,,,,,,
representatives-chip-roy-seth,argument,disagree,,Cosponsorship is cheap; the July 2026 floor vote is the meaningful datum.,,,,,,,,,,,,,,,
speaker-nancy-pelosi-said,argument,agree,,"The statement was made at a press conference on December 15, 2021 and is on the record.",,,,,,,,,,,,,,,
speaker-nancy-pelosi-said,argument,disagree,,"She subsequently supported bringing a bill forward, so the quotation does not describe a settled position.",,,,,,,,,,,,,,,
anti-nepotism-statute-stops,argument,agree,,"The Office of Legal Counsel concluded in January 2017 that 3 U.S.C. 105, which lets the president appoint White House staff ""without regard to any other provision of law,"" exempts those appointments from the anti-nepotism statute.",,,,,,,,,,,,,,,
anti-nepotism-statute-stops,argument,agree,,The D.C. Circuit said in 1993 that it doubted Congress meant to include the White House in the statute at all.,,,,,,,,,,,,,,,
anti-nepotism-statute-stops,argument,disagree,,"The 1993 statement was dicta in a case about something else, and the 2017 opinion binds only the executive branch, so the gap is arguable rather than settled.",,,,,,,,,,,,,,,
relative-cannot-supervised-disciplined,argument,agree,,Every other federal employee has a chain of command that ends somewhere other than a parent or a spouse.,,,,,,,,,,,,,,,
relative-cannot-supervised-disciplined,argument,agree,,Career staff who would challenge another adviser face a different calculation when the adviser is family.,,,,,,,,,,,,,,,
relative-cannot-supervised-disciplined,argument,disagree,,"White House advisers serve at the president's pleasure regardless of relation, so no adviser is really supervised in the ordinary sense.",,,,,,,,,,,,,,,
official-role-gives-family,argument,agree,,A relative in an envoy or ambassadorial post is a point of contact whose family holds private business interests in the same regions.,,,,,,,,,,,,,,,
official-role-gives-family,argument,agree,,"The receiving government cannot separate the official role from the family relationship, and has no reason to try.",,,,,,,,,,,,,,,
official-role-gives-family,argument,disagree,,"This is a conflict-of-interest problem that divestiture and recusal rules address directly, without a bar on service.",,,,,,,,,,,,,,,
rule-already-applies-every,argument,agree,,5 U.S.C. 3110 has barred officials from appointing relatives in the agencies they control since 1967.,,,,,,,,,,,,,,,
rule-already-applies-every,argument,agree,,House rules separately bar a member from keeping a spouse in a paid position on official staff.,,,,,,,,,,,,,,,
rule-already-applies-every,argument,disagree,,"Ambassadorships and envoy posts sit outside the White House Office, so they are already covered by the existing statute if anything is, which means the gap is in enforcement rather than in coverage.",,,,,,,,,,,,,,,
formal-appointment-what-brings,argument,agree,,"Ivanka Trump and Jared Kushner became subject to the criminal conflict-of-interest statute, the Hatch Act, the Presidential Records Act and public financial disclosure only when they became federal employees in 2017.",,,,,,,,,,,,,,,
formal-appointment-what-brings,argument,agree,,"Their July 2017 disclosures reported assets of up to roughly $762 million, which no rule would have required of a private adviser.",,,,,,,,,,,,,,,
formal-appointment-what-brings,argument,agree,,"An informal adviser leaves no record, takes no oath and files nothing.",,,,,,,,,,,,,,,
formal-appointment-what-brings,argument,disagree,,"The choice is not between a formal role and an informal one; a bar could reach anyone performing official functions regardless of title, which is what the proposal says.",,,,,,,,,,,,,,,
problem-people-actually-point,argument,agree,,"The recurring controversies in both parties involve relatives' private ventures, consulting and board seats, not official duties.",,,,,,,,,,,,,,,
problem-people-actually-point,argument,agree,,"Campaign committees may pay relatives at fair market value, and 81 federal candidates paid a combined $1.3 million in wages to people sharing their surname in the 2020 cycle, all outside any official-duty rule.",,,,,,,,,,,,,,,
problem-people-actually-point,argument,disagree,,That a proposal does not solve every adjacent problem is not an argument that it solves nothing.,,,,,,,,,,,,,,,
president-entitled-advisers-he,argument,agree,,The 2017 OLC opinion rests on a statute Congress wrote giving the president unusually free rein over White House staffing.,,,,,,,,,,,,,,,
president-entitled-advisers-he,argument,agree,,Courts have been reluctant to police the president's choice of advisers.,,,,,,,,,,,,,,,
president-entitled-advisers-he,argument,disagree,,"Congress created that staffing latitude and can narrow it, and ambassadors require Senate confirmation regardless.",,,,,,,,,,,,,,,
competence-neither-inherited-nor,argument,agree,,Some relatives of officials have relevant qualifications independent of the relationship.,,,,,,,,,,,,,,,
competence-neither-inherited-nor,argument,disagree,,The bar is not a judgment about ability; it is a rule about the structural problem of an unsupervisable subordinate.,,,,,,,,,,,,,,,
competence-neither-inherited-nor,argument,disagree,,Anyone qualified can serve in any administration other than their relative's.,,,,,,,,,,,,,,,
justice-department-concluded-federal,argument,agree,,The opinion is published and was relied upon for an actual appointment.,,,,,,,,,,,,,,,
justice-department-concluded-federal,argument,disagree,,"An OLC opinion is the executive branch's view of its own powers, not a judicial holding.",,,,,,,,,,,,,,,
relatives-marriage-have-held,argument,agree,,Nominations and designations are documented in the public record.,,,,,,,,,,,,,,,
relatives-marriage-have-held,argument,agree,,"These posts sit outside the White House Office, so the 2017 staffing rationale does not cover them.",,,,,,,,,,,,,,,
relatives-marriage-have-held,argument,disagree,,"Senate confirmation is itself a check that White House staffing lacks, so the clearest cases are the ones with the most oversight.",,,,,,,,,,,,,,,
relatives-who-became-federal,argument,agree,,The filings are public and the amendments are on the record.,,,,,,,,,,,,,,,
relatives-who-became-federal,argument,agree,,None of it would have been disclosed by a private adviser with the same access.,,,,,,,,,,,,,,,
relatives-who-became-federal,argument,disagree,,"That disclosure was necessary at all is a point about the size of the conflict, not an argument for keeping relatives inside government.",,,,,,,,,,,,,,,
federal-candidates-paid-combined,argument,agree,,Compiled from Federal Election Commission disbursement filings.,,,,,,,,,,,,,,,
federal-candidates-paid-combined,argument,disagree,,Campaign payments for real work at market rates are lawful and are a different practice from performing government functions.,,,,,,,,,,,,,,,
after-bar-takes-effect,argument,agree,,"Appointments are public, so compliance is directly observable.",,,,,,,,,,,,,,,
after-bar-takes-effect,argument,disagree,,"Informal roles leave no record, so the metric would show compliance whether or not behavior changed.",,,,,,,,,,,,,,,
documented-contacts-which-foreign,argument,agree,,Oversight letters and IG referrals are a countable record.,,,,,,,,,,,,,,,
documented-contacts-which-foreign,argument,disagree,,"The count measures oversight activity, which tracks which party holds the majority more than it tracks conduct.",,,,,,,,,,,,,,,
relatives-continue-shape-policy,argument,agree,,Nothing prevents a president from taking advice from a relative at dinner.,,,,,,,,,,,,,,,
relatives-continue-shape-policy,argument,agree,,"This is what the 2017 arrangement was designed to avoid, and it is what a bar would restore.",,,,,,,,,,,,,,,
relatives-continue-shape-policy,argument,disagree,,A rule written around function rather than title reaches an informal adviser who performs official duties.,,,,,,,,,,,,,,,
official-decisions-stop-being,argument,agree,,The count is observable from staff lists.,,,,,,,,,,,,,,,
official-decisions-stop-being,argument,disagree,,"Presidential advisers are all removable at will, so the ordinary chain of command is already thin.",,,,,,,,,,,,,,,
foreign-governments-lose-contact,argument,agree,,Removing the official role removes the official reason for the contact.,,,,,,,,,,,,,,,
foreign-governments-lose-contact,argument,disagree,,A former relative-adviser remains a known channel whether or not they hold a post.,,,,,,,,,,,,,,,
career-staff-can-raise,argument,agree,,Federal employee viewpoint surveys already measure willingness to report without fear.,,,,,,,,,,,,,,,
career-staff-can-raise,argument,disagree,,"The survey has never been run on White House staff, so the baseline does not exist.",,,,,,,,,,,,,,,
president-loses-advisers-he,argument,agree,,Trust between a principal and an adviser has real value that is hard to replace.,,,,,,,,,,,,,,,
president-loses-advisers-he,argument,disagree,,Trust that cannot survive being unrelated to the president is not obviously the kind worth protecting.,,,,,,,,,,,,,,,
qualified-people-excluded-public,argument,agree,,The bar is categorical and takes no account of qualifications.,,,,,,,,,,,,,,,
qualified-people-excluded-public,argument,disagree,,They remain eligible for every administration other than their relative's.,,,,,,,,,,,,,,,
influence-moves-informal-channels,argument,agree,,This is the documented consequence of the pre-2017 arrangement.,,,,,,,,,,,,,,,
influence-moves-informal-channels,argument,disagree,,A rule written around function rather than title reaches them.,,,,,,,,,,,,,,,
relative-official-role-creates,argument,agree,,No chain of command reaches a president's child or in-law.,,,,,,,,,,,,,,,
relative-official-role-creates,argument,disagree,,"Formal appointment brought exactly those ethics rules into play in 2017, which is evidence they can reach the conflict.",,,,,,,,,,,,,,,
bar-removes-influence-rather,argument,agree,,A rule reaching anyone who performs an official function does not depend on a title.,,,,,,,,,,,,,,,
bar-removes-influence-rather,argument,disagree,,Advice given privately is not an official function by any definition a statute could enforce.,,,,,,,,,,,,,,,
congress-can-impose-bar,argument,agree,,Congress wrote 3 U.S.C. 105 and can amend it.,,,,,,,,,,,,,,,
congress-can-impose-bar,argument,agree,,Ambassadors and envoys require Senate confirmation or are creatures of statute.,,,,,,,,,,,,,,,
congress-can-impose-bar,argument,disagree,,"A president would likely assert that the choice of personal advisers is beyond congressional reach, and the question has never been litigated.",,,,,,,,,,,,,,,
both-sides-want-relatives,argument,agree,,"The disclosure argument is made by opponents of the bar, which means both sides want the disclosure.",,,,,,,,,,,,,,,
both-sides-want-relatives,argument,disagree,,"Supporters want the relative out, not merely disclosed, so the agreement is narrower than it looks.",,,,,,,,,,,,,,,
bar-relatives-senate-confirmed,argument,agree,,"It takes the strongest argument from each side: the structural bar where confirmation applies, and the disclosure regime everywhere else.",,,,,,,,,,,,,,,
bar-relatives-senate-confirmed,argument,disagree,,"A function test invites litigation over every conversation, which is why no statute has tried it.",,,,,,,,,,,,,,,
relatives-president-barred-senate,argument,agree,,It keeps the disclosure benefit while removing the posts that carry independent authority.,,,,,,,,,,,,,,,
relatives-president-barred-senate,argument,disagree,,Unpaid advisers with access are the arrangement that caused the original objection.,,,,,,,,,,,,,,,
return-shows-what-financial,argument,agree,,"The disclosure form reports assets and income in broad ranges, with a top band of ""over $50,000,000.""",,,,,,,,,,,,,,,
return-shows-what-financial,argument,agree,,"Character of income is what revealed how one presidential candidate's wealth was structured in 2012, and the disclosure form does not carry it.",,,,,,,,,,,,,,,
return-shows-what-financial,argument,disagree,,"Conflict screening needs to know what an official owns, which the disclosure form does carry, more than it needs to know what rate they paid.",,,,,,,,,,,,,,,
internal-check-failed-one,argument,agree,,"The Ways and Means Committee reported in December 2022 that the program, required by the Internal Revenue Manual since 1977, was ""dormant, at best,"" and that the 2015 and 2016 audit opened on April 3, 2019, the day the chairman sent his request.",,,,,,,,,,,,,,,
internal-check-failed-one,argument,agree,,Only one of the six years was completed while the president was in office.,,,,,,,,,,,,,,,
internal-check-failed-one,argument,disagree,,"One administration is one data point, and the audit program has no statutory backing to fail against.",,,,,,,,,,,,,,,
every-president-carter-through,argument,agree,,"The practice began after Nixon released his returns in December 1973 and the Joint Committee on Taxation found roughly $465,000 in back taxes owed.",,,,,,,,,,,,,,,
every-president-carter-through,argument,agree,,A norm that survived nine presidencies and then failed is the standard case for codifying it.,,,,,,,,,,,,,,,
every-president-carter-through,argument,disagree,,"A voluntary norm that a president may decline is different in kind from a legal command, and the case for the first is not automatically a case for the second.",,,,,,,,,,,,,,,
published-return-can-checked,argument,agree,,"The IRS commissioner is a presidential appointee, which is the structural problem the audit episode illustrates.",,,,,,,,,,,,,,,
published-return-can-checked,argument,agree,,Journalists and accountants found the significant items in the 2022 release within days.,,,,,,,,,,,,,,,
published-return-can-checked,argument,disagree,,Public review is not adjudication; it produces contested interpretations rather than findings.,,,,,,,,,,,,,,,
return-shows-tax-positions,argument,agree,,The Ethics in Government Act form was designed for this purpose and is filed annually by every senior official.,,,,,,,,,,,,,,,
return-shows-tax-positions,argument,agree,,Nothing on a return identifies which decisions an official participates in.,,,,,,,,,,,,,,,
return-shows-tax-positions,argument,disagree,,"Ranges hide magnitude, and magnitude is what distinguishes a nominal interest from a controlling one.",,,,,,,,,,,,,,,
return-shows-tax-positions,argument,disagree,,"The form does not show foreign income or the identity of lenders, which are the two conflicts people most want to see.",,,,,,,,,,,,,,,
publication-exposes-spouses-children,argument,agree,,A joint return contains the spouse's complete finances.,,,,,,,,,,,,,,,
publication-exposes-spouses-children,argument,agree,,Pass-through entities name partners who hold no office.,,,,,,,,,,,,,,,
publication-exposes-spouses-children,argument,disagree,,"Filing separately, or redacting identified third parties, answers most of this without giving up the disclosure.",,,,,,,,,,,,,,,
route-constitutionally-narrow-disclosure,argument,agree,,The California Supreme Court struck the state's five-year return requirement for presidential primary candidates in November 2019.,,,,,,,,,,,,,,,
route-constitutionally-narrow-disclosure,argument,disagree,,"That decision rested on the California constitution's ballot-access provision and expressly did not reach federal questions, so it says little about a federal statute imposing a duty on officeholders rather than a condition on candidates.",,,,,,,,,,,,,,,
sophisticated-wealth-sits-pass,argument,agree,,"A personal return reports a distributive share, not the entity's transactions or counterparties.",,,,,,,,,,,,,,,
sophisticated-wealth-sits-pass,argument,agree,,"The 2022 release required the related business returns to be informative, and those are not what any proposal would publish.",,,,,,,,,,,,,,,
sophisticated-wealth-sits-pass,argument,disagree,,"A proposal can require the related entity returns, as the committee obtained them in 2022.",,,,,,,,,,,,,,,
mandatory-irs-audit-presidential,argument,agree,,The committee obtained the returns under 26 U.S.C. 6103(f) and published its findings with them.,,,,,,,,,,,,,,,
mandatory-irs-audit-presidential,argument,disagree,,"A committee report by the opposing party is an interested source, though the audit dates are documentary.",,,,,,,,,,,,,,,
nixon-released-his-returns,argument,agree,,A nonpartisan committee of Congress reviewed them and published the result.,,,,,,,,,,,,,,,
nixon-released-his-returns,argument,disagree,,"It shows that voluntary release plus expert review worked, which is an argument for the norm rather than for a statute.",,,,,,,,,,,,,,,
public-financial-disclosure-form,argument,agree,,The form and its instructions are published by the agency that administers it.,,,,,,,,,,,,,,,
public-financial-disclosure-form,argument,disagree,,"Ranges are the whole objection, and the top range is open-ended above $50 million.",,,,,,,,,,,,,,,
state-law-requiring-five,argument,agree,,"A unanimous state supreme court decision, published.",,,,,,,,,,,,,,,
state-law-requiring-five,argument,disagree,,"It turned on a state ballot-access clause and expressly did not reach the federal constitutional questions, so it does not govern a federal disclosure duty.",,,,,,,,,,,,,,,
within-two-election-cycles,argument,agree,,The 2022 release produced findings within days of publication.,,,,,,,,,,,,,,,
within-two-election-cycles,argument,disagree,,"Officials who expect publication will structure their affairs to be unremarkable, which is partly the point and partly a reason the prediction fails.",,,,,,,,,,,,,,,
published-returns-add-nothing,argument,agree,,The form is designed for conflict screening and the return is not.,,,,,,,,,,,,,,,
published-returns-add-nothing,argument,disagree,,The 2022 release contained foreign income and loss carryforwards the form did not carry.,,,,,,,,,,,,,,,
foreign-income-lender-relationships,argument,agree,,Returns report foreign income and foreign tax credits that the disclosure form does not.,,,,,,,,,,,,,,,
foreign-income-lender-relationships,argument,disagree,,"Entity-level returns, not personal ones, carry the detail that matters.",,,,,,,,,,,,,,,
voters-can-judge-official,argument,agree,,Publication precedes the election; investigations follow it by years.,,,,,,,,,,,,,,,
voters-can-judge-official,argument,disagree,,"Most voters will never read a return, so the benefit runs through intermediaries.",,,,,,,,,,,,,,,
audit-president-stops-depending,argument,agree,,Public returns are reviewed by everyone whether or not the agency acts.,,,,,,,,,,,,,,,
audit-president-stops-depending,argument,disagree,,Public review is not an audit and cannot compel production of anything.,,,,,,,,,,,,,,,
spouses-children-business-partners,argument,agree,,Joint returns and pass-through schedules name them.,,,,,,,,,,,,,,,
spouses-children-business-partners,argument,disagree,,Separate filing and redaction reduce this substantially.,,,,,,,,,,,,,,,
officials-structure-finances-look,argument,agree,,"Anticipated publication changes behavior, which is the standard finding on disclosure regimes.",,,,,,,,,,,,,,,
officials-structure-finances-look,argument,disagree,,Structuring affairs to withstand publication is most of what the rule is trying to achieve.,,,,,,,,,,,,,,,
returns-read-scandal-rather,argument,agree,,The 2022 release produced immediate disputes over items that were lawful.,,,,,,,,,,,,,,,
returns-read-scandal-rather,argument,disagree,,Public argument over lawful tax positions is a legitimate subject for voters.,,,,,,,,,,,,,,,
tax-returns-contain-conflict,argument,agree,,"The two documents can be compared directly, and they were in 2022.",,,,,,,,,,,,,,,
tax-returns-contain-conflict,argument,disagree,,"The form carries assets and positions, which is what recusal rules actually operate on.",,,,,,,,,,,,,,,
publication-changes-what-officials,argument,agree,,Journalists and committees acted on the 2022 release immediately.,,,,,,,,,,,,,,,
publication-changes-what-officials,argument,disagree,,Nothing followed from it: no rule changed and no official was sanctioned.,,,,,,,,,,,,,,,
federal-publication-requirement-officeholders,argument,agree,,Congress already requires extensive financial disclosure from the same officials and no court has disturbed it.,,,,,,,,,,,,,,,
federal-publication-requirement-officeholders,argument,disagree,,A requirement reaching candidates rather than officeholders runs into the qualifications problem the California case flagged.,,,,,,,,,,,,,,,
both-sides-want-conflicts,argument,agree,,"Opponents of publication defend the disclosure form, which means they accept the underlying goal.",,,,,,,,,,,,,,,
both-sides-want-conflicts,argument,disagree,,Some opposition is to disclosure generally rather than to the choice of document.,,,,,,,,,,,,,,,
require-exact-values-rather,argument,agree,,It targets the specific gaps the return fills rather than publishing a document built for another purpose.,,,,,,,,,,,,,,,
require-exact-values-rather,argument,disagree,,"It preserves the audit problem, since the enhanced form is still self-reported.",,,,,,,,,,,,,,,
all-senior-federal-officials,argument,agree,,The same conflict logic applies to anyone with decision authority.,,,,,,,,,,,,,,,
all-senior-federal-officials,argument,disagree,,It multiplies the privacy cost across thousands of people for conflicts that recusal rules already handle.,,,,,,,,,,,,,,,
clemency-only-executive-power,argument,agree,,"Every other executive act can be reversed by statute, defunded, enjoined or undone by a successor. A pardon cannot be undone by anyone.",,,,,,,,,,,,,,,
clemency-only-executive-power,argument,agree,,"Impeachment has never been used to address a pardon, and it would not void one if it were.",,,,,,,,,,,,,,,
clemency-only-executive-power,argument,disagree,,"Finality is the design, not an oversight: a pardon that could be revisited would not settle anything.",,,,,,,,,,,,,,,
pardons-granted-president-s,argument,agree,,"Presidents of both parties have pardoned relatives and close associates, including in December 2020, December 2024 and January 2025.",,,,,,,,,,,,,,,
pardons-granted-president-s,argument,agree,,About 93 percent of one administration's first-term clemency grants bypassed the Justice Department review process that exists to screen petitions on the merits.,,,,,,,,,,,,,,,
pardons-granted-president-s,argument,disagree,,"A pardon of a relative may still be within the power's legitimate scope, and ""private benefit"" is being inferred from the relationship rather than shown.",,,,,,,,,,,,,,,
two-thirds-threshold-means,argument,agree,,"Two thirds of both chambers is the same bar as a veto override and a constitutional amendment proposal, and it is rarely met.",,,,,,,,,,,,,,,
two-thirds-threshold-means,argument,agree,,A threshold that high cannot be reached on a party-line vote in any recent Congress.,,,,,,,,,,,,,,,
two-thirds-threshold-means,argument,disagree,,A threshold that can never be met is not a check; it is a symbol that would sit unused.,,,,,,,,,,,,,,,
two-thirds-threshold-means,argument,disagree,,"It could be met against a president whose party has just lost badly, which is precisely when passions are highest.",,,,,,,,,,,,,,,
most-states-already-put,argument,agree,,"Independent boards hold the clemency power outright in Alabama, Connecticut, Georgia, Idaho, South Carolina and Utah.",,,,,,,,,,,,,,,
most-states-already-put,argument,agree,,"Texas, Pennsylvania, Arizona, Delaware, Oklahoma and Massachusetts require a favorable board recommendation before the governor can act.",,,,,,,,,,,,,,,
most-states-already-put,argument,disagree,,"Those are prior checks by an appointed board, not a subsequent veto by the legislature, which is a different mechanism with different incentives.",,,,,,,,,,,,,,,
article-ii-grants-power,argument,agree,,"Ex parte Garland (1866) held that Congress ""can neither limit the effect of his pardon, nor exclude from its exercise any class of offenders.""",,,,,,,,,,,,,,,
article-ii-grants-power,argument,agree,,Schick v. Reed (1974) held the power flows from the Constitution and cannot be modified by Congress.,,,,,,,,,,,,,,,
article-ii-grants-power,argument,agree,,"The proposals actually introduced are constitutional amendments, not statutes, which concedes the point.",,,,,,,,,,,,,,,
article-ii-grants-power,argument,disagree,,"The belief as stated does not specify a statute, so the amendment route satisfies it.",,,,,,,,,,,,,,,
article-ii-grants-power,argument,disagree,,Some scholars argue Congress may criminalize corrupt pardon transactions without limiting the power itself.,,,,,,,,,,,,,,,
clemency-exists-correct-injustices,argument,agree,,The power was designed for the case where the law has worked an injustice that the majority is content with.,,,,,,,,,,,,,,,
clemency-exists-correct-injustices,argument,agree,,Mass commutations of drug sentences were unpopular when granted and are now widely defended.,,,,,,,,,,,,,,,
clemency-exists-correct-injustices,argument,disagree,,A two-thirds bar protects unpopular mercy: a simple majority could not reverse it.,,,,,,,,,,,,,,,
clemency-exists-correct-injustices,argument,disagree,,The pardons at issue in this debate are not unpopular mercy; they are grants to the president's own circle.,,,,,,,,,,,,,,,
reversible-pardon-pardon-nobody,argument,agree,,Recipients would face an indefinite period in which their conviction could be restored.,,,,,,,,,,,,,,,
reversible-pardon-pardon-nobody,argument,agree,,"Amnesties covering thousands of people would become provisional, which defeats their purpose.",,,,,,,,,,,,,,,
reversible-pardon-pardon-nobody,argument,disagree,,"A time limit, for example sixty days from the grant, removes the indefinite exposure while keeping the check.",,,,,,,,,,,,,,,
narrower-fix-reaches-actual,argument,agree,,"Accepting payment for a pardon is already prosecutable under the federal bribery statute, and a court described such an investigation in an opinion unsealed in December 2020.",,,,,,,,,,,,,,,
narrower-fix-reaches-actual,argument,agree,,Publishing the Pardon Attorney's file would expose the grants that bypassed review without altering the power.,,,,,,,,,,,,,,,
narrower-fix-reaches-actual,argument,disagree,,"No bribery-for-pardon prosecution has ever been brought, so ""already prosecutable"" describes a theory rather than a practice.",,,,,,,,,,,,,,,
narrower-fix-reaches-actual,argument,disagree,,Publication exposes a grant after it is final and reverses nothing.,,,,,,,,,,,,,,,
58-percent-americans-said,argument,agree,,A standard national survey with published crosstabs.,,,,,,,,,,,,,,,
58-percent-americans-said,argument,disagree,,"The partisan split is enormous, so the majority is not the cross-party consensus a constitutional amendment would require.",,,,,,,,,,,,,,,
58-percent-americans-said,argument,disagree,,"Polling measures preference, not whether the change would work.",,,,,,,,,,,,,,,
federal-judge-unsealed-redacted,argument,agree,,A court document describing an actual federal investigation.,,,,,,,,,,,,,,,
federal-judge-unsealed-redacted,argument,disagree,,"Nobody was charged and no names emerged, so it establishes an investigation rather than a scheme.",,,,,,,,,,,,,,,
independent-boards-hold-gate,argument,agree,,A comprehensive survey of every state's clemency structure.,,,,,,,,,,,,,,,
independent-boards-hold-gate,argument,disagree,,"State constitutions are amended easily and federal practice is not, so transplanting the design is the hard part.",,,,,,,,,,,,,,,
supreme-court-held-pardon,argument,agree,,A Supreme Court holding that has stood for 160 years and was reaffirmed in Schick v. Reed (1974).,,,,,,,,,,,,,,,
supreme-court-held-pardon,argument,disagree,,"It forecloses a statute, not a constitutional amendment, and the belief does not specify which.",,,,,,,,,,,,,,,
proposals-let-congress-nullify,argument,agree,,"The bills exist, are bipartisan, and have not advanced.",,,,,,,,,,,,,,,
proposals-let-congress-nullify,argument,disagree,,"Whether Congress will adopt the change says nothing about whether the change would work, which is what the belief claims.",,,,,,,,,,,,,,,
decade-after-override-mechanism,argument,agree,,A president facing possible reversal has a reason to build a record that survives review.,,,,,,,,,,,,,,,
decade-after-override-mechanism,argument,agree,,"Both figures are already published, so the measurement needs no new data collection.",,,,,,,,,,,,,,,
decade-after-override-mechanism,argument,disagree,,"Bypass rates track the individual president more than the rules, and one or two administrations is too small a sample.",,,,,,,,,,,,,,,
override-never-used-because,argument,agree,,"Veto overrides, which need the same margin, succeed a few times a decade at most.",,,,,,,,,,,,,,,
override-never-used-because,argument,agree,,"Pardons of a president's allies are defended by that president's party, which is exactly the third needed to block.",,,,,,,,,,,,,,,
override-never-used-because,argument,disagree,,"An unused check can still deter, which is how most constitutional checks work.",,,,,,,,,,,,,,,
presidents-shift-pre-emptive,argument,agree,,Controversial grants already cluster at the end of terms in both parties.,,,,,,,,,,,,,,,
presidents-shift-pre-emptive,argument,agree,,A successor Congress reversing the previous president's last-day pardons is the scenario most likely to be read as partisan.,,,,,,,,,,,,,,,
presidents-shift-pre-emptive,argument,disagree,,Last-day grants are precisely the ones a sixty-day override window would still reach.,,,,,,,,,,,,,,,
pardons-granted-president-s-2,argument,agree,,Review is the thing that does not currently exist at all.,,,,,,,,,,,,,,,
pardons-granted-president-s-2,argument,disagree,,"Reviewable in theory and reversible in practice are different, given the threshold.",,,,,,,,,,,,,,,
prospect-vote-deters-grants,argument,agree,,Deterrence is how most constitutional checks operate.,,,,,,,,,,,,,,,
prospect-vote-deters-grants,argument,disagree,,"An unusable check deters nobody, and the threshold may make it unusable.",,,,,,,,,,,,,,,
clemency-decisions-return-justice,argument,agree,,A record of review is the natural defense against an override vote.,,,,,,,,,,,,,,,
clemency-decisions-return-justice,argument,disagree,,The process itself is slow and has a five-year waiting rule that many meritorious petitioners cannot satisfy.,,,,,,,,,,,,,,,
unpopular-but-just-clemency,argument,agree,,Mass commutations were unpopular when granted.,,,,,,,,,,,,,,,
unpopular-but-just-clemency,argument,disagree,,A two-thirds bar cannot be met against merely unpopular grants.,,,,,,,,,,,,,,,
recipients-cannot-rely-pardon,argument,agree,,Reliance is the entire legal effect of a pardon.,,,,,,,,,,,,,,,
recipients-cannot-rely-pardon,argument,disagree,,"A fixed window of sixty days bounds this, and no proposal has to leave it open-ended.",,,,,,,,,,,,,,,
every-controversial-clemency-decision,argument,agree,,"Anything that can be voted on will be, particularly in an election year.",,,,,,,,,,,,,,,
every-controversial-clemency-decision,argument,disagree,,"A vote that cannot reach two thirds dies quickly, and the floor time is small.",,,,,,,,,,,,,,,
some-pardons-granted-president,argument,agree,,"Presidents of both parties have pardoned relatives, donors and co-defendants, and the grants are documented.",,,,,,,,,,,,,,,
some-pardons-granted-president,argument,agree,,A federal court described an investigation into an alleged bribery-for-pardon scheme in 2020.,,,,,,,,,,,,,,,
some-pardons-granted-president,argument,disagree,,"Motive is inferred from the relationship in every case cited, and no grant has ever been adjudicated as corrupt.",,,,,,,,,,,,,,,
congressional-override-deter-reverse,argument,agree,,The states that gate clemency do see it exercised more procedurally.,,,,,,,,,,,,,,,
congressional-override-deter-reverse,argument,disagree,,"Pardons of a president's allies are defended by that president's party, which holds well over a third of at least one chamber in every recent Congress.",,,,,,,,,,,,,,,
congressional-override-deter-reverse,argument,disagree,,A check that can never be exercised deters only a president who believes it might be.,,,,,,,,,,,,,,,
override-mechanism-can-enacted,argument,agree,,"The route exists: a constitutional amendment, which is what the introduced proposals are.",,,,,,,,,,,,,,,
override-mechanism-can-enacted,argument,agree,,Bipartisan sponsors introduced exactly this mechanism in December 2025.,,,,,,,,,,,,,,,
override-mechanism-can-enacted,argument,disagree,,"No amendment has been ratified since 1992, and the polling shows 76 percent support among Democrats against 34 percent among Republicans, which is nowhere near three quarters of the states.",,,,,,,,,,,,,,,
override-mechanism-can-enacted,argument,disagree,,"Ex parte Garland forecloses the statutory route entirely, so nothing short of an amendment will do.",,,,,,,,,,,,,,,
both-sides-agree-selling,argument,agree,,"Opponents of an override propose exactly this, so it is common ground rather than a concession.",,,,,,,,,,,,,,,
both-sides-agree-selling,argument,disagree,,Supporters regard publication after the fact as no remedy at all.,,,,,,,,,,,,,,,
require-pardon-attorney-s,argument,agree,,"The sixty-day window answers the reliance objection, and publication answers the process objection without an amendment.",,,,,,,,,,,,,,,
require-pardon-attorney-s,argument,agree,,Splitting the two lets the publication half proceed by statute while the amendment is debated.,,,,,,,,,,,,,,,
require-pardon-attorney-s,argument,disagree,,The half that needs no amendment is the half that reverses nothing.,,,,,,,,,,,,,,,
pardon-power-abolished-replaced,argument,agree,,"It is the state model, which operates in several states today.",,,,,,,,,,,,,,,
pardon-power-abolished-replaced,argument,disagree,,"It removes the power entirely rather than checking it, which is a far larger change than an override.",,,,,,,,,,,,,,,
president-barred-pardoning-relatives,argument,agree,,It reaches the private-gain cases directly and leaves ordinary clemency untouched.,,,,,,,,,,,,,,,
president-barred-pardoning-relatives,argument,agree,,This is what one of the two introduced amendments actually does.,,,,,,,,,,,,,,,
president-barred-pardoning-relatives,argument,disagree,,"It still requires a constitutional amendment, so it carries the same enactment problem with a narrower benefit.",,,,,,,,,,,,,,,
citizens-need-government-decisions,argument,agree,,"A government whose decisions track what enriches the decider is not a government its citizens own, whatever else it does well.",,,,,,,,,Basic need,,,,,,
citizens-need-government-decisions,argument,agree,,The criminal conflict-of-interest statute already imposes exactly this on every executive branch employee below the president.,,,,,,,,,Recognized in law,,,,,,
citizens-need-government-decisions,argument,agree,,"86 percent of registered voters backed a congressional stock trading ban, including 87 percent of Republicans and 88 percent of Democrats (Program for Public Consultation, 2023).",,,,,,,,,Widely held,,,,,,
citizens-need-government-decisions,argument,disagree,,"Enforced strictly it would bar any official who owns anything from voting on anything that touches it, which is a claim on what officials may own.",,,,,,,,,Claim on others' property or choices,,,,,,
citizens-need-government-decisions,argument,disagree,,"The demand is usually raised against the other party's officials, which suggests the operative interest is partisan advantage.",,,,,,,,,Pretext for another aim,,,,,,
investors-need-markets-where,argument,agree,,Insider trading law protects exactly this interest for every other participant in the market.,,,,,,,,,Recognized in law,,,,,,
investors-need-markets-where,argument,agree,,A market in which nobody trades on nonpublic government information costs nobody anything they were entitled to.,,,,,,,,,Asks no transfer from others,,,,,,
investors-need-markets-where,argument,agree,,Everyone with a retirement account is on the other side of these trades.,,,,,,,,,Widely held,,,,,,
investors-need-markets-where,argument,disagree,,"The STOCK Act made insider trading law explicitly applicable to Congress in 2012, so the legal interest is already recognized.",,,,,,,,,Already met,,,,,,
investors-need-markets-where,argument,disagree,,"The measurable harm to any individual investor is close to zero, which is why nobody sues.",,,,,,,,,Held by few,,,,,,
voters-need-enough-information,argument,agree,,"Self-government requires knowing whether the person deciding has been bought, and no other mechanism supplies it.",,,,,,,,,Basic need,,,,,,
voters-need-enough-information,argument,agree,,The Ethics in Government Act of 1978 was passed for this interest and has never been seriously challenged.,,,,,,,,,Recognized in law,,,,,,
voters-need-enough-information,argument,agree,,"It is the shared premise of every disclosure rule in federal, state and local government.",,,,,,,,,Widely held,,,,,,
voters-need-enough-information,argument,disagree,,"Satisfying it fully means publishing the finances of spouses, children and business partners who hold no office.",,,,,,,,,Claim on others' property or choices,,,,,,
voters-need-enough-information,argument,disagree,,"Officials already file annual public disclosures listing assets, income sources, liabilities and positions.",,,,,,,,,Already met,,,,,,
crime-victims-public-need,argument,agree,,"A sentence that can be erased for a price is not a sentence, and the people it was imposed for have no other recourse.",,,,,,,,,Basic need,,,,,,
crime-victims-public-need,argument,agree,,The Justice Department's clemency regulations set published criteria precisely because the power is otherwise unreviewable.,,,,,,,,,Recognized in law,,,,,,
crime-victims-public-need,argument,agree,,"58 percent of Americans say the president grants too many pardons (Economist and YouGov, December 2025).",,,,,,,,,Widely held,,,,,,
crime-victims-public-need,argument,disagree,,Review by the legislature is a claim on a power the Constitution gives to one person alone.,,,,,,,,,Claim on others' choices,,,,,,
crime-victims-public-need,argument,disagree,,"Support for review rises and falls with which party holds the presidency, which is what a pretext looks like.",,,,,,,,,Pretext for another aim,,,,,,
officials-need-rules-can,argument,agree,,"Every official and every staffer subject to these rules holds this interest, across both parties.",,,,,,,,,Widely held,,,,,,
officials-need-rules-can,argument,agree,,"Fair notice of what a rule requires is a general principle of law, not a favor to officials.",,,,,,,,,Recognized in law,,,,,,
officials-need-rules-can,argument,agree,,A clearer rule costs nobody anything; it is a drafting question.,,,,,,,,,Asks no transfer from others,,,,,,
officials-need-rules-can,argument,disagree,,The current rule is not complex: report a transaction within 45 days.,,,,,,,,,Already met,,,,,,
officials-need-rules-can,argument,disagree,,"Complexity is invoked to explain violations that were not accidents, which is why the late filings cluster among active traders.",,,,,,,,,Pretext for another aim,,,,,,
officials-families-need-same,argument,agree,,Property and privacy are not privileges of private life that public service is expected to purchase.,,,,,,,,,Basic need,,,,,,
officials-families-need-same,argument,agree,,Two thirds of households hold the kind of assets these rules restrict.,,,,,,,,,Widely held,,,,,,
officials-families-need-same,argument,agree,,No court has held that taking office forfeits ordinary property rights.,,,,,,,,,Recognized in law,,,,,,
officials-families-need-same,argument,disagree,,"Nobody is compelled to take the office, and the restriction attaches to a job that is voluntary and temporary.",,,,,,,,,Already met,,,,,,
officials-families-need-same,argument,disagree,,The right is invoked to protect one specific income stream and not the many other restrictions officials accept without complaint.,,,,,,,,,Pretext for another aim,,,,,,
country-needs-capable-people,argument,agree,,A government drawn only from people with nothing to divest or everything already in a blind trust is not representative.,,,,,,,,,Basic need,,,,,,
country-needs-capable-people,argument,agree,,It is the shared premise of every argument about who can afford to run.,,,,,,,,,Widely held,,,,,,
country-needs-capable-people,argument,disagree,,"Congress is already much wealthier than the country, so the rule mainly inconveniences people who are not of ordinary means.",,,,,,,,,Already met,,,,,,
country-needs-capable-people,argument,disagree,,The argument is made almost entirely by incumbents who already hold the assets in question.,,,,,,,,,Pretext for another aim,,,,,,
president-needs-clemency-power,argument,agree,,"Article II grants it without a congressional role, and the Supreme Court has twice said Congress cannot limit it.",,,,,,,,,Recognized in law,,,,,,
president-needs-clemency-power,argument,agree,,Mercy that requires majority approval is not mercy: the power exists for the person the majority will not forgive.,,,,,,,,,Basic need,,,,,,
president-needs-clemency-power,argument,disagree,,"The design assumed a president who would answer politically for abuse, and impeachment has never once been used against a pardon.",,,,,,,,,Already met,,,,,,
president-needs-clemency-power,argument,disagree,,The separation-of-powers argument is pressed hardest for the pardons that benefit the president personally.,,,,,,,,,Pretext for another aim,,,,,,
some-officeholders-want-keep,argument,agree,,Wanting to profit from one's position is common enough that every ethics statute since 1962 is written on the assumption that someone will.,,,,,,,,,Widely held,,,,,,
some-officeholders-want-keep,argument,disagree,,It can only be satisfied by using decisions that belong to the public as private property.,,,,,,,,,Claim on others' property or choices,,,,,,
some-officeholders-want-keep,argument,disagree,,"The paid form of it is bribery, and the rest is what the conflict-of-interest statutes exist to prevent.",,,,,,,,,Forbidden by law,,,,,,
some-officeholders-want-keep,argument,disagree,,"It is never stated in its own name: it travels as property rights, privacy or presidential discretion.",,,,,,,,,Pretext for another aim,,,,,,
drives-citizens-need-government-barring-members,argument,agree,,"Support for a ban is close to uniform across parties and ideologies, which is what an interest in clean decisions predicts and what no partisan interest predicts.",,,,,,,,,Predicts who holds the position,,,,,,
drives-citizens-need-government-barring-members,argument,agree,,"Conflict of interest is the reason supporters give first, before any claim about returns.",,,,,,,,,Named first by holders,,,,,,
drives-citizens-need-government-barring-members,argument,disagree,,"Support also tracks general distrust of Congress, which would produce the same polling without any specific interest in decision quality.",,,,,,,,,Tracks a different variable,,,,,,
drives-investors-need-markets-barring-members,argument,agree,,Market integrity groups and securities lawyers have backed the bills consistently.,,,,,,,,,Money and turnout follow it,,,,,,
drives-investors-need-markets-barring-members,argument,disagree,,Almost nobody in the public coalition is thinking about market integrity; they are thinking about fairness.,,,,,,,,,Minority of holders,,,,,,
drives-investors-need-markets-barring-members,argument,disagree,,The interest is cited in bill findings and almost never in the arguments people actually make.,,,,,,,,,Decorative,,,,,,
drives-voters-need-enough-barring-members,argument,agree,,The demand that officials be checkable is the framing of nearly every editorial supporting the ban.,,,,,,,,,Named first by holders,,,,,,
drives-voters-need-enough-barring-members,argument,disagree,,It may be a restatement of general distrust rather than an independent driver.,,,,,,,,,Tracks a different variable,,,,,,
drives-officials-need-rules-barring-members,argument,agree,,The officials who support a ban most often are the ones who describe the current reporting regime as a trap.,,,,,,,,,Predicts who holds the position,,,,,,
drives-officials-need-rules-barring-members,argument,disagree,,Most supporters are not officials and have no interest in how easy the rule is to follow.,,,,,,,,,Minority of holders,,,,,,
drives-officials-families-need-barring-members,argument,agree,,The property-rights framing is the first response opponents give.,,,,,,,,,Named first by holders,,,,,,
drives-officials-families-need-barring-members,argument,agree,,Opposition is strongest among members with the most active portfolios.,,,,,,,,,Tracks intensity,,,,,,
drives-officials-families-need-barring-members,argument,disagree,,"The same members accept restrictions on gifts, outside income and travel without invoking property rights, which suggests the principle is selected for this case.",,,,,,,,,After-the-fact rationalization,,,,,,
drives-country-needs-capable-barring-members,argument,agree,,"The recruitment argument is the second thing opponents say, and it is made by both parties.",,,,,,,,,Named first by holders,,,,,,
drives-country-needs-capable-barring-members,argument,disagree,,"No member has left office over the proposal, and the deterrence claim has no evidence behind it.",,,,,,,,,Decorative,,,,,,
drives-country-needs-capable-barring-members,argument,disagree,,"It is argued mostly by members who are themselves wealthy, for the benefit of hypothetical members who are not.",,,,,,,,,Minority of holders,,,,,,
drives-some-officeholders-want-barring-members,argument,agree,,Opposition intensity tracks portfolio activity more closely than any stated principle.,,,,,,,,,Predicts who holds the position,,,,,,
drives-some-officeholders-want-barring-members,argument,agree,,The members who trade most are the members who object most.,,,,,,,,,Tracks intensity,,,,,,
drives-some-officeholders-want-barring-members,argument,disagree,,"Most opponents hold few or no individual stocks, so whatever drives them it is not this.",,,,,,,,,Minority of holders,,,,,,
drives-crime-victims-public-letting-congress,argument,agree,,"Supporters of an override lead with pardons granted to relatives and associates, not with clemency policy generally.",,,,,,,,,Named first by holders,,,,,,
drives-crime-victims-public-letting-congress,argument,agree,,Support spikes immediately after each controversial grant.,,,,,,,,,Tracks intensity,,,,,,
drives-crime-victims-public-letting-congress,argument,disagree,,Support tracks which party holds the presidency far more than it tracks any stable interest in reviewable clemency.,,,,,,,,,Tracks a different variable,,,,,,
drives-president-needs-clemency-letting-congress,argument,agree,,Opponents lead with Article II and the two Supreme Court cases.,,,,,,,,,Named first by holders,,,,,,
drives-president-needs-clemency-letting-congress,argument,agree,,Constitutional scholars of both parties take this position regardless of who holds the presidency.,,,,,,,,,Predicts who holds the position,,,,,,
drives-president-needs-clemency-letting-congress,argument,disagree,,"Among elected officials rather than scholars, the position tracks the president's party almost perfectly.",,,,,,,,,Tracks a different variable,,,,,,
argu-members-regularly-trade-barring-members,argument,agree,,"A holding in an industry a member regulates is the conflict the belief proposes to remove, so the argument is about the belief's own subject matter.",,,,,,,,,Mechanism,,,,,,
argu-members-regularly-trade-barring-members,argument,agree,,"Same people, same decisions, same period.",,,,,,,,,Scope fit,,,,,,
argu-members-regularly-trade-barring-members,argument,disagree,,"Owning stock in a regulated industry and being influenced by it are different claims, and only the first is established.",,,,,,,,,Missing step,,,,,,
argu-disclosure-has-failed-barring-members,argument,agree,,"If the alternative to a ban is disclosure, then disclosure failing is what makes the ban the remaining option.",,,,,,,,,Necessity,,,,,,
argu-disclosure-has-failed-barring-members,argument,agree,,The argument runs through the comparison the belief implies: ban versus the status quo.,,,,,,,,,Mechanism,,,,,,
argu-disclosure-has-failed-barring-members,argument,disagree,,"That disclosure fails does not establish that a ban succeeds; both could fail for the same reason, which is that Congress does not enforce rules against itself.",,,,,,,,,Missing step,,,,,,
argu-holdings-ban-removes-barring-members,argument,agree,,Changing what has to be proven is the operative difference between a ban and every other remedy on offer.,,,,,,,,,Mechanism,,,,,,
argu-holdings-ban-removes-barring-members,argument,disagree,,"A rule that is easier to enforce still has to be enforced, and the row assumes the enforcement follows.",,,,,,,,,Missing step,,,,,,
argu-federal-reserve-barred-barring-members,argument,agree,,"The Fed rule is the same restriction on the same kind of asset, adopted for the same stated reason.",,,,,,,,,Scope fit,,,,,,
argu-federal-reserve-barred-barring-members,argument,disagree,,"Fed officials are appointed and have no constituents or campaigns, so the workability finding may not transfer to elected members.",,,,,,,,,Scope mismatch,,,,,,
argu-federal-reserve-barred-barring-members,argument,disagree,,That an institution survived a rule is not evidence that the rule achieved anything.,,,,,,,,,Missing step,,,,,,
argu-trading-closed-briefing-barring-members,argument,agree,,"If intent cannot be proven, no intent-based rule can bind, and only a status rule is left.",,,,,,,,,Necessity,,,,,,
argu-trading-closed-briefing-barring-members,argument,agree,,The row explains why the alternative remedy is unavailable rather than merely unattractive.,,,,,,,,,Mechanism,,,,,,
argu-trading-closed-briefing-barring-members,argument,disagree,,"Unprovability is consistent with innocence, so the row may be describing an absence of wrongdoing rather than an absence of enforcement.",,,,,,,,,True but irrelevant,,,,,,
argu-best-identified-studies-barring-members,argument,agree,,"If there is no trading advantage at all, one of the two mechanisms the belief relies on does not exist.",,,,,,,,,Necessity,,,,,,
argu-best-identified-studies-barring-members,argument,disagree,,"Portfolio returns bear on whether members trade profitably, not on whether holdings bias votes, and the belief rests on both.",,,,,,,,,Wrong parent,,,,,,
argu-best-identified-studies-barring-members,argument,disagree,,"Average portfolio performance cannot detect a small number of well-timed trades, which is the conduct at issue.",,,,,,,,,Scope mismatch,,,,,,
argu-ban-official-leaves-barring-members,argument,agree,,"If the conflict relocates rather than disappearing, the belief's causal claim fails on its own terms.",,,,,,,,,Mechanism,,,,,,
argu-ban-official-leaves-barring-members,argument,agree,,Substitution is the specific way a structural remedy fails.,,,,,,,,,Necessity,,,,,,
argu-ban-official-leaves-barring-members,argument,disagree,,"Partial coverage that removes the largest channel still reduces the conflict, so complete substitution has to be shown rather than asserted.",,,,,,,,,Missing step,,,,,,
argu-forced-divestiture-imposes-barring-members,argument,agree,,"Who can afford to serve is part of what the reform does, so the cost belongs in the same analysis.",,,,,,,,,Scope fit,,,,,,
argu-forced-divestiture-imposes-barring-members,argument,disagree,,"This is a cost of the proposal, which belongs in the cost-benefit table, not a reason the proposal fails to reduce conflicts.",,,,,,,,,Wrong parent,,,,,,
argu-forced-divestiture-imposes-barring-members,argument,disagree,,A rule can be expensive for officials and still do exactly what it claims.,,,,,,,,,True but irrelevant,,,,,,
argu-congress-will-enforce-barring-members,argument,agree,,"A rule nobody enforces reduces nothing, so this strikes the belief's effect directly.",,,,,,,,,Necessity,,,,,,
argu-congress-will-enforce-barring-members,argument,agree,,It names the precedent and the mechanism by which the statute would be hollowed out.,,,,,,,,,Mechanism,,,,,,
argu-congress-will-enforce-barring-members,argument,disagree,,"A holdings rule is checkable from a filing by any citizen, unlike a reporting rule, so the STOCK Act precedent may not transfer.",,,,,,,,,Missing step,,,,,,
evid-senators-stock-purchases-barring-members,argument,agree,,Abnormal returns on officials' trades are the trading advantage the belief says a ban would remove.,,,,,,,,,Mechanism,,,,,,
evid-senators-stock-purchases-barring-members,argument,disagree,,"The period ends fourteen years before the STOCK Act and twenty-eight years before the proposal, so the regime it measures no longer exists.",,,,,,,,,Scope mismatch,,,,,,
evid-senators-stock-purchases-barring-members,argument,disagree,,"Returns show trading advantage, not voting conflict, which is the other half of the belief.",,,,,,,,,Missing step,,,,,,
evid-trades-placed-before-barring-members,argument,agree,,"Post-STOCK Act period, and it measures trades around the events officials control.",,,,,,,,,Scope fit,,,,,,
evid-trades-placed-before-barring-members,argument,agree,,Returns conditional on legislative events are the cleanest observable form of the conflict.,,,,,,,,,Mechanism,,,,,,
evid-trades-placed-before-barring-members,argument,disagree,,A single unreplicated study conditioned on chosen events is weak support for a general claim.,,,,,,,,,Missing step,,,,,,
evid-78-members-117th-barring-members,argument,agree,,Widespread non-compliance with the existing rule is what makes the case for replacing it.,,,,,,,,,Mechanism,,,,,,
evid-78-members-117th-barring-members,argument,disagree,,Late filing is a paperwork failure and says nothing about whether any trade was improper.,,,,,,,,,True but irrelevant,,,,,,
evid-78-members-117th-barring-members,argument,disagree,,"It supports ""the current rule is unenforced,"" which is a different claim from ""a ban would reduce conflicts.""",,,,,,,,,Wrong parent,,,,,,
evid-131-federal-judges-barring-members,argument,agree,,"A disclosure-only regime failing in a nearby institution is evidence about disclosure regimes generally, and the belief is a claim about replacing one.",,,,,,,,,Monotonicity,,,,,,
evid-131-federal-judges-barring-members,argument,disagree,,"Judges are bound by a recusal statute Congress is not, so the comparison is to a stricter regime that still failed, or to a different one entirely.",,,,,,,,,Scope mismatch,,,,,,
evid-federal-reserve-officials-barring-members,argument,agree,,It shows the exact rule the belief proposes operating in a federal institution.,,,,,,,,,Mechanism,,,,,,
evid-federal-reserve-officials-barring-members,argument,disagree,,"It establishes that the rule can exist, not that it reduces conflicts, and four years is short.",,,,,,,,,Missing step,,,,,,
evid-congressional-portfolios-underperformed-barring-members,argument,agree,,"If portfolios underperform, the trading-advantage mechanism is absent for that period.",,,,,,,,,Necessity,,,,,,
evid-congressional-portfolios-underperformed-barring-members,argument,disagree,,"It bears on trading advantage, not on whether holdings bias votes.",,,,,,,,,Wrong parent,,,,,,
evid-congressional-portfolios-underperformed-barring-members,argument,disagree,,Averages cannot detect the tail behaviour the belief is about.,,,,,,,,,Missing step,,,,,,
evid-no-evidence-members-barring-members,argument,agree,,It covers exactly the post-STOCK Act period the proposal would replace.,,,,,,,,,Scope fit,,,,,,
evid-no-evidence-members-barring-members,argument,agree,,"If disclosure already removed the advantage, the marginal benefit of a ban on that channel is zero.",,,,,,,,,Necessity,,,,,,
evid-no-evidence-members-barring-members,argument,disagree,,"It shows disclosure may have worked on trading, which is an argument for keeping disclosure, not evidence that ownership does not bias votes.",,,,,,,,,Wrong parent,,,,,,
pred-five-years-after-barring-members,argument,agree,,Holdings falling to zero with no scandal is what the belief predicts the rule produces.,,,,,,,,,Mechanism,,,,,,
pred-five-years-after-barring-members,argument,disagree,,"Both sides expect reported holdings to fall, since that is what compliance means, so the observation is only diagnostic through the scandal half.",,,,,,,,,Missing step,,,,,,
pred-public-trust-congress-barring-members,argument,agree,,Restored confidence is the benefit the belief claims beyond the conflicts themselves.,,,,,,,,,Mechanism,,,,,,
pred-public-trust-congress-barring-members,argument,disagree,,"Congressional approval moves with the economy and partisan control, so the reading would be dominated by other causes.",,,,,,,,,True but irrelevant,,,,,,
pred-public-trust-congress-barring-members,argument,disagree,,"Neither side predicts a trust increase with any confidence, so the result would not separate them.",,,,,,,,,Missing step,,,,,,
pred-jurisdiction-adopts-holdings-barring-members,argument,agree,,A difference-in-differences result on conflicted votes is the direct test of the belief's central claim.,,,,,,,,,Necessity,,,,,,
pred-jurisdiction-adopts-holdings-barring-members,argument,agree,,"It measures votes, which is where the belief says the conflict operates.",,,,,,,,,Scope fit,,,,,,
pred-jurisdiction-adopts-holdings-barring-members,argument,disagree,,"The study has not been run, so the prediction is about a design rather than a result.",,,,,,,,,Missing step,,,,,,
pred-reported-conflicts-migrate-barring-members,argument,agree,,Complete substitution is exactly the way the belief fails.,,,,,,,,,Necessity,,,,,,
pred-reported-conflicts-migrate-barring-members,argument,agree,,It measures the load-bearing component directly.,,,,,,,,,Mechanism,,,,,,
pred-reported-conflicts-migrate-barring-members,argument,disagree,,"Complaint counts measure attention as much as conduct, so an unchanged count is ambiguous.",,,,,,,,,Missing step,,,,,,
pred-share-incoming-members-barring-members,argument,agree,,It measures the candidate-pool cost the opposing side claims.,,,,,,,,,Scope fit,,,,,,
pred-share-incoming-members-barring-members,argument,disagree,,"A wealth shift would be a cost of the rule, not evidence that the rule failed to reduce conflicts.",,,,,,,,,True but irrelevant,,,,,,
pred-post-reform-studies-barring-members,argument,agree,,Continued findings of no advantage would remove one of the belief's two mechanisms.,,,,,,,,,Necessity,,,,,,
pred-post-reform-studies-barring-members,argument,disagree,,"It reaches the trading branch only, and the voting branch would stand untouched.",,,,,,,,,Wrong parent,,,,,,
argu-formal-appointment-what-barring-president,argument,agree,,"If formal appointment is what triggers disclosure and conflict rules, removing the appointment removes them, which is the reverse of what the belief claims.",,,,,,,,,Mechanism,,,,,,
argu-formal-appointment-what-barring-president,argument,agree,,It attacks the load-bearing causal component rather than the premise.,,,,,,,,,Necessity,,,,,,
argu-formal-appointment-what-barring-president,argument,disagree,,It assumes the bar is written around job titles; a rule reaching anyone performing an official function does not have this consequence.,,,,,,,,,Missing step,,,,,,
argu-problem-people-actually-barring-president,argument,agree,,"It identifies what the proposal does not reach, which bears on how much of the problem it solves.",,,,,,,,,Scope fit,,,,,,
argu-problem-people-actually-barring-president,argument,disagree,,"It argues the proposal is incomplete, not that it fails; those are different conclusions.",,,,,,,,,Wrong parent,,,,,,
argu-problem-people-actually-barring-president,argument,disagree,,Family business dealings are governed by other rules entirely and would be unaffected either way.,,,,,,,,,True but irrelevant,,,,,,
argu-return-shows-tax-requiring-president,argument,agree,,"If the disclosure form already carries the conflict-relevant content, the belief's first component is false.",,,,,,,,,Necessity,,,,,,
argu-return-shows-tax-requiring-president,argument,agree,,Both documents cover the same officials and the same finances.,,,,,,,,,Scope fit,,,,,,
argu-return-shows-tax-requiring-president,argument,disagree,,"The two documents can be compared directly, and the 2022 release showed content in the return that the form does not carry.",,,,,,,,,Missing step,,,,,,
argu-route-constitutionally-narrow-requiring-president,argument,agree,,"If the requirement cannot be enacted, the belief's enactment component fails.",,,,,,,,,Mechanism,,,,,,
argu-route-constitutionally-narrow-requiring-president,argument,disagree,,"The California decision struck a ballot-access condition under a state constitution and expressly did not reach federal questions, so it does not govern a federal duty on officeholders.",,,,,,,,,Scope mismatch,,,,,,
argu-route-constitutionally-narrow-requiring-president,argument,disagree,,"It bears on how the rule must be drafted, not on whether publication would reduce private gain.",,,,,,,,,Wrong parent,,,,,,
argu-article-ii-grants-letting-congress,argument,agree,,"If the mechanism cannot be created, the belief cannot be true of any actual arrangement.",,,,,,,,,Necessity,,,,,,
argu-article-ii-grants-letting-congress,argument,agree,,It identifies the specific legal barrier and the cases that impose it.,,,,,,,,,Mechanism,,,,,,
argu-article-ii-grants-letting-congress,argument,disagree,,"The belief does not specify a statute, and the constitutional amendment route is unaffected by Garland and Schick.",,,,,,,,,Scope mismatch,,,,,,
evid-proposals-let-congress-letting-congress,argument,agree,,Whether Congress will act bears on whether the arrangement will ever exist.,,,,,,,,,Scope fit,,,,,,
evid-proposals-let-congress-letting-congress,argument,disagree,,"The belief claims the mechanism would reduce private gain, not that it will be adopted; adoption is a separate question with a separate page.",,,,,,,,,Wrong parent,,,,,,
evid-proposals-let-congress-letting-congress,argument,disagree,,A proposal stalling in committee says nothing about what it would do if enacted.,,,,,,,,,True but irrelevant,,,,,,
argu-most-states-already-letting-congress,argument,agree,,"More than a dozen working examples is stronger evidence than one, and they vary in design.",,,,,,,,,Monotonicity,,,,,,
argu-most-states-already-letting-congress,argument,agree,,They show that clemency with a structural check still functions.,,,,,,,,,Mechanism,,,,,,
argu-most-states-already-letting-congress,argument,disagree,,"Every state example is a prior check by an appointed board, not a subsequent veto by an elected legislature, and the incentives differ.",,,,,,,,,Scope mismatch,,,,,,
argu-most-states-already-letting-congress,argument,disagree,,"State constitutions are amended by ordinary process; the federal one is not, so transplanting the design is the hard part.",,,,,,,,,Missing step,,,,,,
inte-78-members-117th-investors-need,argument,agree,,"Late filings are failures of the disclosure regime that exists to protect market integrity, so the two are about the same system.",,,,,,,,,Scope fit,,,,,,
inte-78-members-117th-investors-need,argument,disagree,,"A missed deadline tells an investor nothing about whether anyone traded on nonpublic information, which is the interest as stated.",,,,,,,,,Missing step,,,,,,
inte-forced-divestiture-imposes-country-needs,argument,agree,,Divestiture cost falling on officials of ordinary means is exactly the need this interest states.,,,,,,,,,Mechanism,,,,,,
inte-forced-divestiture-imposes-country-needs,argument,disagree,,The interest is about who can afford to run; the argument is about a one-time cost to people already in office.,,,,,,,,,Scope mismatch,,,,,,
imp-members-regularly-trade-barring-members,interest_listing,,citizens-need-government-decisions,,,,,,,,,,,,,,,,
imp-members-regularly-trade-barring-members,interest_listing,,investors-need-markets-where,,,,,,,,,,,,,,,,
imp-disclosure-has-failed-barring-members,interest_listing,,voters-need-enough-information,,,,,,,,,,,,,,,,
imp-disclosure-has-failed-barring-members,interest_listing,,officials-need-rules-can,,,,,,,,,,,,,,,,
imp-holdings-ban-removes-barring-members,interest_listing,,citizens-need-government-decisions,,,,,,,,,,,,,,,,
imp-holdings-ban-removes-barring-members,interest_listing,,officials-need-rules-can,,,,,,,,,,,,,,,,
imp-federal-reserve-barred-barring-members,interest_listing,,officials-need-rules-can,,,,,,,,,,,,,,,,
imp-federal-reserve-barred-barring-members,interest_listing,,country-needs-capable-people,,,,,,,,,,,,,,,,
imp-trading-closed-briefing-barring-members,interest_listing,,citizens-need-government-decisions,,,,,,,,,,,,,,,,
imp-trading-closed-briefing-barring-members,interest_listing,,investors-need-markets-where,,,,,,,,,,,,,,,,
imp-best-identified-studies-barring-members,interest_listing,,investors-need-markets-where,,,,,,,,,,,,,,,,
imp-ban-official-leaves-barring-members,interest_listing,,citizens-need-government-decisions,,,,,,,,,,,,,,,,
imp-ban-official-leaves-barring-members,interest_listing,,voters-need-enough-information,,,,,,,,,,,,,,,,
imp-forced-divestiture-imposes-barring-members,interest_listing,,country-needs-capable-people,,,,,,,,,inte-forced-divestiture-imposes-country-needs,,,,,,,
imp-forced-divestiture-imposes-barring-members,interest_listing,,officials-families-need-same,,,,,,,,,,,,,,,,
imp-members-keep-property-barring-members,interest_listing,,officials-families-need-same,,,,,,,,,,,,,,,,
imp-congress-will-enforce-barring-members,interest_listing,,citizens-need-government-decisions,,,,,,,,,,,,,,,,
imp-congress-will-enforce-barring-members,interest_listing,,officials-need-rules-can,,,,,,,,,,,,,,,,
imp-senators-stock-purchases-barring-members,interest_listing,,investors-need-markets-where,,,,,,,,,,,,,,,,
imp-trades-placed-before-barring-members,interest_listing,,investors-need-markets-where,,,,,,,,,,,,,,,,
imp-trades-placed-before-barring-members,interest_listing,,citizens-need-government-decisions,,,,,,,,,,,,,,,,
imp-78-members-117th-barring-members,interest_listing,,investors-need-markets-where,,,,,,,,,inte-78-members-117th-investors-need,,,,,,,
imp-78-members-117th-barring-members,interest_listing,,officials-need-rules-can,,,,,,,,,,,,,,,,
imp-131-federal-judges-barring-members,interest_listing,,voters-need-enough-information,,,,,,,,,,,,,,,,
imp-federal-reserve-officials-barring-members,interest_listing,,officials-need-rules-can,,,,,,,,,,,,,,,,
imp-federal-reserve-officials-barring-members,interest_listing,,country-needs-capable-people,,,,,,,,,,,,,,,,
imp-congressional-portfolios-underperformed-barring-members,interest_listing,,investors-need-markets-where,,,,,,,,,,,,,,,,
imp-no-evidence-members-barring-members,interest_listing,,investors-need-markets-where,,,,,,,,,,,,,,,,
imp-five-years-after-barring-members,interest_listing,,citizens-need-government-decisions,,,,,,,,,,,,,,,,
imp-public-trust-congress-barring-members,interest_listing,,voters-need-enough-information,,,,,,,,,,,,,,,,
imp-jurisdiction-adopts-holdings-barring-members,interest_listing,,citizens-need-government-decisions,,,,,,,,,,,,,,,,
imp-reported-conflicts-migrate-barring-members,interest_listing,,citizens-need-government-decisions,,,,,,,,,,,,,,,,
imp-reported-conflicts-migrate-barring-members,interest_listing,,voters-need-enough-information,,,,,,,,,,,,,,,,
imp-share-incoming-members-barring-members,interest_listing,,country-needs-capable-people,,,,,,,,,,,,,,,,
imp-post-reform-studies-barring-members,interest_listing,,investors-need-markets-where,,,,,,,,,,,,,,,,
imp-anti-nepotism-statute-barring-president,interest_listing,,citizens-need-government-decisions,,,,,,,,,,,,,,,,
imp-anti-nepotism-statute-barring-president,interest_listing,,voters-need-enough-information,,,,,,,,,,,,,,,,
imp-relative-cannot-supervised-barring-president,interest_listing,,citizens-need-government-decisions,,,,,,,,,,,,,,,,
imp-official-role-gives-barring-president,interest_listing,,citizens-need-government-decisions,,,,,,,,,,,,,,,,
imp-official-role-gives-barring-president,interest_listing,,voters-need-enough-information,,,,,,,,,,,,,,,,
imp-rule-already-applies-barring-president,interest_listing,,officials-need-rules-can,,,,,,,,,,,,,,,,
imp-formal-appointment-what-barring-president,interest_listing,,voters-need-enough-information,,,,,,,,,,,,,,,,
imp-problem-people-actually-barring-president,interest_listing,,some-officeholders-want-keep,,,,,,,,,,,,,,,,
imp-president-entitled-advisers-barring-president,interest_listing,,officials-families-need-same,,,,,,,,,,,,,,,,
imp-competence-neither-inherited-barring-president,interest_listing,,country-needs-capable-people,,,,,,,,,,,,,,,,
imp-return-shows-what-requiring-president,interest_listing,,voters-need-enough-information,,,,,,,,,,,,,,,,
imp-internal-check-failed-requiring-president,interest_listing,,citizens-need-government-decisions,,,,,,,,,,,,,,,,
imp-internal-check-failed-requiring-president,interest_listing,,voters-need-enough-information,,,,,,,,,,,,,,,,
imp-every-president-carter-requiring-president,interest_listing,,voters-need-enough-information,,,,,,,,,,,,,,,,
imp-published-return-can-requiring-president,interest_listing,,voters-need-enough-information,,,,,,,,,,,,,,,,
imp-published-return-can-requiring-president,interest_listing,,citizens-need-government-decisions,,,,,,,,,,,,,,,,
imp-return-shows-tax-requiring-president,interest_listing,,voters-need-enough-information,,,,,,,,,,,,,,,,
imp-publication-exposes-spouses-requiring-president,interest_listing,,officials-families-need-same,,,,,,,,,,,,,,,,
imp-route-constitutionally-narrow-requiring-president,interest_listing,,officials-need-rules-can,,,,,,,,,,,,,,,,
imp-sophisticated-wealth-sits-requiring-president,interest_listing,,voters-need-enough-information,,,,,,,,,,,,,,,,
imp-clemency-only-executive-letting-congress,interest_listing,,crime-victims-public-need,,,,,,,,,,,,,,,,
imp-clemency-only-executive-letting-congress,interest_listing,,citizens-need-government-decisions,,,,,,,,,,,,,,,,
imp-pardons-granted-president-letting-congress,interest_listing,,crime-victims-public-need,,,,,,,,,,,,,,,,
imp-pardons-granted-president-letting-congress,interest_listing,,citizens-need-government-decisions,,,,,,,,,,,,,,,,
imp-two-thirds-threshold-letting-congress,interest_listing,,president-needs-clemency-power,,,,,,,,,,,,,,,,
imp-most-states-already-letting-congress,interest_listing,,crime-victims-public-need,,,,,,,,,,,,,,,,
imp-article-ii-grants-letting-congress,interest_listing,,president-needs-clemency-power,,,,,,,,,,,,,,,,
imp-clemency-exists-correct-letting-congress,interest_listing,,president-needs-clemency-power,,,,,,,,,,,,,,,,
imp-reversible-pardon-pardon-letting-congress,interest_listing,,president-needs-clemency-power,,,,,,,,,,,,,,,,
imp-narrower-fix-reaches-letting-congress,interest_listing,,crime-victims-public-need,,,,,,,,,,,,,,,,
uniq-federal-reserve-officials-federal-reserve,argument,agree,,The evidence row carries the rule text and effective dates; the argument carries the institutional outcome.,,,,,,,,,Different evidence,,,,,,
uniq-federal-reserve-officials-federal-reserve,argument,agree,,"The rule could exist exactly as described and the institution could still have lost staff, which would refute the argument and not the finding.",,,,,,,,,Independent failure,,,,,,
uniq-federal-reserve-officials-federal-reserve,argument,disagree,,"Both rest on the same event, and a reader who accepts one has already accepted most of the other.",,,,,,,,,Shared premise,,,,,,
uniq-federal-reserve-officials-federal-reserve,argument,disagree,,The argument states that the Fed adopted the rule and kept functioning; the finding states that the Fed adopted the rule. The second sentence is contained in the first.,,,,,,,,,Paraphrase,,,,,,
uniq-congress-will-enforce-ban-official,argument,agree,,One says the conflict moves to uncovered vehicles; the other says the rule is never enforced. Both can be false independently.,,,,,,,,,Different conclusion,,,,,,
uniq-congress-will-enforce-ban-official,argument,agree,,Substitution is settled by looking at where assets go; non-enforcement is settled by looking at what the ethics committees do.,,,,,,,,,Different evidence,,,,,,
uniq-congress-will-enforce-ban-official,argument,agree,,"A perfectly enforced rule could still be evaded by substitution, and an unenforced rule could have no substitution to worry about.",,,,,,,,,Independent failure,,,,,,
uniq-congress-will-enforce-ban-official,argument,disagree,,Both assume officials want to keep the benefit and will find a way.,,,,,,,,,Shared premise,,,,,,
equiv-barring-members-congress-members-congress,argument,agree,,Every argument on the page about removing conflicts applies to both.,,,,,,,,,Interchangeable in arguments,,,,,,
equiv-barring-members-congress-members-congress,argument,disagree,,"One bars individual stocks; the other bars family businesses, farms and rental property, which is a far larger policy with different costs.",,,,,,,,,Different scope,,,,,,
equiv-barring-members-congress-members-congress,argument,disagree,,The candidate-pool objection is weak against the first and strong against the second.,,,,,,,,,Different magnitude,,,,,,
equiv-barring-members-congress-members-congress-2,argument,agree,,Both remove the official's ability to act on a holding while in office.,,,,,,,,,Same truth conditions,,,,,,
equiv-barring-members-congress-members-congress-2,argument,agree,,Evidence about whether conflicts persist would bear on both identically.,,,,,,,,,Same evidence settles both,,,,,,
equiv-barring-members-congress-members-congress-2,argument,disagree,,"A blind trust leaves the asset in place and removes control; a ban removes the asset. The Congressional Research Service notes a trust is not blind at inception, which is a difference in effect rather than in wording.",,,,,,,,,Different mechanism,,,,,,
equiv-letting-congress-overturn-president-barred,argument,agree,,Both turn on whether grants to the president's circle are the problem worth solving.,,,,,,,,,Same evidence settles both,,,,,,
equiv-letting-congress-overturn-president-barred,argument,disagree,,A categorical bar on pardoning relatives reaches a defined class before the fact; an override reaches any grant after it.,,,,,,,,,Different scope,,,,,,
equiv-letting-congress-overturn-president-barred,argument,disagree,,An override would cover the relative cases; a bar on relatives would not cover a pardon sold to a stranger.,,,,,,,,,One-way implication,,,,,,
ziobrowski-cheng-boyd-ziobrowski,argument,agree,,Built from the Senate's own disclosure filings rather than from secondary summaries.,,,,,,,,,Primary sources,,,,,,
ziobrowski-cheng-boyd-ziobrowski,argument,agree,,Calendar-time portfolio analysis against matched benchmarks is the standard method for the question.,,,,,,,,,Well reasoned,,,,,,
ziobrowski-cheng-boyd-ziobrowski,argument,disagree,,It reports the buy portfolio's abnormal returns and says much less about the sell side.,,,,,,,,,One-sided,,,,,,
ziobrowski-cheng-boyd-ziobrowski,argument,disagree,,Disclosure ranges rather than exact amounts force assumptions about position size that the paper cannot verify.,,,,,,,,,Errors of fact,,,,,,
ziobrowski-cheng-boyd-ziobrowski,impact,agree,,It is the citation behind nearly every subsequent claim about congressional trading.,,,,,,,,,Widely cited,,,,,,
ziobrowski-cheng-boyd-ziobrowski,impact,agree,,It was cited repeatedly in the debate that produced the STOCK Act.,,,,,,,,,Shaped policy,,,,,,
ziobrowski-cheng-boyd-ziobrowski,impact,disagree,,Its readership is finance academics and advocates who had already reached the conclusion.,,,,,,,,,Preaching to the converted,,,,,,
insider-conflicted-congress-2021,argument,agree,,"Compiled from the periodic transaction reports themselves, which the series published.",,,,,,,,,Primary sources,,,,,,
insider-conflicted-congress-2021,argument,agree,,"The database was searchable and the methodology was stated, which is why other outlets could check it.",,,,,,,,,Well made,,,,,,
insider-conflicted-congress-2021,argument,disagree,,"It counts filing failures without distinguishing a clerical late filing from a concealed trade, and the headline number is used for both.",,,,,,,,,One-sided,,,,,,
insider-conflicted-congress-2021,argument,disagree,,"The framing invites the inference that 78 members traded improperly, which the data do not support.",,,,,,,,,Weak reasoning,,,,,,
insider-conflicted-congress-2021,impact,agree,,It was the source for most mainstream coverage of congressional trading in 2022.,,,,,,,,,Reached a broad audience,,,,,,
insider-conflicted-congress-2021,impact,agree,,The bills introduced in 2022 cite its findings.,,,,,,,,,Shaped policy,,,,,,
insider-conflicted-congress-2021,impact,disagree,,No academic work builds on it; it is a compilation rather than a study.,,,,,,,,,Rarely cited,,,,,,
eggers-hainmueller-capitol-losses,argument,agree,,"Better matched benchmarks and a larger sample than the study it responds to, and it reexamines the earlier period as well.",,,,,,,,,Well reasoned,,,,,,
eggers-hainmueller-capitol-losses,argument,agree,,"Same filings, independently coded.",,,,,,,,,Primary sources,,,,,,
eggers-hainmueller-capitol-losses,argument,disagree,,"Portfolio averages cannot detect the small number of well-timed trades that the conflict claim is actually about, and the paper does not engage that objection at length.",,,,,,,,,One-sided,,,,,,
eggers-hainmueller-capitol-losses,impact,agree,,It is the standard citation for the skeptical position and appears in every serious review of the question.,,,,,,,,,Widely cited,,,,,,
eggers-hainmueller-capitol-losses,impact,disagree,,Its reach outside political science is small compared with the study it corrects.,,,,,,,,,Small audience,,,,,,
medi-ziobrowski-cheng-boyd-barring-members,argument,agree,,"The work is about the same officials, the same holdings and the same question the belief asks.",,,,,,,,,Mechanism,,,,,,
medi-ziobrowski-cheng-boyd-barring-members,argument,disagree,,"It measures trading returns, and the belief also rests on whether holdings bias votes.",,,,,,,,,Scope mismatch,,,,,,
medi-insider-conflicted-congress-barring-members,argument,agree,,"The work is about the same officials, the same holdings and the same question the belief asks.",,,,,,,,,Mechanism,,,,,,
medi-insider-conflicted-congress-barring-members,argument,disagree,,"It measures trading returns, and the belief also rests on whether holdings bias votes.",,,,,,,,,Scope mismatch,,,,,,
medi-eggers-hainmueller-capitol-barring-members,argument,agree,,"The work is about the same officials, the same holdings and the same question the belief asks.",,,,,,,,,Mechanism,,,,,,
medi-eggers-hainmueller-capitol-barring-members,argument,disagree,,"It measures trading returns, and the belief also rests on whether holdings bias votes.",,,,,,,,,Scope mismatch,,,,,,
imp-ziobrowski-cheng-boyd-barring-members,interest_listing,,investors-need-markets-where,,,,,,,,,,,,,,,,
imp-insider-conflicted-congress-barring-members,interest_listing,,voters-need-enough-information,,,,,,,,,,,,,,,,
imp-insider-conflicted-congress-barring-members,interest_listing,,officials-need-rules-can,,,,,,,,,,,,,,,,
imp-eggers-hainmueller-capitol-barring-members,interest_listing,,investors-need-markets-where,,,,,,,,,,,,,,,,
public-office-private-gain,direction,,,Existing disclosure rules and conflict-of-interest statutes already catch what matters; new bans mostly deter capable people of ordinary means from serving.,,,,,,,,,,-50,,,,,"argument: A holdings ban or a publication rule reaches the honest official and the family who never ran, while the determined one restructures around it."
public-office-private-gain,direction,,,"Whether a rule helps depends on the mechanism: strengthen the disclosure form and the audits first, and ban only where disclosure has been shown to fail.",,,,,,,,,,0,,,,,argument: Both sides want conflicts visible; they disagree about which document shows them.
public-office-private-gain,stack,,,,,,,,,,,,,support,,,,,"worldview: Public power is held in trust, and a trustee may not profit from the trust | political: Rules that bind officials must bind them equally, whichever party holds office | causal: Where an official holds a private stake in a decision, the decision moves toward the stake | specific: Disclosure alone has not stopped members trading in the industries their committees oversee"
public-office-private-gain,stack,,,,,,,,,,,,,mixed,,,,,worldview: Officials keep the ordinary rights of citizens unless a rule earns its exception | political: The burden is on a new restriction to show the old one failed | causal: Most conflicts are already visible on the disclosure form; the question is who acts on them | specific: Strengthen the form and the audits before reaching for a ban
public-office-private-gain,stack,,,,,,,,,,,,,oppose,,,,,"worldview: A capable person of ordinary means must be able to serve without a lawyer and without a pay cut | political: Ethics rules written after a scandal punish the next honest officeholder, not the last dishonest one | causal: Sophisticated wealth sits in entities a personal rule never reaches | specific: Each new rule deters more candidates than it catches conflicts"
public-office-private-gain,topic_values,agree,,,,,,,,,,,,,,,,,advertised: Honest government; Accountability; Transparency | critics: Punishing wealth as such; A scandal-driven urge to be seen doing something
public-office-private-gain,topic_values,disagree,,,,,,,,,,,,,,,,,advertised: Property rights; Privacy for families who hold no office; Open service to people of ordinary means | critics: Keeping a lucrative arrangement; Treating complexity as a reason nobody should look
public-office-private-gain,common,,,Both sides want conflicts visible; they disagree about which document shows them.,,,,,,,,,,shared,,,,,
public-office-private-gain,common,,,Neither side wants rules an honest official cannot follow without a lawyer.,,,,,,,,,,shared,,,,,
public-office-private-gain,common,,,An officeholder’s family’s privacy against the public’s need to see entanglements before voting: no likelihood shift dissolves the trade-off.,,,,,,,,,,conflict,,,,,
public-office-private-gain,common,,,"Require exact values rather than ranges on the disclosure form, add foreign income and lender identity, and require the president alone to publish returns.",,,,,,,,,,compromise,,,,,
public-office-private-gain,common,,,"Blind trusts or index funds for members, with a holdings ban only where a committee oversees the industry.",,,,,,,,,,compromise,,,,,
public-office-private-gain,topic_media,,insider-conflicted-congress-2021,,,,,,,,,,,,,,,,medium: Report | tone: Journalistic
public-office-private-gain,direction,,,"Taking public office should cost an official and their family none of the ordinary rights of citizens: they should be free to own and trade what any private citizen may own, to work in any role they are qualified for, and to keep their finances private, with the law punishing proven corruption rather than lawful activity.",,,,,,,,,,-100,,,,,"argument: Public office is a job, not a surrender of citizenship, so a rule that takes away property or privacy because of the job reaches the honest official and the family who never ran, while sophisticated wealth moves into entities the rule never touches and Congress declines to enforce it on itself."
public-office-private-gain,strength,agree,,"In certain cases, a rule that limits what officeholders and their families may own or earn from their position tends to reduce the use of public office for private gain.",,,,,,,,,,Modest,,,,,
public-office-private-gain,strength,agree,,"An officeholder should never be permitted to hold a personal financial stake in a decision the office controls, whoever the officeholder is and whatever form the stake takes.",,,,,,,,,,Total,,,,,
public-office-private-gain,strength,disagree,,"Rules restricting what an officeholder or a relative may lawfully own or earn fundamentally punish lawful activity because of a job, and across the board they reach families who never ran for office while sophisticated wealth routes around them.",,,,,,,,,,Strong,,,,,
public-office-private-gain,strength,disagree,,"Congress will never enforce a financial rule on its own members, so a new restriction on officeholders' private gain always ends as a symbol in place of the enforcement that could work.",,,,,,,,,,Total,,,,,
public-office-private-gain,rung,agree,public-office-usable-private,,,,,,,,,,,general,,,,,
public-office-private-gain,rung,disagree,citizens-keep-ordinary-rights,,,,,,,,,,,general,,,,,
public-office-private-gain,rung,agree,barring-members-congress-president,,,,,,,,,,,A,,,,,branch: Holdings and trading
public-office-private-gain,rung,disagree,,"Officials should be free to hold and trade any asset a private citizen may hold, with disclosure and insider trading law as the only check.",,,,,,,,,,A,,,,,branch: Holdings and trading
public-office-private-gain,rung,agree,barring-president-members-congress,,,,,,,,,,,B,,,,,branch: Family appointments
public-office-private-gain,rung,disagree,,"A president should be free to choose any adviser, including a relative, without congressional permission.",,,,,,,,,,B,,,,,branch: Family appointments
public-office-private-gain,rung,agree,requiring-president-members-congress,,,,,,,,,,,C,,,,,branch: Published tax returns
public-office-private-gain,rung,disagree,,"Officeholders should not be required to publish their tax returns, because the public financial disclosure form already screens for conflicts and a return exposes families who never ran.",,,,,,,,,,C,,,,,branch: Published tax returns
public-office-private-gain,rung,agree,letting-congress-overturn-presidential,,,,,,,,,,,D,,,,,branch: Reversing pardons
public-office-private-gain,rung,disagree,,"The pardon power should remain final and beyond congressional review, with prosecution of pardon bribery and publication of the review file as the check on its abuse.",,,,,,,,,,D,,,,,branch: Reversing pardons
public-office-private-gain,rung,agree,members-regularly-trade-industries,,,,,,,,,,,A.1,,,,,
public-office-private-gain,rung,agree,holdings-ban-removes-conflict,,,,,,,,,,,A.2,,,,,
public-office-private-gain,rung,disagree,ban-official-leaves-conflict,,,,,,,,,,,A.2,,,,,
public-office-private-gain,rung,agree,disclosure-has-failed-check,,,,,,,,,,,A.3,,,,,
public-office-private-gain,rung,disagree,congress-will-enforce-ban,,,,,,,,,,,A.3,,,,,
public-office-private-gain,rung,agree,federal-reserve-barred-its,,,,,,,,,,,A.4,,,,,
public-office-private-gain,rung,disagree,forced-divestiture-imposes-real,,,,,,,,,,,A.4,,,,,
public-office-private-gain,rung,agree,trading-closed-briefing-almost,,,,,,,,,,,A.5,,,,,
public-office-private-gain,rung,disagree,members-keep-property-rights,,,,,,,,,,,A.5,,,,,
public-office-private-gain,rung,agree,anti-nepotism-statute-stops,,,,,,,,,,,B.1,,,,,
public-office-private-gain,rung,disagree,president-entitled-advisers-he,,,,,,,,,,,B.1,,,,,
public-office-private-gain,rung,agree,relative-cannot-supervised-disciplined,,,,,,,,,,,B.2,,,,,
public-office-private-gain,rung,disagree,formal-appointment-what-brings,,,,,,,,,,,B.2,,,,,
public-office-private-gain,rung,agree,official-role-gives-family,,,,,,,,,,,B.3,,,,,
public-office-private-gain,rung,disagree,problem-people-actually-point,,,,,,,,,,,B.3,,,,,
public-office-private-gain,rung,agree,rule-already-applies-every,,,,,,,,,,,B.4,,,,,
public-office-private-gain,rung,disagree,competence-neither-inherited-nor,,,,,,,,,,,B.4,,,,,
public-office-private-gain,rung,agree,return-shows-what-financial,,,,,,,,,,,C.1,,,,,
public-office-private-gain,rung,disagree,return-shows-tax-positions,,,,,,,,,,,C.1,,,,,
public-office-private-gain,rung,agree,internal-check-failed-one,,,,,,,,,,,C.2,,,,,
public-office-private-gain,rung,agree,every-president-carter-through,,,,,,,,,,,C.3,,,,,
public-office-private-gain,rung,disagree,route-constitutionally-narrow-disclosure,,,,,,,,,,,C.3,,,,,
public-office-private-gain,rung,agree,published-return-can-checked,,,,,,,,,,,C.4,,,,,
public-office-private-gain,rung,disagree,sophisticated-wealth-sits-pass,,,,,,,,,,,C.4,,,,,
public-office-private-gain,rung,disagree,publication-exposes-spouses-children,,,,,,,,,,,C.5,,,,,
large-companies-required-law,argument,agree,workers-bear-costs-bad,,,,,,,,,,,,,,,,
large-companies-required-law,argument,agree,workers-know-how-company,,,,,,,,,,,,,,,,
large-companies-required-law,argument,agree,board-answers-only-shareholders,,,,,,,,,,,,,,,,
large-companies-required-law,argument,disagree,owners-put-money-risk,,,,,,,,,,,,,,,,
large-companies-required-law,argument,disagree,worker-directors-face-conflict,,,,,,,,,,,,,,,,
large-companies-required-law,argument,disagree,boards-two-sets-loyalties,,,,,,,,,,,,,,,,
company-generally-serves-public,argument,agree,profit-signal-company-making,,,,,,,,,,,,,,,,
company-generally-serves-public,argument,agree,managers-who-told-serve,,,,,,,,,,,,,,,,
company-generally-serves-public,argument,agree,broad-social-problems-job,,,,,,,,,,,,,,,,
company-generally-serves-public,argument,disagree,many-company-s-costs,,,,,,,,,,,,,,,,
company-generally-serves-public,argument,disagree,law-always-lags-behind,,,,,,,,,,,,,,,,
company-generally-serves-public,argument,disagree,companies-treat-workers-suppliers,,,,,,,,,,,,,,,,
streaming-services-generally-pay,argument,agree,single-play-earns-almost,,,,,,,,,,,,,,,,
streaming-services-generally-pay,argument,agree,money-split-so-most,,,,,,,,,,,,,,,,
streaming-services-generally-pay,argument,agree,musicians-now-depend-touring,,,,,,,,,,,,,,,,
streaming-services-generally-pay,argument,disagree,streaming-brought-paying-listeners,,,,,,,,,,,,,,,,
streaming-services-generally-pay,argument,disagree,before-streaming-most-musicians,,,,,,,,,,,,,,,,
streaming-services-generally-pay,argument,disagree,low-per-play-rates,,,,,,,,,,,,,,,,
streaming-has-clearly-done,argument,agree,any-musician-can-upload,,,,,,,,,,,,,,,,
streaming-has-clearly-done,argument,agree,listeners-discover-artists-other,,,,,,,,,,,,,,,,
streaming-has-clearly-done,argument,agree,artists-keep-rights-own,,,,,,,,,,,,,,,,
streaming-has-clearly-done,argument,disagree,when-everyone-can-publish,,,,,,,,,,,,,,,,
streaming-has-clearly-done,argument,disagree,playlists-chosen-platform-staff,,,,,,,,,,,,,,,,
streaming-has-clearly-done,argument,disagree,making-music-available-almost,,,,,,,,,,,,,,,,
comedians-generally-able-joke,argument,agree,comedy-works-saying-what,,,,,,,,,,,,,,,,
comedians-generally-able-joke,argument,agree,audiences-already-control-comedy,,,,,,,,,,,,,,,,
comedians-generally-able-joke,argument,agree,when-comedians-punished-offense,,,,,,,,,,,,,,,,
comedians-generally-able-joke,argument,disagree,losing-booking-censorship-venues,,,,,,,,,,,,,,,,
comedians-generally-able-joke,argument,disagree,joke-spreads-contempt-group,,,,,,,,,,,,,,,,
comedians-generally-able-joke,argument,disagree,great-comedians-have-always,,,,,,,,,,,,,,,,
jokes-mock-people-race,argument,agree,laughter-makes-contempt-feel,,,,,,,,,,,,,,,,
jokes-mock-people-race,argument,agree,people-mocked-group-hear,,,,,,,,,,,,,,,,
jokes-mock-people-race,argument,agree,pushback-itself-free-speech,,,,,,,,,,,,,,,,
jokes-mock-people-race,argument,disagree,most-jokes-about-groups,,,,,,,,,,,,,,,,
jokes-mock-people-race,argument,disagree,comedians-within-group-often,,,,,,,,,,,,,,,,
jokes-mock-people-race,argument,disagree,organized-pushback-rarely-stays,,,,,,,,,,,,,,,,
traditional-publishers-still-generally,argument,agree,publisher-s-editors-designers,,,,,,,,,,,,,,,,
traditional-publishers-still-generally,argument,agree,publishers-pay-authors-advance,,,,,,,,,,,,,,,,
traditional-publishers-still-generally,argument,agree,when-publisher-has-invest,,,,,,,,,,,,,,,,
traditional-publishers-still-generally,argument,disagree,publishers-pick-books-think,,,,,,,,,,,,,,,,
traditional-publishers-still-generally,argument,disagree,online-reviews-recommendations-now,,,,,,,,,,,,,,,,
traditional-publishers-still-generally,argument,disagree,self-published-authors-can,,,,,,,,,,,,,,,,
most-working-authors-better,argument,agree,self-published-author-keeps,,,,,,,,,,,,,,,,
most-working-authors-better,argument,agree,authors-who-self-publish,,,,,,,,,,,,,,,,
most-working-authors-better,argument,agree,publishers-put-marketing-behind,,,,,,,,,,,,,,,,
most-working-authors-better,argument,disagree,self-publishing-turns-writer,,,,,,,,,,,,,,,,
most-working-authors-better,argument,disagree,bookstores-libraries-prizes-review,,,,,,,,,,,,,,,,
most-working-authors-better,argument,disagree,advance-guaranteed-money-field,,,,,,,,,,,,,,,,
governments-generally-require-proven,argument,agree,some-children-cannot-vaccinated,,,,,,,,,,,,,,,,
governments-generally-require-proven,argument,agree,schools-gather-many-children,,,,,,,,,,,,,,,,
governments-generally-require-proven,argument,agree,requirement-tied-school-attendance,,,,,,,,,,,,,,,,
governments-generally-require-proven,argument,disagree,parents-school-administrators-responsible,,,,,,,,,,,,,,,,
governments-generally-require-proven,argument,disagree,mandates-breed-resentment-distrust,,,,,,,,,,,,,,,,
governments-generally-require-proven,argument,disagree,most-vaccine-preventable-diseases,,,,,,,,,,,,,,,,
routine-cancer-screening-healthy,argument,agree,screening-finds-many-slow,,,,,,,,,,,,,,,,
routine-cancer-screening-healthy,argument,agree,false-alarm-sets-off,,,,,,,,,,,,,,,,
routine-cancer-screening-healthy,argument,agree,finding-cancer-earlier-often,,,,,,,,,,,,,,,,
routine-cancer-screening-healthy,argument,disagree,many-cancers-far-easier,,,,,,,,,,,,,,,,
routine-cancer-screening-healthy,argument,disagree,patients-can-told-risks,,,,,,,,,,,,,,,,
routine-cancer-screening-healthy,argument,disagree,harms-screening-mostly-temporary,,,,,,,,,,,,,,,,
adults-generally-allowed-buy,argument,agree,many-prescriptions-refills-medicines,,,,,,,,,,,,,,,,
adults-generally-allowed-buy,argument,agree,pharmacists-trained-drugs-interactions,,,,,,,,,,,,,,,,
adults-generally-allowed-buy,argument,agree,people-who-cannot-easily,,,,,,,,,,,,,,,,
adults-generally-allowed-buy,argument,disagree,doctor-s-visit-catches,,,,,,,,,,,,,,,,
adults-generally-allowed-buy,argument,disagree,pharmacists-work-stores-profit,,,,,,,,,,,,,,,,
adults-generally-allowed-buy,argument,disagree,antibiotic-resistance-dependence-some,,,,,,,,,,,,,,,,
governments-generally-set-maximum,argument,agree,patent-already-gives-company,,,,,,,,,,,,,,,,
governments-generally-set-maximum,argument,agree,much-basic-research-behind,,,,,,,,,,,,,,,,
governments-generally-set-maximum,argument,agree,patients-who-skip-doses,,,,,,,,,,,,,,,,
governments-generally-set-maximum,argument,disagree,companies-invest-research-because,,,,,,,,,,,,,,,,
governments-generally-set-maximum,argument,disagree,cap-set-officials-will,,,,,,,,,,,,,,,,
governments-generally-set-maximum,argument,disagree,prices-already-bargained-down,,,,,,,,,,,,,,,,
california-generally-override-local,argument,agree,local-governments-have-blocked,,,,,,,,,,,,,,,,
california-generally-override-local,argument,agree,teachers-nurses-service-workers,,,,,,,,,,,,,,,,
california-generally-override-local,argument,agree,people-businesses-leaving-state,,,,,,,,,,,,,,,,
california-generally-override-local,argument,disagree,local-communities-understand-own,,,,,,,,,,,,,,,,
california-generally-override-local,argument,disagree,state-mandates-have-mostly,,,,,,,,,,,,,,,,
california-generally-override-local,argument,disagree,market-rate-construction-alone,,,,,,,,,,,,,,,,
texas-connect-its-separate,argument,agree,when-extreme-weather-hits,,,,,,,,,,,,,,,,
texas-connect-its-separate,argument,agree,texas-produces-more-wind,,,,,,,,,,,,,,,,
texas-connect-its-separate,argument,agree,investors-more-willing-build,,,,,,,,,,,,,,,,
texas-connect-its-separate,argument,disagree,connecting-national-grids-brings,,,,,,,,,,,,,,,,
texas-connect-its-separate,argument,disagree,lines-needed-connect-grids,,,,,,,,,,,,,,,,
texas-connect-its-separate,argument,disagree,neighboring-regions-have-had,,,,,,,,,,,,,,,,
judging-teachers-partly-students,argument,agree,without-measure-results-teacher,,,,,,,,,,,,,,,,
judging-teachers-partly-students,argument,agree,parents-deserve-know-whether,,,,,,,,,,,,,,,,
judging-teachers-partly-students,argument,agree,teachers-who-consistently-help,,,,,,,,,,,,,,,,
judging-teachers-partly-students,argument,disagree,students-arrive-wildly-different,,,,,,,,,,,,,,,,
judging-teachers-partly-students,argument,disagree,when-jobs-depend-scores,,,,,,,,,,,,,,,,
judging-teachers-partly-students,argument,disagree,strong-teachers-avoid-hardest,,,,,,,,,,,,,,,,
teachers-generally-do-best,argument,agree,teacher-sees-each-child,,,,,,,,,,,,,,,,
teachers-generally-do-best,argument,agree,professionals-who-trusted-stay,,,,,,,,,,,,,,,,
teachers-generally-do-best,argument,agree,lessons-teacher-believes-taught,,,,,,,,,,,,,,,,
teachers-generally-do-best,argument,disagree,most-teachers-were-never,,,,,,,,,,,,,,,,
teachers-generally-do-best,argument,disagree,well-designed-materials-carry,,,,,,,,,,,,,,,,
teachers-generally-do-best,argument,disagree,children-who-move-between,,,,,,,,,,,,,,,,
statues-honoring-historical-figures,argument,agree,statue-public-square-honor,,,,,,,,,,,,,,,,
statues-honoring-historical-figures,argument,agree,public-spaces-belong-people,,,,,,,,,,,,,,,,
statues-honoring-historical-figures,argument,agree,moving-statue-museum-explanation,,,,,,,,,,,,,,,,
statues-honoring-historical-figures,argument,disagree,removing-monuments-makes-uncomfortable,,,,,,,,,,,,,,,,
statues-honoring-historical-figures,argument,disagree,nearly-everyone-honored-past,,,,,,,,,,,,,,,,
statues-honoring-historical-figures,argument,disagree,decisions-about-which-statues,,,,,,,,,,,,,,,,
historians-generally-judge-people,argument,agree,people-past-could-know,,,,,,,,,,,,,,,,
historians-generally-judge-people,argument,agree,historian-s-job-explain,,,,,,,,,,,,,,,,
historians-generally-judge-people,argument,agree,our-own-standards-will,,,,,,,,,,,,,,,,
historians-generally-judge-people,argument,disagree,nearly-every-era-there,,,,,,,,,,,,,,,,
historians-generally-judge-people,argument,disagree,declining-judge-neutral-because,,,,,,,,,,,,,,,,
historians-generally-judge-people,argument,disagree,history-written-living-readers,,,,,,,,,,,,,,,,
fish-clearly-feel-pain,argument,agree,fish-have-nerve-structures,,,,,,,,,,,,,,,,
fish-clearly-feel-pain,argument,agree,fish-change-behavior-long,,,,,,,,,,,,,,,,
fish-clearly-feel-pain,argument,agree,pain-relief-drugs-return,,,,,,,,,,,,,,,,
fish-clearly-feel-pain,argument,disagree,fish-lack-outer-brain,,,,,,,,,,,,,,,,
fish-clearly-feel-pain,argument,disagree,avoiding-place-where-you,,,,,,,,,,,,,,,,
fish-clearly-feel-pain,argument,disagree,judging-animal-s-inner,,,,,,,,,,,,,,,,
claims-apes-parrots-understand,argument,agree,trained-animals-mostly-produce,,,,,,,,,,,,,,,,
claims-apes-parrots-understand,argument,agree,people-reporting-animal-s,,,,,,,,,,,,,,,,
claims-apes-parrots-understand,argument,agree,no-animal-has-been,,,,,,,,,,,,,,,,
claims-apes-parrots-understand,argument,disagree,some-animals-use-learned,,,,,,,,,,,,,,,,
claims-apes-parrots-understand,argument,disagree,wild-animals-already-use,,,,,,,,,,,,,,,,
claims-apes-parrots-understand,argument,disagree,demanding-full-human-grammar,,,,,,,,,,,,,,,,
public-office-private-gain,rung,agree,clemency-only-executive-power,,,,,,,,,,,D.1,,,,,
public-office-private-gain,rung,disagree,article-ii-grants-power,,,,,,,,,,,D.1,,,,,
public-office-private-gain,rung,agree,pardons-granted-president-s,,,,,,,,,,,D.2,,,,,
public-office-private-gain,rung,disagree,narrower-fix-reaches-actual,,,,,,,,,,,D.2,,,,,
public-office-private-gain,rung,agree,two-thirds-threshold-means,,,,,,,,,,,D.3,,,,,
public-office-private-gain,rung,disagree,clemency-exists-correct-injustices,,,,,,,,,,,D.3,,,,,
public-office-private-gain,rung,agree,most-states-already-put,,,,,,,,,,,D.4,,,,,
public-office-private-gain,rung,disagree,reversible-pardon-pardon-nobody,,,,,,,,,,,D.4,,,,,
public-office-private-gain,engagement,agree,,"A voter who thinks members of Congress should not trade the stocks of industries their committees oversee, votes for candidates who say so when the choice is easy, and otherwise leaves the matter alone.",,,,,,,,,,1,,,,,example: sympathetic voter
public-office-private-gain,engagement,disagree,,"A voter who believes the disclosure form and the existing conflict-of-interest statutes already catch what matters, doubts a new ban would deter anyone but honest people of ordinary means, and says so only when asked.",,,,,,,,,,1,,,,,example: skeptical voter
public-office-private-gain,engagement,agree,,"A citizen who writes to their representative to demand a vote on the drafted holdings ban, signs and circulates petitions, backs candidates who pledge not to trade individual stocks, and asks publicly why the Senate has not scheduled the vote.",,,,,,,,,,2,,,,,example: reform campaigner
public-office-private-gain,engagement,disagree,,"A citizen or former official who testifies, writes and organizes against new bans, argues that forced divestiture narrows who can afford to serve and reaches spouses and children who never ran, and pushes instead to strengthen the disclosure form and the audits.",,,,,,,,,,2,,,,,example: disclosure-first advocate
public-office-private-gain,engagement,agree,,"An officeholder who sells their individual stocks or moves them into a blind trust, publishes their own tax returns, and declines to give any official role to a relative, all without a rule requiring it, while leaving colleagues to make their own choice.",,,,,,,,,,3,,,,,example: self-divesting officeholder
public-office-private-gain,engagement,disagree,,"An officeholder who keeps lawful individual holdings, refuses to sign a voluntary pledge to divest or to publish returns, states plainly that the law does not require it and that officials keep the ordinary rights of citizens, and does not try to stop others from pledging.",,,,,,,,,,3,,,,,example: pledge-declining officeholder
public-office-private-gain,engagement,agree,,"A person with lawful access to an official's confidential tax return who publishes it under their own name to show what the disclosure form leaves out, knowing the law attaches criminal penalties to unauthorized disclosure, and accepts prosecution as the price of forcing the question.",,,,,,,,,,4,,,,,example: open-disclosure lawbreaker
most-people-depression-anxiety,argument,agree,trained-therapists-doctors-have,,,,,,,,,,,,,,,,
most-people-depression-anxiety,argument,agree,very-symptoms-depression-low,,,,,,,,,,,,,,,,
most-people-depression-anxiety,argument,agree,untreated-problems-tend-grow,,,,,,,,,,,,,,,,
most-people-depression-anxiety,argument,disagree,sadness-worry-normal-responses,,,,,,,,,,,,,,,,
most-people-depression-anxiety,argument,disagree,many-people-recover-fully,,,,,,,,,,,,,,,,
most-people-depression-anxiety,argument,disagree,treatment-carries-its-own,,,,,,,,,,,,,,,,
teaching-children-build-toughness,argument,agree,constant-attention-feelings-can,,,,,,,,,,,,,,,,
teaching-children-build-toughness,argument,agree,life-will-bring-hardship,,,,,,,,,,,,,,,,
teaching-children-build-toughness,argument,agree,children-who-treated-fragile,,,,,,,,,,,,,,,,
teaching-children-build-toughness,argument,disagree,children-who-cannot-name,,,,,,,,,,,,,,,,
teaching-children-build-toughness,argument,disagree,toughness-training-works-children,,,,,,,,,,,,,,,,
teaching-children-build-toughness,argument,disagree,talking-about-feelings-building,,,,,,,,,,,,,,,,
public-office-private-gain,criteria,,,Abnormal returns on officials' trades placed before government announcements,,,,,,,,,,,,,,,"reading: percentage points per year by which officials' portfolios beat or trail a market benchmark, with a separate figure for trades placed shortly before a legislative or regulatory event | validity: Med | reliability: High | linkage: Med | importance: Med | why: Returns are computed from public filings and market prices, so different researchers can reproduce the figure, but the brief's own findings point in opposite directions over different decades, and the linkage dispute asks whether portfolio performance bears on whether ownership creates a voting conflict at all."
public-office-private-gain,criteria,,,"Share of an official's income sources, debts and foreign ties visible in public filings",,,,,,,,,,,,,,,"reading: percent of an official's income streams, lenders and foreign income lines that appear in the public record, found by comparing a published tax return against the same official's disclosure form | validity: High | reliability: Med | linkage: High | importance: High | why: It captures exactly what the disclosure-versus-publication argument is about, and the brief says the 2022 release makes a line-by-line comparison possible, but counting what is visible depends on how finely an observer splits income sources and how they treat value ranges against exact figures."
public-office-private-gain,criteria,,,Whether a restriction reaches only the official or also family members who hold no office,,,,,,,,,,,,,,,"reading: count of people bound by a rule who hold no office (spouses, dependent children, business partners), per rule, and whether the rule reaches them by name or leaves them uncovered | validity: High | reliability: High | linkage: High | importance: High | why: Both sides accept this as the honest test of the anti side's central complaint and of the agree side's substitution worry, since a rule that stops at the official leaves the conflict in spouse accounts and partnerships while a rule that reaches the family binds people who never ran, and reading it requires only the text of the rule."
public-office-private-gain,criteria,,,Net worth distribution of candidates and of incoming members before and after a rule takes effect,,,,,,,,,,,,,,,"reading: median net worth of incoming members and the share whose wealth is in the top 1 percent, from disclosure filings, compared across the cohorts before and after a rule takes effect | validity: Med | reliability: High | linkage: Med | importance: High | why: Disclosure filings give a reproducible figure and it is the yardstick behind the anti side's strongest interest, but candidate wealth moves for many reasons besides ethics rules, so a shift after a rule is suggestive rather than proof that the rule deterred people of ordinary means."
public-office-private-gain,related,,,Official Stock Holdings and Trading Rules,,,,,,,,,,child,,,,,
public-office-private-gain,related,,,Family Appointments to Official Roles,,,,,,,,,,child,,,,,
public-office-private-gain,related,,,Publication of Officeholders' Tax Returns,,,,,,,,,,child,,,,,
tariffs-imported-goods-generally,argument,agree,tariff-raises-price-good,,,,,,,,,,,,,,,,
tariffs-imported-goods-generally,argument,agree,other-countries-answer-tariffs,,,,,,,,,,,,,,,,
tariffs-imported-goods-generally,argument,agree,industries-shielded-foreign-competition,,,,,,,,,,,,,,,,
tariffs-imported-goods-generally,argument,disagree,when-factory-closes-whole,,,,,,,,,,,,,,,,
tariffs-imported-goods-generally,argument,disagree,when-tariff-removed-importers,,,,,,,,,,,,,,,,
tariffs-imported-goods-generally,argument,disagree,country-lets-its-factories,,,,,,,,,,,,,,,,
country-protect-its-key,argument,agree,country-cannot-make-its,,,,,,,,,,,,,,,,
country-protect-its-key,argument,agree,manufacturing-jobs-offer-steady,,,,,,,,,,,,,,,,
country-protect-its-key,argument,agree,new-industries-need-time,,,,,,,,,,,,,,,,
country-protect-its-key,argument,disagree,every-industry-calls-itself,,,,,,,,,,,,,,,,
country-protect-its-key,argument,disagree,manufacturers-who-use-protected,,,,,,,,,,,,,,,,
country-protect-its-key,argument,disagree,country-wants-secure-supply,,,,,,,,,,,,,,,,
raising-minimum-wage-generally,argument,agree,single-worker-has-almost,,,,,,,,,,,,,,,,
raising-minimum-wage-generally,argument,agree,low-paid-workers-spend,,,,,,,,,,,,,,,,
raising-minimum-wage-generally,argument,agree,when-wages-too-low,,,,,,,,,,,,,,,,
raising-minimum-wage-generally,argument,disagree,when-labor-costs-more,,,,,,,,,,,,,,,,
raising-minimum-wage-generally,argument,disagree,small-businesses-poorer-regions,,,,,,,,,,,,,,,,
raising-minimum-wage-generally,argument,disagree,many-minimum-wage-earners,,,,,,,,,,,,,,,,
employers-generally-free-fire,argument,agree,employer-who-knows-firing,,,,,,,,,,,,,,,,
employers-generally-free-fire,argument,agree,small-businesses-cannot-afford,,,,,,,,,,,,,,,,
employers-generally-free-fire,argument,agree,workers-can-quit-job,,,,,,,,,,,,,,,,
employers-generally-free-fire,argument,disagree,losing-job-can-mean,,,,,,,,,,,,,,,,
employers-generally-free-fire,argument,disagree,workers-who-can-fired,,,,,,,,,,,,,,,,
employers-generally-free-fire,argument,disagree,rules-against-unfair-dismissal,,,,,,,,,,,,,,,,
internet-providers-generally-barred,argument,agree,provider-can-slow-down,,,,,,,,,,,,,,,,
internet-providers-generally-barred,argument,agree,many-households-have-little,,,,,,,,,,,,,,,,
internet-providers-generally-barred,argument,agree,new-services-start-small,,,,,,,,,,,,,,,,
internet-providers-generally-barred,argument,disagree,all-traffic-alike-live,,,,,,,,,,,,,,,,
internet-providers-generally-barred,argument,disagree,building-faster-networks-costs,,,,,,,,,,,,,,,,
internet-providers-generally-barred,argument,disagree,providers-rarely-block-throttle,,,,,,,,,,,,,,,,
laws-require-people-prove,argument,agree,proving-age-means-handing,,,,,,,,,,,,,,,,
laws-require-people-prove,argument,agree,teenagers-who-blocked-mainstream,,,,,,,,,,,,,,,,
laws-require-people-prove,argument,agree,age-rules-set-law,,,,,,,,,,,,,,,,
laws-require-people-prove,argument,disagree,society-already-requires-proof,,,,,,,,,,,,,,,,
laws-require-people-prove,argument,disagree,leaving-choice-parents-has,,,,,,,,,,,,,,,,
laws-require-people-prove,argument,disagree,companies-can-verify-age,,,,,,,,,,,,,,,,
we-support-strengthen-democracy,argument,agree,partisan-primaries-let-small,,,,,,,,,,,,,,,,
we-support-strengthen-democracy,argument,agree,gerrymandering-lets-legislators-choose,,,,,,,,,,,,,,,,
we-support-strengthen-democracy,argument,agree,ranked-choice-voting-produces,,,,,,,,,,,,,,,,
we-support-strengthen-democracy,argument,agree,campaign-finance-structures-make,,,,,,,,,,,,,,,,
we-support-strengthen-democracy,argument,agree,third-parties-independents-kept,,,,,,,,,,,,,,,,
we-support-strengthen-democracy,argument,disagree,specific-electoral-reforms-have,,,,,,,,,,,,,,,,
we-support-strengthen-democracy,argument,disagree,two-party-system-has,,,,,,,,,,,,,,,,
we-support-strengthen-democracy,argument,disagree,restoring-voter-s-voice,,,,,,,,,,,,,,,,
we-support-strengthen-democracy,argument,disagree,campaign-finance-restrictions-collide,,,,,,,,,,,,,,,,
we-support-strengthen-democracy,argument,disagree,nonpartisan-primaries-may-weaken,,,,,,,,,,,,,,,,
we-support-strengthen-democracy,evidence,agree,congress-polls-15-25,,"Gallup; OpenSecrets, ongoing",,,,,,,,,,,,,,
we-support-strengthen-democracy,evidence,agree,primary-voters-measure-significantly,,"Pew Research, 2022",,,,,,,,,,,,,,
we-support-strengthen-democracy,evidence,agree,americans-identifying-independents-reached,,"Gallup, 2023",,,,,,,,,,,,,,
we-support-strengthen-democracy,evidence,agree,alaska-s-first-federal,,"MIT Election Lab, 2022",,,,,,,,,,,,,,
we-support-strengthen-democracy,evidence,agree,independent-redistricting-commissions-arizona,,"NCSL, 2021",,,,,,,,,,,,,,
we-support-strengthen-democracy,evidence,agree,policy-outcomes-correlate-preferences,,"Gilens & Page, Princeton, 2014",,,,,,,,,,,,,,
we-support-strengthen-democracy,evidence,disagree,burlington-vermont-adopted-ranked,,"Burlington city records, 2010",,,,,,,,,,,,,,
we-support-strengthen-democracy,evidence,disagree,evidence-whether-nonpartisan-primaries,,NBER working paper,,,,,,,,,,,,,,
we-support-strengthen-democracy,interest,agree,independent-voters-about-43,,,,,,,,,,,,,,,,
we-support-strengthen-democracy,interest,agree,voters-need-representatives-who,,,,,,,,,,,,,,,,
we-support-strengthen-democracy,interest,agree,forward-party-other-third,,,,,,,,,,,,,,,,
we-support-strengthen-democracy,interest,disagree,opponents-need-governmental-stability,,,,,,,,,,,,,,,,
we-support-strengthen-democracy,interest,disagree,voters-need-simple-ballots,,,,,,,,,,,,,,,,
we-support-strengthen-democracy,interest,disagree,incumbents-major-party-organizations,,,,,,,,,,,,,,,,
we-support-strengthen-democracy,shared_interest,,,Both sides want elections that produce winners most voters can accept as legitimate.,,,,,,,,,,,,,,,
we-support-strengthen-democracy,shared_interest,,,Both sides want less political violence and less democratic backsliding.,,,,,,,,,,,,,,,
we-support-strengthen-democracy,shared_interest,,,Both sides want a political system the next generation wants to join.,,,,,,,,,,,,,,,
we-support-strengthen-democracy,compromise,,,"Try reforms at the state level first, and evaluate the Alaska and Maine experiments against the objective criteria before any federal mandate.",,,,,,,,,,,,,,,
we-support-strengthen-democracy,compromise,,,"Adopt open primaries without full ranked-choice voting as the first step, so independents can vote while the ballot format stays familiar.",,,,,,,,,,,,,,,
we-support-strengthen-democracy,compromise,,,"Use bipartisan redistricting commissions with neutral tiebreakers, on the Colorado model, which both parties have accepted as legitimate.",,,,,,,,,,,,,,,
we-support-strengthen-democracy,compromise,,,"Use small-donor matching, like New York City's 8-to-1 model, which amplifies constituent speech rather than restricting anyone's and so avoids the Citizens United problem.",,,,,,,,,,,,,,,
we-support-strengthen-democracy,prediction,agree,decade-data-alaska-maine,,,,,,,,,,,,,,,A decade of Alaska and Maine data,
we-support-strengthen-democracy,prediction,agree,legislators-jurisdictions-small-donor,,,,,,,,,,,,,,,Roll-call alignment studies,
we-support-strengthen-democracy,prediction,agree,commission-drawn-maps-will,,,,,,,,,,,,,,,"Each redistricting cycle; Cook ratings, NCSL tracking",
we-support-strengthen-democracy,prediction,agree,jurisdictions-use-ranked-choice,,,,,,,,,,,,,,,"Ongoing; ad-tone tracking, FairVote and independent replication",
we-support-strengthen-democracy,prediction,disagree,reformed-states-will-show,,,,,,,,,,,,,,,Two full election cycles,
we-support-strengthen-democracy,prediction,disagree,center-squeeze-other-pathological,,,,,,,,,,,,,,,,
we-support-strengthen-democracy,prediction,disagree,representatives-reformed-states-will,,,,,,,,,,,,,,,5-10 years; roll-call ideal-point estimates by state cohort,
public-office-private-gain,related,,,Congressional Reversal of Pardons,,,,,,,,,,child,,,,,
public-office-private-gain,related,,,Bribery Statutes,,,,,,,,,,sibling,,,,,
public-office-private-gain,related,,,Lobbying Rules,,,,,,,,,,sibling,,,,,
public-office-private-gain,related,,,Financial Disclosure Rules,,,,,,,,,,sibling,,,,,
public-office-private-gain,related,,,Revolving Door Restrictions,,,,,,,,,,sibling,,,,,
public-office-private-gain,related,,,Ethics Rules as a Deterrent to Public Service,,,,,,,,,,opposing,,,,,
public-office-private-gain,related,,,Disclosure Rather Than Prohibition,,,,,,,,,,opposing,,,,,
public-office-private-gain,topic_media,,ziobrowski-cheng-boyd-ziobrowski,,,,,,,,,,,,,,,,"medium: Study | tone: Academic | positivity: +60 | strength: 80 | insight: Senators earned abnormal returns on their stock purchases in the 1990s, which points to a trading advantage tied to the office."
public-office-private-gain,topic_media,,eggers-hainmueller-capitol-losses,,,,,,,,,,,,,,,,"medium: Study | tone: Academic | positivity: -50 | strength: 80 | insight: Congressional portfolios did not beat the market, which is hard to square with a systematic insider advantage for a ban to remove."
public-office-private-gain,strength,disagree,,Some new rules on what officeholders may own or trade tend to deter capable people of ordinary means from serving while catching few conflicts the disclosure form did not already show.,,,,,,,,,,Modest,,,,,
public-office-private-gain,strength,disagree,forced-divestiture-imposes-real,,,,,,,,,,,Moderate,,,,,
public-office-private-gain,rung,disagree,members-keep-property-rights,,,,,,,,,,,A.1,,,,,
public-office-private-gain,rung,disagree,,"When the mandatory audit of a president's returns goes dormant, the fix is to hold the IRS to that audit on a deadline and report when it is completed, not to publish the president's tax return.",,,,,,,,,,C.2,,,,,
public-office-private-gain,rung,agree,,"When a spouse's or business partner's money appears on an officeholder's tax return, it is part of the financial entanglement voters need to see, so publishing it is a privacy cost worth paying rather than a reason to keep the return private.",,,,,,,,,,C.5,,,,,
public-office-private-gain,engagement,disagree,,"An officeholder who, after a holdings ban or a publication requirement is enacted, openly announces that they will keep their holdings or withhold their returns because the rule reaches lawful property and a family that never ran, and accepts whatever penalty or sanction follows rather than comply quietly.",,,,,,,,,,4,,,,,example: defiant officeholder
public-office-private-gain,criteria,,,Share of official decisions made by an official holding a personal financial stake in the outcome,,,,,,,,,,,,,,,"reading: percent of committee votes, rulings or clemency grants in a year where the deciding official or a family member held a stake in the outcome, from disclosure filings matched against the decisions | validity: High | reliability: Med | linkage: High | importance: High | why: It measures the conflict itself rather than a proxy for it, and it is the yardstick behind an interest cited on every belief page in the topic, but building the reading requires matching holdings against decisions, and no matched study of members' holdings against their roll-call votes yet exists, so observers will draw the line between stake and no stake differently."
companies-need-person-s,argument,agree,information-about-person-belongs,,,,,,,,,,,,,,,,
companies-need-person-s,argument,agree,most-people-do-know,,,,,,,,,,,,,,,,
companies-need-person-s,argument,agree,requiring-permission-before-collecting,,,,,,,,,,,,,,,,
companies-need-person-s,argument,disagree,advertising-pays-most-free,,,,,,,,,,,,,,,,
companies-need-person-s,argument,disagree,permission-screens-quickly-become,,,,,,,,,,,,,,,,
companies-need-person-s,argument,disagree,ads-matched-person-s,,,,,,,,,,,,,,,,
law-enforcement-able-read,argument,agree,warrant-already-lets-police,,,,,,,,,,,,,,,,
law-enforcement-able-read,argument,agree,people-who-plan-serious,,,,,,,,,,,,,,,,
law-enforcement-able-read,argument,agree,letting-police-read-encrypted,,,,,,,,,,,,,,,,
law-enforcement-able-read,argument,disagree,there-no-way-build,,,,,,,,,,,,,,,,
law-enforcement-able-read,argument,disagree,warrants-issued-one-country,,,,,,,,,,,,,,,,
law-enforcement-able-read,argument,disagree,ordinary-people-businesses-journalists,,,,,,,,,,,,,,,,
new-movies-generally-open,argument,agree,theater-run-gives-movie,,,,,,,,,,,,,,,,
new-movies-generally-open,argument,agree,seeing-film-big-screen,,,,,,,,,,,,,,,,
new-movies-generally-open,argument,agree,theaters-local-businesses-employ,,,,,,,,,,,,,,,,
new-movies-generally-open,argument,disagree,families-rural-viewers-people,,,,,,,,,,,,,,,,
new-movies-generally-open,argument,disagree,piracy-fills-any-gap,,,,,,,,,,,,,,,,
new-movies-generally-open,argument,disagree,streaming-lets-small-unusual,,,,,,,,,,,,,,,,
studios-let-viewers-choose,argument,agree,viewers-studios-decide-where,,,,,,,,,,,,,,,,
studios-let-viewers-choose,argument,agree,tickets-parking-babysitting-make,,,,,,,,,,,,,,,,
studios-let-viewers-choose,argument,agree,same-day-home-release,,,,,,,,,,,,,,,,
studios-let-viewers-choose,argument,disagree,same-day-home-release-2,,,,,,,,,,,,,,,,
studios-let-viewers-choose,argument,disagree,movies-watched-home-compete,,,,,,,,,,,,,,,,
studios-let-viewers-choose,argument,disagree,once-viewers-expect-every,,,,,,,,,,,,,,,,
cities-generally-redesign-streets,argument,agree,whether-crash-kills-someone,,,,,,,,,,,,,,,,
cities-generally-redesign-streets,argument,agree,streets-where-cars-move,,,,,,,,,,,,,,,,
cities-generally-redesign-streets,argument,agree,redesigning-street-slow-cars,,,,,,,,,,,,,,,,
cities-generally-redesign-streets,argument,disagree,longer-trips-cost-workers,,,,,,,,,,,,,,,,
cities-generally-redesign-streets,argument,disagree,slowing-main-road-pushes,,,,,,,,,,,,,,,,
cities-generally-redesign-streets,argument,disagree,most-places-most-people,,,,,,,,,,,,,,,,
banning-sale-new-gasoline,argument,agree,electric-cars-still-out,,,,,,,,,,,,,,,,
banning-sale-new-gasoline,argument,agree,ban-new-gasoline-cars,,,,,,,,,,,,,,,,
banning-sale-new-gasoline,argument,agree,mandates-get-ahead-what,,,,,,,,,,,,,,,,
banning-sale-new-gasoline,argument,disagree,automakers-charging-companies-only,,,,,,,,,,,,,,,,
banning-sale-new-gasoline,argument,disagree,every-gasoline-car-sold,,,,,,,,,,,,,,,,
banning-sale-new-gasoline,argument,disagree,past-safety-emissions-standards,,,,,,,,,,,,,,,,
long-prison-sentences-generally,argument,agree,most-people-who-commit,,,,,,,,,,,,,,,,
long-prison-sentences-generally,argument,agree,young-men-commit-most,,,,,,,,,,,,,,,,
long-prison-sentences-generally,argument,agree,money-spent-extra-years,,,,,,,,,,,,,,,,
long-prison-sentences-generally,argument,disagree,person-prison-cannot-commit,,,,,,,,,,,,,,,,
long-prison-sentences-generally,argument,disagree,small-number-repeat-offenders,,,,,,,,,,,,,,,,
long-prison-sentences-generally,argument,disagree,being-caught-only-deters,,,,,,,,,,,,,,,,
judges-allowed-keep-suspects,argument,agree,someone-arrested-violent-act,,,,,,,,,,,,,,,,
judges-allowed-keep-suspects,argument,agree,bail-based-money-frees,,,,,,,,,,,,,,,,
judges-allowed-keep-suspects,argument,agree,public-confidence-courts-falls,,,,,,,,,,,,,,,,
judges-allowed-keep-suspects,argument,disagree,person-who-has-been,,,,,,,,,,,,,,,,
judges-allowed-keep-suspects,argument,disagree,predicting-who-dangerous-guesswork,,,,,,,,,,,,,,,,
judges-allowed-keep-suspects,argument,disagree,even-few-weeks-jail,,,,,,,,,,,,,,,,
governments-put-protecting-environment,argument,agree,damage-nature-often-cannot,,,,,,,,,,,,,,,,
governments-put-protecting-environment,argument,agree,growth-uses-up-resources,,,,,,,,,,,,,,,,
governments-put-protecting-environment,argument,agree,markets-reward-growth-but,,,,,,,,,,,,,,,,
governments-put-protecting-environment,argument,disagree,countries-clean-today-mostly,,,,,,,,,,,,,,,,
governments-put-protecting-environment,argument,disagree,strict-environmental-limits-one,,,,,,,,,,,,,,,,
governments-put-protecting-environment,argument,disagree,rules-put-environment-ahead,,,,,,,,,,,,,,,,
technology-tends-solve-environmental,argument,agree,past-resource-scares-tended,,,,,,,,,,,,,,,,
technology-tends-solve-environmental,argument,agree,restrictions-daily-life-unpopular,,,,,,,,,,,,,,,,
technology-tends-solve-environmental,argument,agree,rule-freezes-today-s,,,,,,,,,,,,,,,,
technology-tends-solve-environmental,argument,disagree,new-technology-arrives-its,,,,,,,,,,,,,,,,
technology-tends-solve-environmental,argument,disagree,new-technology-often-used,,,,,,,,,,,,,,,,
technology-tends-solve-environmental,argument,disagree,clean-technologies-did-succeed,,,,,,,,,,,,,,,,
longer-prison-sentences-generally,argument,agree,person-who-prison-cannot,,,,,,,,,,,,,,,,
longer-prison-sentences-generally,argument,agree,adding-years-sentence-raises,,,,,,,,,,,,,,,,
longer-prison-sentences-generally,argument,agree,few-repeat-offenders-account,,,,,,,,,,,,,,,,
longer-prison-sentences-generally,argument,disagree,most-people-age-out,,,,,,,,,,,,,,,,
longer-prison-sentences-generally,argument,disagree,prison-teaches-criminal-skills,,,,,,,,,,,,,,,,
longer-prison-sentences-generally,argument,disagree,money-spent-extra-years-2,,,,,,,,,,,,,,,,
police-departments-spend-more,argument,agree,arrest-happens-after-someone,,,,,,,,,,,,,,,,
police-departments-spend-more,argument,agree,arrests-minor-offenses-leave,,,,,,,,,,,,,,,,
police-departments-spend-more,argument,agree,communities-share-information-police,,,,,,,,,,,,,,,,
police-departments-spend-more,argument,disagree,prevention-hard-measure-easy,,,,,,,,,,,,,,,,
police-departments-spend-more,argument,disagree,people-who-have-already,,,,,,,,,,,,,,,,
police-departments-spend-more,argument,disagree,surest-form-prevention-certainty,,,,,,,,,,,,,,,,
heavy-digital-editing-generally,argument,agree,every-photograph-already-involves,,,,,,,,,,,,,,,,
heavy-digital-editing-generally,argument,agree,printing-developing-have-always,,,,,,,,,,,,,,,,
heavy-digital-editing-generally,argument,agree,what-viewers-respond-finished,,,,,,,,,,,,,,,,
heavy-digital-editing-generally,argument,disagree,ordinary-people-trust-photograph,,,,,,,,,,,,,,,,
heavy-digital-editing-generally,argument,disagree,photograph-s-one-special,,,,,,,,,,,,,,,,
heavy-digital-editing-generally,argument,disagree,when-any-part-picture,,,,,,,,,,,,,,,,
photograph-s-worth-clearly,argument,agree,photographs-people-return-across,,,,,,,,,,,,,,,,
photograph-s-worth-clearly,argument,agree,artistry-can-produced-demand,,,,,,,,,,,,,,,,
photograph-s-worth-clearly,argument,agree,when-striking-image-turns,,,,,,,,,,,,,,,,
photograph-s-worth-clearly,argument,disagree,millions-truthful-snapshots-taken,,,,,,,,,,,,,,,,
photograph-s-worth-clearly,argument,disagree,choosing-where-stand-what,,,,,,,,,,,,,,,,
photograph-s-worth-clearly,argument,disagree,portraits-still-lifes-fashion,,,,,,,,,,,,,,,,
self-driving-cars-can,argument,agree,most-crashes-come-distraction,,,,,,,,,,,,,,,,
self-driving-cars-can,argument,agree,machine-driver-watches-every,,,,,,,,,,,,,,,,
self-driving-cars-can,argument,agree,when-one-automated-car,,,,,,,,,,,,,,,,
self-driving-cars-can,argument,disagree,roads-full-unusual-situations,,,,,,,,,,,,,,,,
self-driving-cars-can,argument,disagree,ordinary-roads-self-driving,,,,,,,,,,,,,,,,
self-driving-cars-can,argument,disagree,sensors-fail-rain-snow,,,,,,,,,,,,,,,,
adding-automation-critical-systems,argument,agree,automation-hides-what-system,,,,,,,,,,,,,,,,
adding-automation-critical-systems,argument,agree,operators-who-rarely-act,,,,,,,,,,,,,,,,
adding-automation-critical-systems,argument,agree,automated-parts-copied-everywhere,,,,,,,,,,,,,,,,
adding-automation-critical-systems,argument,disagree,machine-s-possible-failures,,,,,,,,,,,,,,,,
adding-automation-critical-systems,argument,disagree,automated-failures-logged-repeatable,,,,,,,,,,,,,,,,
adding-automation-critical-systems,argument,disagree,new-failures-automation-creates,,,,,,,,,,,,,,,,
free-trade-other-countries,argument,agree,buying-goods-wherever-made,,,,,,,,,,,,,,,,
free-trade-other-countries,argument,agree,competition-abroad-pushes-home,,,,,,,,,,,,,,,,
free-trade-other-countries,argument,agree,countries-trade-heavily-each,,,,,,,,,,,,,,,,
free-trade-other-countries,argument,disagree,gains-trade-spread-thinly,,,,,,,,,,,,,,,,
free-trade-other-countries,argument,disagree,depending-other-countries-essential,,,,,,,,,,,,,,,,
free-trade-other-countries,argument,disagree,trade-deals-let-companies,,,,,,,,,,,,,,,,
public-decisions-generally-rest,argument,agree,one-person-s-experience,,,,,,,,,,,,,,,,
public-decisions-generally-rest,argument,agree,anecdotes-remembered-repeated-because,,,,,,,,,,,,,,,,
public-decisions-generally-rest,argument,agree,number-can-checked-repeated,,,,,,,,,,,,,,,,
public-decisions-generally-rest,argument,disagree,statistics-measure-only-what,,,,,,,,,,,,,,,,
public-decisions-generally-rest,argument,disagree,averages-hide-people-edges,,,,,,,,,,,,,,,,
public-decisions-generally-rest,argument,disagree,whoever-chooses-what-gets,,,,,,,,,,,,,,,,
statistics-quoted-public-debate,argument,agree,figure-quoted-without-its,,,,,,,,,,,,,,,,
statistics-quoted-public-debate,argument,agree,advocates-pick-figure-helps,,,,,,,,,,,,,,,,
statistics-quoted-public-debate,argument,agree,most-readers-cannot-tell,,,,,,,,,,,,,,,,
statistics-quoted-public-debate,argument,disagree,most-figures-quoted-debate,,,,,,,,,,,,,,,,
statistics-quoted-public-debate,argument,disagree,misuse-statistics-gets-exposed,,,,,,,,,,,,,,,,
statistics-quoted-public-debate,argument,disagree,people-better-spotting-cherry,,,,,,,,,,,,,,,,
quoting-famous-person-generally,argument,agree,claim-true-false-because,,,,,,,,,,,,,,,,
quoting-famous-person-generally,argument,agree,famous-people-quoted-saying,,,,,,,,,,,,,,,,
quoting-famous-person-generally,argument,agree,nearly-any-position-can,,,,,,,,,,,,,,,,
quoting-famous-person-generally,argument,disagree,quotation-person-deep-experience,,,,,,,,,,,,,,,,
quoting-famous-person-generally,argument,disagree,person-whose-judgment-has,,,,,,,,,,,,,,,,
quoting-famous-person-generally,argument,disagree,saying-usually-becomes-famous,,,,,,,,,,,,,,,,
reference-works-generally-refuse,argument,agree,saying-passed-wrong-name,,,,,,,,,,,,,,,,
reference-works-generally-refuse,argument,agree,misattributed-quotations-spread-fastest,,,,,,,,,,,,,,,,
reference-works-generally-refuse,argument,agree,requiring-source-forces-editors,,,,,,,,,,,,,,,,
reference-works-generally-refuse,argument,disagree,many-sayings-shaped-public,,,,,,,,,,,,,,,,
reference-works-generally-refuse,argument,disagree,quotation-can-clearly-labeled,,,,,,,,,,,,,,,,
reference-works-generally-refuse,argument,disagree,insisting-written-original-favors,,,,,,,,,,,,,,,,
