key,tab,kind,text,standalone,topic,parent,x,y,type,direction,rowkind,value,measured_by,where_found,etype,erq,erp,if_true,if_false,latest,bridge,bottom_line,hook,question,ask,positivity,strength,form
barring-members-congress-president,1,belief,Barring members of Congress and the president from owning or trading individual stocks would reduce the use of public office for private gain.,,public-office-private-gain,public-office-usable-private,,,,,,,,,,,,,,,,"The conflict is documented and the disclosure regime demonstrably fails. Whether a ban removes the conflict or relocates it into spouses, partnerships and the revolving door is the open question. It is one of three load-bearing components all sitting at the neutral start, and while they sit there any one of them caps what this page can read, however far the evidence carries the argument.","Members of Congress trade in the industries their own committees oversee, and the penalty for filing late is a $200 fee that is routinely waived.","Would barring members of Congress and the president from holding individual stocks reduce the use of office for private gain, or move the money somewhere the rule cannot see?",,65,Moderate,"(Officials' holdings currently influence official decisions) AND (removing the holdings removes the influence rather than relocating it) AND (a ban can be enacted and enforced). The normative component, that reducing conflicts is worth a narrower candidate pool, is separable."
barring-president-members-congress,2,belief,Barring the president and members of Congress from giving any official government function to a family member would reduce the use of public office for private gain.,,public-office-private-gain,public-office-usable-private,,,,,,,,,,,,,,,,"The legal gap is documented and the supervision problem is real. The page turns on whether a bar removes the conflict or converts a disclosed adviser into an undisclosed one. All three load-bearing components sit at the neutral start, so nothing has been established here yet and nothing is capping anything: the work is to argue them.",The anti-nepotism statute stops at the White House door.,Would barring the president and members of Congress from handing official functions to relatives reduce the use of office for private gain?,,60,Moderate,(Relatives in official roles produce conflicts that ordinary supervision cannot check) AND (a bar removes those conflicts rather than driving them out of view) AND (Congress can impose the bar on the White House). The third component is where the legal fight is.
requiring-president-members-congress,3,belief,Requiring the president and members of Congress to publish their tax returns would reduce the use of public office for private gain.,,public-office-private-gain,public-office-usable-private,,,,,,,,,,,,,,,,"The documentary claim is the strongest part: returns do carry conflict-relevant facts the disclosure form omits. What nobody can show is that publishing them changes anything. All three load-bearing components sit at the neutral start, so what this page needs is not more evidence for the conclusion but an argument for each of its parts.",Every president from Carter through Obama published tax returns without a law requiring it.,"Would requiring the president and members of Congress to publish their tax returns reduce the use of office for private gain, or expose spouses and partners for little in return?",,55,Moderate,"(Returns contain conflict-relevant information the disclosure form lacks) AND (publishing it changes behavior or enables a check) AND (a publication requirement can be imposed). The first is documentary, the second is contested, the third is narrower than the usual objection assumes."
letting-congress-overturn-presidential,4,belief,Letting Congress overturn a presidential pardon by a two-thirds vote of both chambers would reduce the use of the pardon power for private gain.,,public-office-private-gain,public-office-usable-private,,,,,,,,,,,,,,,,"The gap is real: clemency is the only federal power with no check, and grants to the president's own circle are documented in both parties. All three load-bearing components sit at the neutral start, so any one of them caps the page. The one to argue first is not the constitutional objection but whether an override could ever be exercised at a two-thirds threshold against a president whose own party holds a third of either chamber.","A pardon is final the moment it is signed, and no other executive power has so little standing over it.",Would letting Congress overturn a pardon by a two-thirds vote of both chambers reduce the use of the pardon power for private gain?,,70,Moderate,"(Some pardons are granted for the president's private benefit) AND (a congressional override would deter or reverse those grants) AND (an override can be enacted). The third component is legal rather than empirical, and it is the one most likely to hold this page down once all three have been argued."
public-office-usable-private,5,belief,Public office should not be usable for private gain.,,public-office-private-gain,,,,,,,,,,,,,,,,,"Held nearly universally at this level of generality, which is why the argument always moves to the specific rules below it.","Every federal ethics statute since the 1962 reforms rests on one sentence, and the sentence itself is rarely argued.","Should public office be unusable for private gain, without exception, or are there gains an officeholder may keep?",,80,Strong,
every-federal-ethics-statute,6,claim,"Every federal ethics statute since the 1962 conflict-of-interest reforms rests on this principle, so rejecting it would unsettle the whole body of law rather than one rule.",,,public-office-usable-private,,,,,,,,,,,,,,,,True as legal history; that is a weaker claim than the principle itself.,,,,,,
if-office-can-used,7,claim,"If office can be used for private gain, decisions go to whoever pays the most rather than to whoever is right, which is the definition of a government that does not work.",,,public-office-usable-private,,,,,,,,,,,,,,,,The mechanism is right in the extreme case; the size of the effect at low levels of self-dealing is not established here.,,,,,,
rare-principle-supermajority-agreement,8,claim,"It is the rare principle with supermajority agreement across parties: 86 percent of registered voters backed a congressional stock trading ban, including 87 percent of Republicans and 88 percent of Democrats.",,,public-office-usable-private,,,,,,,,,,,,,,,,"Well measured for the stock trading case; it says what people want, not what is right.",,,,,,
stated-level-principle-decides,9,claim,"Stated at this level the principle decides nothing, because every real dispute is about what counts as ""gain"" and what counts as ""using"" the office.",,,public-office-usable-private,,,,,,,,,,,,,,,,"A real objection to using the principle as a decision rule, not to holding it.",,,,,,
taken-literally-bar-anyone,10,claim,"Taken literally it would bar anyone who owns anything from serving, which would leave office to people with no stake in the country they govern.",,,public-office-usable-private,,,,,,,,,,,,,,,,A reductio that the drafted versions of these rules already avoid.,,,,,,
members-regularly-trade-industries,11,claim,"Members regularly trade in the industries their own committees oversee, which puts a private financial stake on both sides of decisions they control.",,,barring-members-congress-president,,,,,,,,,,,,,,,,The overlap is documented; what it causes is the contested part.,,,,,,
disclosure-has-failed-check,12,claim,"Disclosure has failed as a check: 78 members of one Congress filed late under the STOCK Act, the standard penalty is a $200 fee that is routinely waived, and no member has faced a serious sanction.",,,barring-members-congress-president,,,,,,,,,,,,,,,,"The enforcement record is strong evidence; it shows the reporting regime is unenforced, not that trades were corrupt.",,,,,,
holdings-ban-removes-conflict,13,claim,A holdings ban removes the conflict itself instead of asking the public to police thousands of individual trades after the fact.,,,barring-members-congress-president,,,,,,,,,,,,,,,,The strongest structural argument on the page: it changes what has to be proven.,,,,,,
federal-reserve-barred-its,14,claim,"The Federal Reserve barred its own policymakers from holding individual stocks in 2022 and kept functioning and kept hiring, which shows a comparable institution can operate under the rule.",,,barring-members-congress-president,,,,,,,,,,,,,,,,"A live natural experiment in a nearby institution, with a real scope objection.",,,,,,
trading-closed-briefing-almost,15,claim,"Trading on a closed briefing is almost impossible to prosecute, so the only rule that can actually be enforced is one that does not require proving what an official knew.",,,barring-members-congress-president,,,,,,,,,,,,,,,,"The enforcement asymmetry is real; it is evidence about provability, not about guilt.",,,,,,
best-identified-studies-actual,16,claim,"The best-identified studies of actual returns find congressional portfolios underperform the market, which is hard to square with a systematic insider advantage.",,,barring-members-congress-president,,,,,,,,,,,,,,,,The aggregate finding is solid and the rebuttal is that aggregates are the wrong place to look.,,,,,,
ban-official-leaves-conflict,17,claim,"A ban on the official leaves the conflict in place through spouses, dependent children, private partnerships, real estate and crypto, none of which most proposals reach.",,,barring-members-congress-president,,,,,,,,,,,,,,,,A real drafting objection that the Fed template already answers in part.,,,,,,
forced-divestiture-imposes-real,18,claim,Forced divestiture imposes real costs on officials of ordinary means and narrows who can afford to serve.,,,barring-members-congress-president,,,,,,,,,,,,,,,,The cost is real and largely fixable in drafting; the rebuttal is stronger than the argument.,,,,,,
members-keep-property-rights,19,claim,"Members keep the property rights of other citizens, and a ban restricts a lawful activity because of the job someone holds.",,,barring-members-congress-president,,,,,,,,,,,,,,,,Weakest of the four: the restriction is common elsewhere in government and the office is voluntary.,,,,,,
congress-will-enforce-ban,20,claim,"Congress will not enforce a ban on itself, so the statute would put a symbol in place of the enforcement reform that could work.",,,barring-members-congress-president,,,,,,,,,,,,,,,,The best argument against: it predicts the failure mode from the closest precedent.,,,,,,
senators-stock-purchases-beat,21,claim,"Senators' stock purchases beat the market by about 85 basis points a month, roughly 10 percent a year, over 1993 to 1998.",,,barring-members-congress-president,,,,,,,,,observational,,,,,,,Methodologically solid for its period; its period is the problem.,,,,,,
trades-placed-before-legislative,22,claim,Trades placed before legislative events earned abnormal returns of about 3 to 5 percent over 2014 to 2021.,,,barring-members-congress-president,,,,,,,,,observational,2,50,,,,,"The most direct answer to the underperformance studies, and the newest, which cuts both ways.",,,,,,
78-members-117th-congress,23,claim,78 members of the 117th Congress violated the STOCK Act's disclosure deadlines.,,,barring-members-congress-president,,,,,,,,,statistics,,,,,,,Accurate as a count of filing failures; frequently oversold as a count of misconduct.,,,,,,
131-federal-judges-heard,24,claim,"131 federal judges heard 685 cases involving companies in which they or their families held stock, over 2010 to 2018.",,,barring-members-congress-president,,,,,,,,,statistics,,,,,,,Strong evidence about disclosure regimes generally; one institution removed from the belief.,,,,,,
federal-reserve-officials-have,25,claim,"Federal Reserve officials have been barred from holding individual stocks, sector funds, individual bonds, crypto and derivatives since May 2022, with preclearance and a one-year holding period.",,,barring-members-congress-president,,,,,,,,,record,,,,,,,Establishes that the rule is workable; says little yet about its long-run costs.,,,,,,
congressional-portfolios-underperformed-market,26,claim,Congressional portfolios underperformed market benchmarks by roughly 2 to 3 percent a year over 2004 to 2008.,,,barring-members-congress-president,,,,,,,,,observational,,,,,,,"The strongest single piece of evidence against, and its known weakness is that averages hide tails.",,,,,,
no-evidence-members-congress,27,claim,"No evidence that members of Congress outperformed the market over 2012 to 2020, the period after the STOCK Act.",,,barring-members-congress-president,,,,,,,,,observational,2,50,,,,,Directly on point for the trading-advantage claim; silent on the voting-conflict claim.,,,,,,
five-years-after-ban,28,claim,"Five years after a ban takes effect, individual equity holdings reported by members fall to near zero and no trading scandal originates in Congress.",,,barring-members-congress-president,,,,,,,,,,,,,,,,"Pending, and the metric is gameable in a way the prediction should name.",,,,,,
public-trust-congress-five,29,claim,Public trust in Congress five years after a ban is higher than the pre-ban trend predicted.,,,barring-members-congress-president,,,,,,,,,,,,,,,,Weakly diagnostic: a lot of noise for one signal.,,,,,,
jurisdiction-adopts-holdings-ban,30,claim,A jurisdiction that adopts a holdings ban shows conflicted votes falling relative to comparable bodies that did not.,,,barring-members-congress-president,,,,,,,,,,,,,,,,The single most informative study nobody has run.,,,,,,
reported-conflicts-migrate-spouse,31,claim,"Reported conflicts migrate to spouse accounts and private partnerships, leaving the total number of conflict complaints unchanged.",,,barring-members-congress-president,,,,,,,,,,,,,,,,"The most likely way the belief fails, and the one the drafting can answer.",,,,,,
share-incoming-members-whose,32,claim,The share of incoming members whose wealth is in the top 1 percent rises after a ban.,,,barring-members-congress-president,,,,,,,,,,,,,,,,"Testable from existing data, and the base rate makes a large move unlikely.",,,,,,
post-reform-studies-continue,33,claim,"Post-reform studies continue to find no abnormal returns, so there is no trading advantage for a ban to remove.",,,barring-members-congress-president,,,,,,,,,,,,,,,,Would weaken one branch of the tree and leave the other standing.,,,,,,
members-stop-voting-industries,34,claim,Members stop voting on industries in which they hold a personal stake.,,,barring-members-congress-president,,,,,,,,,,,,,,,,"Mechanically near-certain in direction, contested in size.",,,,,,
officials-stop-placing-trades,35,claim,Officials stop placing trades ahead of government announcements.,,,barring-members-congress-president,,,,,,,,,,,,,,,,"Direction certain, magnitude resting on a contested base rate.",,,,,,
voters-can-tell-compromised,36,claim,Voters can tell a compromised official from a clean one without an investigation.,,,barring-members-congress-president,,,,,,,,,,,,,,,,The benefit most often claimed and the least supported by the record.,,,,,,
officials-get-one-rule,37,claim,Officials get one rule they can follow without a lawyer instead of a reporting regime they violate by accident.,,,barring-members-congress-president,,,,,,,,,,,,,,,,Plausible and small; the Fed rule suggests the saving is partly offset.,,,,,,
officials-sell-holdings-schedule,38,claim,Officials sell holdings on a schedule they did not choose and pay tax on the gains.,,,barring-members-congress-president,,,,,,,,,,,,,,,,Real and largely solvable in drafting.,,,,,,
mid-career-professionals-savings,39,claim,Mid-career professionals with savings in individual equities decline to run.,,,barring-members-congress-president,,,,,,,,,,,,,,,,The mechanism is real; the affected group is narrower than the argument implies.,,,,,,
officeholders-lose-income-currently,40,claim,Officeholders lose income they currently earn from trading on their position.,,,barring-members-congress-president,,,,,,,,,,,,,,,,"A cost that only exists to the extent the belief's own premise is true, and it falls on an interest almost nobody defends.",,,,,,
members-divest-move-holdings,41,claim,Members divest or move holdings into diversified funds within the compliance window.,,,barring-members-congress-president,,,,,,,,,,,,,,,,,,,,,,
filing-volume-falls-because,42,claim,Filing volume falls because there are fewer transactions to report.,,,barring-members-congress-president,,,,,,,,,,,,,,,,,,,,,,
conflict-complaints-shift-trading,43,claim,Conflict complaints shift from trading to family and outside business interests.,,,barring-members-congress-president,,,,,,,,,,,,,,,,,,,,,,
rule-becomes-unremarkable-judicial,44,claim,"The rule becomes unremarkable, as judicial and executive branch holding rules did.",,,barring-members-congress-president,,,,,,,,,,,,,,,,,,,,,,
officials-financial-holdings-currently,45,claim,Officials' financial holdings currently influence how they vote and what they say.,,,barring-members-congress-president,,,,,,,,,,,,,,,,"Documented as correlation, not established as influence. This is the load-bearing claim the whole belief rests on.",,,,,,
removing-holding-removes-influence,46,claim,"Removing the holding removes the influence rather than relocating it to a spouse, a partnership or a post-office job.",,,barring-members-congress-president,,,,,,,,,,,,,,,,"The weakest load-bearing part, and the one that caps the page.",,,,,,
holdings-ban-can-enacted,47,claim,A holdings ban can be enacted and enforced against sitting members.,,,barring-members-congress-president,,,,,,,,,,,,,,,,"Much stronger than it was two years ago, and still unfinished.",,,,,,
reducing-conflicts-worth-narrower,48,claim,Reducing conflicts is worth a narrower candidate pool and a real compliance burden.,,,barring-members-congress-president,,,,,,,,,,,,,,,,A value judgment that the cost-benefit table prices rather than settles.,,,,,,
officials-respond-financial-incentives,49,claim,Officials respond to financial incentives the way other people do.,,,barring-members-congress-president,,,,,,,,,,,,,,,,,,,,,,
disclosure-alone-sufficient-when,50,claim,Disclosure alone is sufficient when it is actually enforced.,,,barring-members-congress-president,,,,,,,,,,,,,,,,,,,,,,
both-sides-want-officials,51,claim,"Both sides want officials who are not, and do not appear to be, for sale.",,,barring-members-congress-president,,,,,,,,,,,,,,,,,,,,,,
bar-individual-stocks-sector,52,claim,"Bar individual stocks, sector funds and derivatives for the official, spouse and dependent children; keep diversified funds and Treasuries legal; allow deferral of capital gains on forced divestiture; and set the penalty at a share of the transaction rather than a flat fee.",,,barring-members-congress-president,,,,,,,,,,,,,,,,"The most defensible version on offer; its weakness is political, not analytical.",,,,,,
advertised-reason-what-actually,53,claim,The advertised reason is not what actually drives the position: Stop officials from trading on what they learn in office.,,,barring-members-congress-president,,,,,,,,,,,,,,,,,,,,,,
advertised-reason-what-actually-2,54,claim,The advertised reason is not what actually drives the position: Protect ordinary property rights.,,,barring-members-congress-president,,,,,,,,,,,,,,,,,,,,,,
people-who-bound-people,55,claim,The people who would be bound are the people who must vote for it.,,,barring-members-congress-president,,,,,,,,,,,,,,,,,,,,,,
opponents-cannot-point-benefit,56,claim,Opponents cannot point to a benefit of officials owning individual stocks that a diversified fund does not provide.,,,barring-members-congress-president,,,,,,,,,,,,,,,,,,,,,,
scandal-salience-handful-vivid,57,claim,Scandal salience: a handful of vivid cases stands in for a rate nobody has measured.,,,barring-members-congress-president,,,,,,,,,,,,,,,,,,,,,,
self-interest-status-quo,58,claim,Self-interest and status quo bias among the officials who would be bound.,,,barring-members-congress-president,,,,,,,,,,,,,,,,,,,,,,
stock-act-2012-made,59,claim,The STOCK Act of 2012 made insider trading law explicitly applicable to Congress and required transaction reports within 45 days.,,,barring-members-congress-president,,,,,,,,,,,,,,,,,,,,,,
courthouse-ethics-transparency-act,60,claim,The Courthouse Ethics and Transparency Act of 2022 applied the same transaction reporting to federal judges and created a searchable database.,,,barring-members-congress-president,,,,,,,,,,,,,,,,,,,,,,
criminal-conflict-interest-statute,61,claim,"The criminal conflict-of-interest statute does not apply to the president, the vice president, members of Congress or federal judges.",,,barring-members-congress-president,,,,,,,,,,,,,,,,Listed on the weakening side because it is cited that way; the linkage page is where that gets tested.,,,,,,
citizens-keep-ordinary-rights,62,claim,Citizens keep their ordinary rights when they take public office.,,,barring-members-congress-president,,,,,,,,,,,,,,,,,,,,,,
senior-executive-branch-officials,63,claim,Senior executive branch officials and their spouses should be barred from holding individual stocks.,,,barring-members-congress-president,,,,,,,,,,,,,,,,,,,,,,
congressional-staff-access-nonpublic,64,claim,Congressional staff with access to nonpublic information should face the same ban.,,,barring-members-congress-president,,,,,,,,,,,,,,,,,,,,,,
members-congress-barred-owning,65,claim,Members of Congress should be barred from owning any asset other than Treasury securities and diversified funds while in office.,,,barring-members-congress-president,,,,,,,,,,,,,,,,,,,,,,
members-congress-required-place,66,claim,Members of Congress should be required to place individual stocks in a qualified blind trust.,,,barring-members-congress-president,,,,,,,,,,,,,,,,,,,,,,
senators-jeff-merkley-josh,67,claim,"Senators Jeff Merkley, Josh Hawley and Jon Ossoff have sponsored or cosponsored legislation to ban congressional stock trading.",,,barring-members-congress-president,,,,,,,,,,,,,,,,,,,,,,
representatives-chip-roy-seth,68,claim,Representatives Chip Roy and Seth Magaziner have sponsored the leading House bills in the 119th Congress.,,,barring-members-congress-president,,,,,,,,,,,,,,,,,,,,,,
speaker-nancy-pelosi-said,69,claim,"Speaker Nancy Pelosi said in December 2021 that members should be able to participate in the free-market economy, before later supporting floor consideration of a ban.",,,barring-members-congress-president,,,,,,,,,,,,,,,,"Accurate as a quotation, misleading as a summary of her final position.",,,,,,
anti-nepotism-statute-stops,70,claim,"The anti-nepotism statute stops at the White House door, so the rule does not reach the place where the stakes are highest.",,,barring-president-members-congress,,,,,,,,,,,,,,,,The legal gap is real and was formally relied upon; whether a court would agree has never been tested.,,,,,,
relative-cannot-supervised-disciplined,71,claim,"A relative cannot be supervised, disciplined or fired the way another official can, so the ordinary checks on an official's conduct do not operate.",,,barring-president-members-congress,,,,,,,,,,,,,,,,The strongest argument on the page: it names a mechanism that does not depend on anyone's motives.,,,,,,
official-role-gives-family,72,claim,"An official role gives a family member a channel that foreign governments and business partners can use, with the family's private interests attached to it.",,,barring-president-members-congress,,,,,,,,,,,,,,,,Concrete and current; the rebuttal points at a narrower remedy.,,,,,,
rule-already-applies-every,73,claim,"The rule already applies to every other federal agency, so extending it closes a gap rather than inventing a restriction.",,,barring-president-members-congress,,,,,,,,,,,,,,,,"True, and the rebuttal reframes the whole proposal as an enforcement question.",,,,,,
formal-appointment-what-brings,74,claim,"Formal appointment is what brings a relative inside the ethics rules; a bar pushes the same influence outside them, where nothing applies.",,,barring-president-members-congress,,,,,,,,,,,,,,,,"The best argument against, and it is answered only if the rule is drafted around function rather than title.",,,,,,
problem-people-actually-point,75,claim,"The problem people actually point to is relatives trading on the family name in private business, which this proposal does not touch.",,,barring-president-members-congress,,,,,,,,,,,,,,,,A genuine scope objection: the proposal is aimed at a smaller target than the grievance that motivates it.,,,,,,
president-entitled-advisers-he,76,claim,"A president is entitled to advisers he trusts, and Congress's power to tell him whom he may consult is constitutionally contested.",,,barring-president-members-congress,,,,,,,,,,,,,,,,"Strong for White House staff, weak for Senate-confirmed posts.",,,,,,
competence-neither-inherited-nor,77,claim,"Competence is neither inherited nor disqualified by relation, and a blanket bar excludes people for a relationship rather than for a conflict.",,,barring-president-members-congress,,,,,,,,,,,,,,,,Answers an argument the proposal does not make.,,,,,,
justice-department-concluded-federal,78,claim,The Justice Department concluded that the federal anti-nepotism statute does not bar a presidential relative's appointment to the White House Office.,,,barring-president-members-congress,,,,,,,,,record,,,,,,,"Authoritative in practice, untested in court.",,,,,,
relatives-marriage-have-held,79,claim,"Relatives by marriage have held Senate-confirmed and envoy positions outside the White House Office, including an ambassadorship in 2025 and a special envoy designation in February 2026.",,,barring-president-members-congress,,,,,,,,,record,,,,,,,Current and verifiable; the confirmation point cuts against reading it as an unchecked practice.,,,,,,
relatives-who-became-federal,80,claim,"Relatives who became federal employees filed public financial disclosures reporting assets of up to roughly $762 million, with multiple amendments adding previously omitted holdings.",,,barring-president-members-congress,,,,,,,,,record,,,,,,,"The concrete form of the ""inside the rules"" argument.",,,,,,
federal-candidates-paid-combined,81,claim,"Federal candidates paid a combined $1.3 million in wages to people sharing their surname in one election cycle, entirely through campaign committees that no official-duty rule reaches.",,,barring-president-members-congress,,,,,,,,,statistics,,,,,,,"Shows where the money actually moves, which is not where the proposal points.",,,,,,
after-bar-takes-effect,82,claim,"After a bar takes effect, no relative of a president or a member holds a White House, envoy or ambassadorial post.",,,barring-president-members-congress,,,,,,,,,,,,,,,,"Easy to measure and easy to satisfy without changing anything, which is the objection in one line.",,,,,,
documented-contacts-which-foreign,83,claim,Documented contacts in which a foreign government routes business through a presidential relative fall relative to the preceding decade.,,,barring-president-members-congress,,,,,,,,,,,,,,,,"The right thing to measure, measured by a proxy that moves for other reasons.",,,,,,
relatives-continue-shape-policy,84,claim,"Relatives continue to shape policy as private citizens and unpaid informal advisers, and the number of documented family-channel contacts is unchanged.",,,barring-president-members-congress,,,,,,,,,,,,,,,,The way this belief most plausibly fails.,,,,,,
official-decisions-stop-being,85,claim,Official decisions stop being made by people the president cannot supervise or remove in the ordinary way.,,,barring-president-members-congress,,,,,,,,,,,,,,,,,,,,,,
foreign-governments-lose-contact,86,claim,Foreign governments lose a contact point that carries private family interests with it.,,,barring-president-members-congress,,,,,,,,,,,,,,,,,,,,,,
career-staff-can-raise,87,claim,Career staff can raise objections to a senior adviser without raising them to the president about his own family.,,,barring-president-members-congress,,,,,,,,,,,,,,,,,,,,,,
president-loses-advisers-he,88,claim,"A president loses advisers he trusts most, at some cost to the quality of advice he acts on.",,,barring-president-members-congress,,,,,,,,,,,,,,,,,,,,,,
qualified-people-excluded-public,89,claim,Qualified people are excluded from public service for a family relationship they did not choose.,,,barring-president-members-congress,,,,,,,,,,,,,,,,,,,,,,
influence-moves-informal-channels,90,claim,Influence moves to informal channels that file nothing and leave no record.,,,barring-president-members-congress,,,,,,,,,,,,,,,,,,,,,,
relative-official-role-creates,91,claim,A relative in an official role creates conflicts that ordinary supervision and ethics rules cannot check.,,,barring-president-members-congress,,,,,,,,,,,,,,,,"Contested, and the disagreement is the mirror image of the ""inside the rules"" argument.",,,,,,
bar-removes-influence-rather,92,claim,A bar removes the influence rather than pushing it into informal channels.,,,barring-president-members-congress,,,,,,,,,,,,,,,,"Tied for weakest load-bearing component on this page, which is why the cap bites.",,,,,,
congress-can-impose-bar,93,claim,Congress can impose the bar on White House appointments.,,,barring-president-members-congress,,,,,,,,,,,,,,,,More defensible than the pardon case and less settled than the stock case.,,,,,,
both-sides-want-relatives,94,claim,Both sides want relatives' financial interests visible rather than hidden.,,,barring-president-members-congress,,,,,,,,,,,,,,,,,,,,,,
bar-relatives-senate-confirmed,95,claim,"Bar relatives from Senate-confirmed and envoy positions, and require anyone performing official functions, whatever their title, to file the same disclosures and follow the same conflict rules as an employee.",,,barring-president-members-congress,,,,,,,,,,,,,,,,,,,,,,
relatives-president-barred-senate,96,claim,Relatives of the president should be barred from Senate-confirmed positions but permitted to serve as unpaid advisers subject to full disclosure.,,,barring-president-members-congress,,,,,,,,,,,,,,,,,,,,,,
return-shows-what-financial,97,claim,"A return shows what the financial disclosure form does not: exact income and its character, foreign income and foreign tax credits, business losses carried forward, charitable giving, and the rate actually paid.","A published tax return shows what the federal financial disclosure form does not: exact income and its character, foreign income and foreign tax credits, business losses carried forward, charitable giving, and the rate actually paid.",,requiring-president-members-congress,,,,,,,,,,,,,,,,The factual claim about what each document contains is correct; whether the extra content is what screens conflicts is the argument.,,,,,,
internal-check-failed-one,98,claim,"The internal check failed in the one case that tested it: the mandatory presidential audit was dormant, and the audit of the first two years opened the day Congress asked for the returns.","The internal check on a president’s tax compliance failed in the one case that tested it: the mandatory presidential audit was dormant, and the audit of the first two years opened the day Congress asked for the returns.",,requiring-president-members-congress,,,,,,,,,,,,,,,,"The strongest evidence on the page, and it is about the audit rather than about publication.",,,,,,
every-president-carter-through,99,claim,"Every president from Carter through Obama released returns voluntarily, so a requirement restores a forty-year norm rather than inventing an obligation.","Every president from Carter through Obama released tax returns voluntarily, so a publication requirement restores a forty-year norm rather than inventing an obligation.",,requiring-president-members-congress,,,,,,,,,,,,,,,,Accurate history; the step from norm to statute is the contested part.,,,,,,
published-return-can-checked,100,claim,"A published return can be checked by anyone, which is the only enforcement that does not depend on an agency the official appoints.","A published tax return can be checked by anyone, which is the only enforcement of an officeholder’s tax compliance that does not depend on an agency the officeholder appoints.",,requiring-president-members-congress,,,,,,,,,,,,,,,,"The structural argument, and the one least dependent on any particular administration.",,,,,,
return-shows-tax-positions,101,claim,"A return shows tax positions, not conflicts, and the disclosure form already lists assets, income sources, liabilities and positions in categories built for conflict screening.","A tax return shows tax positions, not conflicts, and the federal financial disclosure form already lists assets, income sources, liabilities and positions in categories built for conflict screening.",,requiring-president-members-congress,,,,,,,,,,,,,,,,"The best argument against, and the rebuttal is specific enough to test.",,,,,,
publication-exposes-spouses-children,102,claim,"Publication exposes spouses, children and business partners who never ran for office.","Requiring the president and members of Congress to publish their tax returns would publish the finances of spouses, children and business partners who never ran for office.",,requiring-president-members-congress,,,,,,,,,,,,,,,,A real privacy cost with a partial drafting answer.,,,,,,
route-constitutionally-narrow-disclosure,103,claim,"The route is constitutionally narrow: a disclosure condition on ballot access was already struck down once, and a badly drafted rule would be litigated rather than obeyed.","The constitutional route to a tax-return publication requirement is narrow: a disclosure condition on ballot access was already struck down once, and a badly drafted rule would be litigated rather than obeyed.",,requiring-president-members-congress,,,,,,,,,,,,,,,,The precedent is real and much narrower than the argument treats it.,,,,,,
sophisticated-wealth-sits-pass,104,claim,"Sophisticated wealth sits in pass-through entities and trusts that file their own returns, so a personal return can be published and show very little.",,,requiring-president-members-congress,,,,,,,,,,,,,,,,The most technically substantive objection on the page.,,,,,,
mandatory-irs-audit-presidential,105,claim,"The mandatory IRS audit of presidential returns was ""dormant, at best,"" and the audit of the 2015 and 2016 returns opened on April 3, 2019, the day the committee requested them; only 2016 was completed in office.",,,requiring-president-members-congress,,,,,,,,,record,,,,,,,The dates are documentary and the characterization is the committee's.,,,,,,
nixon-released-his-returns,106,claim,"Nixon released his returns in December 1973 and asked the Joint Committee on Taxation to review them; the review found roughly $465,000 in back taxes owed.",,,requiring-president-members-congress,,,,,,,,,record,,,,,,,"The founding case of the norm, and it cuts slightly against compulsion.",,,,,,
public-financial-disclosure-form,107,claim,"The public financial disclosure form already requires assets, income sources, liabilities, positions, agreements and gifts, reported in value ranges.",,,requiring-president-members-congress,,,,,,,,,record,,,,,,,"Accurate, and the range structure is exactly what the other side points at.",,,,,,
state-law-requiring-five,108,claim,A state law requiring five years of returns from presidential primary candidates was struck down unanimously on state constitutional grounds.,,,requiring-president-members-congress,,,,,,,,,record,,,,,,,"Frequently cited for more than it holds, which is what its linkage page is for.",,,,,,
within-two-election-cycles,109,claim,"Within two election cycles of a publication requirement, at least one significant undisclosed foreign income source or lender relationship is found in a published return.",,,requiring-president-members-congress,,,,,,,,,,,,,,,,"Diagnostic, and its failure would be ambiguous between deterrence and nothing to find.",,,,,,
published-returns-add-nothing,110,claim,"Published returns add nothing to what the disclosure form already showed, and no conflict is identified from a return that the form had not already flagged.",,,requiring-president-members-congress,,,,,,,,,,,,,,,,Directly testable against the one case where both documents exist.,,,,,,
foreign-income-lender-relationships,111,claim,Foreign income and lender relationships become visible without a subpoena.,"If the president and members of Congress published their tax returns, foreign income and lender relationships would become visible without a subpoena.",,requiring-president-members-congress,,,,,,,,,,,,,,,,,,,,,,
voters-can-judge-official,112,claim,Voters can judge an official's financial entanglements before voting rather than after an investigation.,"If the president and members of Congress published their tax returns, voters could judge an official’s financial entanglements before voting rather than after an investigation.",,requiring-president-members-congress,,,,,,,,,,,,,,,,,,,,,,
audit-president-stops-depending,113,claim,The audit of the president stops depending on an agency the president appoints.,"If the president published their tax returns, the audit of the president would stop depending on an agency the president appoints.",,requiring-president-members-congress,,,,,,,,,,,,,,,,,,,,,,
spouses-children-business-partners,114,claim,"Spouses, children and business partners have their finances published without holding office.","Under a tax-return publication requirement, spouses, children and business partners have their finances published without holding office.",,requiring-president-members-congress,,,,,,,,,,,,,,,,,,,,,,
officials-structure-finances-look,115,claim,Officials structure their finances to look unremarkable rather than to be efficient.,"Under a tax-return publication requirement, officials structure their finances to look unremarkable rather than to be efficient.",,requiring-president-members-congress,,,,,,,,,,,,,,,,,,,,,,
returns-read-scandal-rather,116,claim,"Returns are read as scandal rather than as data, and complex but lawful items are litigated in public.","Published tax returns are read as scandal rather than as data, and complex but lawful items are litigated in public.",,requiring-president-members-congress,,,,,,,,,,,,,,,,,,,,,,
tax-returns-contain-conflict,117,claim,Tax returns contain conflict-relevant information that the financial disclosure form does not.,,,requiring-president-members-congress,,,,,,,,,,,,,,,,The most checkable component on any of these four pages.,,,,,,
publication-changes-what-officials,118,claim,"Publication changes what officials do, or lets someone act on what it shows.","Publishing the tax returns of the president and members of Congress changes what officials do, or lets someone act on what it shows.",,requiring-president-members-congress,,,,,,,,,,,,,,,,"The weak link in substance, and it scores level with the other two rather than below them.",,,,,,
federal-publication-requirement-officeholders,119,claim,A federal publication requirement for officeholders can be enacted and would survive review.,,,requiring-president-members-congress,,,,,,,,,,,,,,,,Stronger than the pardon case: the disclosure precedent is well established.,,,,,,
both-sides-want-conflicts,120,claim,Both sides want conflicts visible; they disagree about which document shows them.,,,requiring-president-members-congress,,,,,,,,,,,,,,,,,,,,,,
require-exact-values-rather,121,claim,"Require exact values rather than ranges on the disclosure form, add foreign income and lender identity, and require the president to publish returns while leaving members under the enhanced form.",,,requiring-president-members-congress,,,,,,,,,,,,,,,,,,,,,,
all-senior-federal-officials,122,claim,"All senior federal officials, including agency heads and judges, should publish their tax returns annually.",,,requiring-president-members-congress,,,,,,,,,,,,,,,,,,,,,,
clemency-only-executive-power,123,claim,"Clemency is the only executive power with no check at all: impeachment reaches the officer, not the act, and the act is final the moment it is signed.",,,letting-congress-overturn-presidential,,,,,,,,,,,,,,,,Structurally accurate. Whether the absence of a check is a defect or the point is the whole argument.,,,,,,
pardons-granted-president-s,124,claim,"Pardons granted to the president's relatives, donors, business partners and co-defendants are the clearest case of office used for private benefit, and nothing reviews them.",,,letting-congress-overturn-presidential,,,,,,,,,,,,,,,,"The pattern is documented across parties, which is what makes it a structural argument rather than a partisan one.",,,,,,
two-thirds-threshold-means,125,claim,A two-thirds threshold means only the pardons that both parties find indefensible would ever be reversed.,,,letting-congress-overturn-presidential,,,,,,,,,,,,,,,,"The threshold argument cuts both ways, and the page should show that rather than resolve it.",,,,,,
most-states-already-put,126,claim,Most states already put a structural check on clemency and those systems function.,,,letting-congress-overturn-presidential,,,,,,,,,,,,,,,,"The best evidence that a check is workable, and the rebuttal correctly identifies that it is not this check.",,,,,,
article-ii-grants-power,127,claim,"Article II grants the power without a congressional role, and the Supreme Court has held it is not subject to legislative control, so this requires a constitutional amendment rather than a statute.",,,letting-congress-overturn-presidential,,,,,,,,,,,,,,,,"Decisive against a statute and not against the belief as written, which is why it is a component question rather than a refutation.",,,,,,
clemency-exists-correct-injustices,128,claim,"Clemency exists to correct injustices the political branches will not, so a legislative veto would remove precisely the unpopular mercy the power is for.",,,letting-congress-overturn-presidential,,,,,,,,,,,,,,,,"The strongest argument on the page in principle, and the two-thirds threshold is a real answer to it.",,,,,,
reversible-pardon-pardon-nobody,129,claim,"A reversible pardon is not a pardon: nobody could rely on it, and the power to settle whole classes of cases through amnesties would end.",,,letting-congress-overturn-presidential,,,,,,,,,,,,,,,,A serious design objection with an obvious drafting answer that no proposal has adopted.,,,,,,
narrower-fix-reaches-actual,130,claim,"A narrower fix reaches the actual abuse without touching the power: prosecute bribes paid for pardons, and require the review file to be published.",,,letting-congress-overturn-presidential,,,,,,,,,,,,,,,,"The most practical alternative, and the response is that it has never actually been used.",,,,,,
58-percent-americans-said,131,claim,"58 percent of Americans said the president grants too many pardons and 56 percent supported a constitutional amendment limiting the power, with Democrats at 76 percent and Republicans at 34 percent.",,,letting-congress-overturn-presidential,,,,,,,,,statistics,,,,,,,"Real support, and the crosstabs are the reason to doubt the amendment path.",,,,,,
federal-judge-unsealed-redacted,132,claim,A federal judge unsealed a redacted opinion describing a Justice Department investigation into an alleged bribery-for-pardon scheme; no names were released and nobody was charged.,,,letting-congress-overturn-presidential,,,,,,,,,record,,,,,,,Enough to show the risk is not hypothetical; not enough to show it materialized.,,,,,,
independent-boards-hold-gate,133,claim,"Independent boards hold or gate the clemency power in more than a dozen states, and those systems operate continuously.",,,letting-congress-overturn-presidential,,,,,,,,,statistics,,,,,,,Strong precedent for a check; weak precedent for this particular check.,,,,,,
supreme-court-held-pardon,134,claim,The Supreme Court held that the pardon power is not subject to legislative control and that Congress can neither limit the effect of a pardon nor exclude any class of offenders from it.,,,letting-congress-overturn-presidential,,,,,,,,,record,,,,,,,Decisive on the mechanism and silent on the belief as stated.,,,,,,
proposals-let-congress-nullify,135,claim,Proposals to let Congress nullify pardons by two-thirds vote have been introduced with bipartisan sponsorship and have not moved out of committee.,,,letting-congress-overturn-presidential,,,,,,,,,record,,,,,,,"Listed on the weakening side because it is argued that way, and its linkage page is where the relevance fails.",,,,,,
decade-after-override-mechanism,136,claim,"In the decade after an override mechanism exists, the share of clemency grants that bypass the Justice Department review process falls.",,,letting-congress-overturn-presidential,,,,,,,,,,,,,,,,The best-measured prediction on the page.,,,,,,
override-never-used-because,137,claim,"The override is never used, because two thirds of both chambers cannot be assembled against a president whose party holds a third of either one.",,,letting-congress-overturn-presidential,,,,,,,,,,,,,,,,"The most likely outcome, and the deterrence rebuttal is real but unmeasurable.",,,,,,
presidents-shift-pre-emptive,138,claim,"Presidents shift to pre-emptive and blanket pardons issued on the last day, where an override vote arrives after the recipients have scattered.",,,letting-congress-overturn-presidential,,,,,,,,,,,,,,,,"Predicts the adaptation, and names the drafting fix in its own rebuttal.",,,,,,
pardons-granted-president-s-2,139,claim,Pardons granted to the president's own circle become reviewable rather than final.,,,letting-congress-overturn-presidential,,,,,,,,,,,,,,,,,,,,,,
prospect-vote-deters-grants,140,claim,The prospect of a vote deters the grants that could not survive one.,,,letting-congress-overturn-presidential,,,,,,,,,,,,,,,,,,,,,,
clemency-decisions-return-justice,141,claim,Clemency decisions return to the Justice Department review process that screens petitions on the merits.,,,letting-congress-overturn-presidential,,,,,,,,,,,,,,,,,,,,,,
unpopular-but-just-clemency,142,claim,"Unpopular but just clemency becomes harder, which is the case the power exists for.",,,letting-congress-overturn-presidential,,,,,,,,,,,,,,,,,,,,,,
recipients-cannot-rely-pardon,143,claim,"Recipients cannot rely on a pardon, so it settles nothing until the override window closes.",,,letting-congress-overturn-presidential,,,,,,,,,,,,,,,,,,,,,,
every-controversial-clemency-decision,144,claim,Every controversial clemency decision becomes another partisan floor fight.,,,letting-congress-overturn-presidential,,,,,,,,,,,,,,,,,,,,,,
some-pardons-granted-president,145,claim,Some pardons are granted for the president's private benefit.,,,letting-congress-overturn-presidential,,,,,,,,,,,,,,,,The pattern is documented and the characterization is inference. It is the firmest of the three components.,,,,,,
congressional-override-deter-reverse,146,claim,A congressional override would deter or reverse the grants at issue.,,,letting-congress-overturn-presidential,,,,,,,,,,,,,,,,"The weakest load-bearing component on this page, and the one that caps it. The prediction table says why.",,,,,,
override-mechanism-can-enacted,147,claim,An override mechanism can be enacted.,,,letting-congress-overturn-presidential,,,,,,,,,,,,,,,,"Argued down more effectively than the constitutional objection is usually argued, and not the component that caps this page.",,,,,,
both-sides-agree-selling,148,claim,Both sides agree that selling a pardon is a crime and that nobody currently checks whether one was sold.,,,letting-congress-overturn-presidential,,,,,,,,,,,,,,,,,,,,,,
require-pardon-attorney-s,149,claim,"Require the Pardon Attorney's file and the president's stated reasons to be published for every grant, and let Congress reverse a grant within sixty days by two-thirds vote, adopted as a constitutional amendment.",,,letting-congress-overturn-presidential,,,,,,,,,,,,,,,,,,,,,,
pardon-power-abolished-replaced,150,claim,The pardon power should be abolished and replaced with a clemency commission whose decisions the president may only ratify.,,,letting-congress-overturn-presidential,,,,,,,,,,,,,,,,,,,,,,
president-barred-pardoning-relatives,151,claim,"A president should be barred from pardoning relatives, donors and co-defendants, with no general override.",,,letting-congress-overturn-presidential,,,,,,,,,,,,,,,,,,,,,,
citizens-need-government-decisions,152,interest,Citizens need government decisions made on the merits rather than on what enriches the decider.,,,public-office-usable-private,,public-office-usable-private,,,,Fairness,Share of official decisions made by an official holding a personal financial stake in the outcome,,,,,Falls after the rule takes effect,Unchanged,"Not measured systematically; 78 members of one Congress filed late transaction reports (Insider, 2023)",,"Near the top of any hierarchy of public needs, and contested only at the edges of its application.",,,,,,
investors-need-markets-where,153,interest,Investors need markets where nobody trades on information the government has not released.,,,public-office-usable-private,,public-office-usable-private,,,,Free enterprise,Abnormal returns on officials' trades placed before government announcements,,,,,Fall to zero,Persist at their current level,Mixed: 85 basis points a month for senators over 1993 to 1998 (Ziobrowski 2004); no advantage found over 2012 to 2020 (Belmont 2022); 3 to 5 percent before legislative events over 2014 to 2021 (Zhou 2025),,Valid and recognized; the disputed part is how much is actually at stake.,,,,,,
voters-need-enough-information,154,interest,Voters need enough information to judge whether an official is compromised.,,,public-office-usable-private,,public-office-usable-private,,,,Accountability,"Share of an official's income sources, debts and foreign ties visible in public filings",,,,,Rises to near complete,Unchanged,"Assets and income are disclosed in broad ranges; foreign income, lender identity and effective tax rate are not (OGE Public Financial Disclosure Guide, 2024)",,"Strong as a need, contested in how far into a family it reaches.",,,,,,
crime-victims-public-need,155,interest,Crime victims and the public need clemency decisions that can be reviewed rather than traded.,,,public-office-usable-private,,public-office-usable-private,,,,Rule of law,Share of clemency grants that went through the Justice Department review process,,,,,Rises toward the historical norm,Stays at recent lows,"About 93 percent of one administration's first-term grants bypassed the Pardon Attorney (Goldsmith and Gluck, 2020)",,"A real need with an unusually direct constitutional obstacle, which is argued on the belief page rather than here.",,,,,,
officials-need-rules-can,156,interest,Officials need rules they can follow without a lawyer and without violating them by accident.,,,public-office-usable-private,,public-office-usable-private,,,,Security,Number of inadvertent reporting violations per year,,,,,Falls toward zero,Stays at current levels,"78 members of the 117th Congress filed late under the STOCK Act (Insider, 2023)",,"Valid and usually ignored, and it is the interest a bright-line ban serves best.",,,,,,
officials-families-need-same,157,interest,Officials and their families need the same property rights and privacy as other citizens.,,,public-office-usable-private,,public-office-usable-private,,,,Liberty,Whether a restriction reaches only the official or also family members who hold no office,,,,,Restrictions stay narrow and are compensated,Restrictions extend to family and are not,"Proposals vary: most reach the spouse and dependent children, and the Federal Reserve rule reaches immediate family",,"Valid in general, weakest exactly where it is invoked most: a voluntary office with known conditions.",,,,,,
country-needs-capable-people,158,interest,"The country needs capable people of ordinary means willing to serve, not only the wealthy and the indifferent.",,,public-office-usable-private,,public-office-usable-private,,,,Opportunity,Net worth distribution of candidates and of incoming members,,,,,Unchanged or more representative after the rule,Shifts toward the already-wealthy,Congress is already far wealthier than the population it represents,,"A real need, and the evidence runs against the version of it used in this debate.",,,,,,
president-needs-clemency-power,159,interest,The president needs a clemency power the legislature cannot veto.,,,public-office-usable-private,,public-office-usable-private,,,,Rule of law,Whether unpopular but just clemency grants continue to be made,,,,,They continue,They stop,Mass commutations of drug sentences were unpopular when granted and are now widely defended,,"Strong on the constitutional text, weaker as a claim that the current design is working.",,,,,,
some-officeholders-want-keep,160,interest,Some officeholders want to keep using their position and their families to make money.,,,public-office-usable-private,,public-office-usable-private,,,,Status,Income officials and their relatives earn from activities that depend on the office,,,,,Falls,Continues,"Not measured directly; campaign committees paid $1.3 million in wages to candidates' relatives in one cycle (OpenSecrets, 2020)",,Held by some and valid by almost no standard. It is on the page so that the scoring of a bad interest is visible rather than assumed.,,,,,,
drives-citizens-need-government-barring-members,161,driver,,,,barring-members-congress-president,citizens-need-government-decisions,barring-members-congress-president,,Support,,,,,,,,,,,Support that tracked partisan control rather than institutional distrust would point to a different driver.,"Drives the position as strongly as any interest on the page, and the alternative explanation is hard to separate from it.",,,,,,
drives-investors-need-markets-barring-members,162,driver,,,,barring-members-congress-president,investors-need-markets-where,barring-members-congress-president,,Support,,,,,,,,,,,A coalition that kept its size with the market-integrity argument removed would show this interest is decorative.,"Valid but largely decorative here: real interest, small share of what drives the position.",,,,,,
drives-voters-need-enough-barring-members,163,driver,,,,barring-members-congress-president,voters-need-enough-information,barring-members-congress-president,,Support,,,,,,,,,,,"Whether transparency advocates would accept enforced disclosure instead of a ban is the test, and most say they would not.","A strong driver, and partly the same driver as the first interest on the page.",,,,,,
drives-officials-need-rules-barring-members,164,driver,,,,barring-members-congress-president,officials-need-rules-can,barring-members-congress-president,,Support,,,,,,,,,,,"If officials who support a ban stopped doing so when preclearance was added, this interest would be shown to drive them.",A minor driver of the public position and a major one inside the institution.,,,,,,
drives-officials-families-need-barring-members,165,driver,,,,barring-members-congress-president,officials-families-need-same,barring-members-congress-president,,Opposition,,,,,,,,,,,Opposition as strong among members with no individual holdings would point to principle rather than interest.,"Stated first and predicts the position well, which is what a real driver looks like even when the stated principle is inconsistently applied.",,,,,,
drives-country-needs-capable-barring-members,166,driver,,,,barring-members-congress-president,country-needs-capable-people,barring-members-congress-president,,Opposition,,,,,,,,,,,Evidence that candidate recruitment fell in a jurisdiction after a holdings rule would show this interest drives the position.,"Weak as a driver: asserted often, never demonstrated.",,,,,,
drives-some-officeholders-want-barring-members,167,driver,,,,barring-members-congress-president,some-officeholders-want-keep,barring-members-congress-president,,Opposition,,,,,,,,,,,Opposition that was uncorrelated with trading volume would show this interest is not the driver.,"Drives a small number of positions strongly, which is the shape the evidence supports and no more than that.",,,,,,
drives-crime-victims-public-letting-congress,168,driver,,,,letting-congress-overturn-presidential,crime-victims-public-need,letting-congress-overturn-presidential,,Support,,,,,,,,,,,Support that stayed constant across changes of administration would show a stable interest rather than a partisan one.,"Real, and the partisan tracking is strong enough that the driver page scores lower than the interest page does.",,,,,,
drives-president-needs-clemency-letting-congress,169,driver,,,,letting-congress-overturn-presidential,president-needs-clemency-power,letting-congress-overturn-presidential,,Opposition,,,,,,,,,,,"Whether the same officials took this position under the other party's president is the test, and mostly they did not.","Genuinely principled among scholars and almost perfectly partisan among officials, which is why it scores where it does.",,,,,,
argu-members-regularly-trade-barring-members,170,linkage,,,,barring-members-congress-president,members-regularly-trade-industries,barring-members-congress-president,Argument,Supports,,,,,,,,,,,"The overlap is the conflict the ban targets, so if it exists the ban has something to remove.",High linkage: the row and the belief are about the same thing.,,,,,,
argu-disclosure-has-failed-barring-members,171,linkage,,,,barring-members-congress-president,disclosure-has-failed-check,barring-members-congress-president,Argument,Supports,,,,,,,,,,,"A ban is only better than disclosure if disclosure is failing, which this row establishes and the rest of the tree has to complete.",Good linkage with a real gap: it rules out the alternative without establishing the proposal.,,,,,,
argu-holdings-ban-removes-barring-members,172,linkage,,,,barring-members-congress-president,holdings-ban-removes-conflict,barring-members-congress-president,Argument,Supports,,,,,,,,,,,"If the conflict is structural, a structural remedy reaches it and an intent-based one does not.",The most direct linkage on the page.,,,,,,
argu-federal-reserve-barred-barring-members,173,linkage,,,,barring-members-congress-president,federal-reserve-barred-its,barring-members-congress-president,Argument,Supports,,,,,,,,,,,"A comparable institution operating under the rule shows the rule is administrable, which is one of the belief's components.","Bears on feasibility rather than on effect, which is a real but narrower contribution.",,,,,,
argu-trading-closed-briefing-barring-members,174,linkage,,,,barring-members-congress-president,trading-closed-briefing-almost,barring-members-congress-president,Argument,Supports,,,,,,,,,,,"If the conduct cannot be prosecuted even when it occurs, the choice is between a status rule and nothing.","Strong linkage, and the rebuttal is the most important sentence on this page.",,,,,,
argu-best-identified-studies-barring-members,175,linkage,,,,barring-members-congress-president,best-identified-studies-actual,barring-members-congress-president,Argument,Weakens,,,,,,,,,,,Underperformance would weaken the trading-advantage branch of the tree and leave the voting-conflict branch untouched.,"This is the page where the belief's two branches come apart, and the linkage score should show it.",,,,,,
argu-ban-official-leaves-barring-members,176,linkage,,,,barring-members-congress-president,ban-official-leaves-conflict,barring-members-congress-president,Argument,Weakens,,,,,,,,,,,A ban only reduces conflicts if what it covers is not simply replaced by what it does not.,The highest-linkage argument on the disagree side: it strikes the load-bearing component directly.,,,,,,
argu-forced-divestiture-imposes-barring-members,177,linkage,,,,barring-members-congress-president,forced-divestiture-imposes-real,barring-members-congress-president,Argument,Weakens,,,,,,,,,,,Divestiture costs would weaken the belief only if they defeated the rule politically or changed who holds office.,"Low linkage: a real cost aimed at the wrong question, and it counts fully in the cost-benefit table instead.",,,,,,
argu-congress-will-enforce-barring-members,178,linkage,,,,barring-members-congress-president,congress-will-enforce-ban,barring-members-congress-president,Argument,Weakens,,,,,,,,,,,"If Congress will not enforce it, the rule changes filings rather than conduct.",High linkage and the rebuttal is specific: the enforcement mechanism is not the same one that failed.,,,,,,
evid-senators-stock-purchases-barring-members,179,linkage,,,,barring-members-congress-president,senators-stock-purchases-beat,barring-members-congress-president,Evidence,Supports,,,,,,,,,,,"If senators earned abnormal returns, there was an advantage for a rule to remove, at least then.","Moderate linkage: right quantity, wrong era.",,,,,,
evid-trades-placed-before-barring-members,180,linkage,,,,barring-members-congress-president,trades-placed-before-legislative,barring-members-congress-president,Evidence,Supports,,,,,,,,,,,"Abnormal returns around legislative events is the conflict operating, measured in the current regime.","The highest-linkage evidence on the page, and the least replicated.",,,,,,
evid-78-members-117th-barring-members,181,linkage,,,,barring-members-congress-president,78-members-117th-congress,barring-members-congress-president,Evidence,Supports,,,,,,,,,,,Non-compliance bears on the belief only through the comparison between a ban and the disclosure regime it would replace.,"Low linkage, cited constantly, and this page is where that gets priced.",,,,,,
evid-131-federal-judges-barring-members,182,linkage,,,,barring-members-congress-president,131-federal-judges-heard,barring-members-congress-president,Evidence,Supports,,,,,,,,,,,"If disclosure fails where a recusal duty backs it, it is unlikely to succeed where nothing does.",Moderate linkage through an analogy that has to carry real weight.,,,,,,
evid-federal-reserve-officials-barring-members,183,linkage,,,,barring-members-congress-president,federal-reserve-officials-have,barring-members-congress-president,Evidence,Supports,,,,,,,,,,,"A working example of the rule bears on whether the rule is workable, which is one component of the belief.","Bears on feasibility, and it substantially repeats the Fed argument above, which is what its uniqueness page is about.",,,,,,
evid-congressional-portfolios-underperformed-barring-members,184,linkage,,,,barring-members-congress-president,congressional-portfolios-underperformed-market,barring-members-congress-president,Evidence,Weakens,,,,,,,,,,,Underperformance weakens the trading branch of the belief and is silent on the voting branch.,"Strong on its own branch, and the tree has two.",,,,,,
evid-no-evidence-members-barring-members,185,linkage,,,,barring-members-congress-president,no-evidence-members-congress,barring-members-congress-president,Evidence,Weakens,,,,,,,,,,,No post-reform advantage would mean the trading channel is already closed by the current rule.,"The most relevant weakening evidence, and it reaches only one of the two branches.",,,,,,
pred-five-years-after-barring-members,186,linkage,,,,barring-members-congress-president,five-years-after-ban,barring-members-congress-president,Prediction,Supports,,,,,,,,,,,"Would this observation tell the two sides apart, or do both expect it?","Half diagnostic: the compliance half is expected by everyone, the scandal half is not.",,,,,,
pred-public-trust-congress-barring-members,187,linkage,,,,barring-members-congress-president,public-trust-congress-five,barring-members-congress-president,Prediction,Supports,,,,,,,,,,,"Would this observation tell the two sides apart, or do both expect it?","Weakly diagnostic, and this page is why its contribution to the belief is small.",,,,,,
pred-jurisdiction-adopts-holdings-barring-members,188,linkage,,,,barring-members-congress-president,jurisdiction-adopts-holdings-ban,barring-members-congress-president,Prediction,Supports,,,,,,,,,,,"Would this observation tell the two sides apart, or do both expect it?",The most diagnostic prediction on the page and the only one nobody has attempted.,,,,,,
pred-reported-conflicts-migrate-barring-members,189,linkage,,,,barring-members-congress-president,reported-conflicts-migrate-spouse,barring-members-congress-president,Prediction,Weakens,,,,,,,,,,,"Would this observation tell the two sides apart, or do both expect it?",High diagnosticity through a noisy instrument.,,,,,,
pred-share-incoming-members-barring-members,190,linkage,,,,barring-members-congress-president,share-incoming-members-whose,barring-members-congress-president,Prediction,Weakens,,,,,,,,,,,"Would this observation tell the two sides apart, or do both expect it?","Low linkage to the belief and high relevance to the cost-benefit table, which is where it belongs.",,,,,,
pred-post-reform-studies-barring-members,191,linkage,,,,barring-members-congress-president,post-reform-studies-continue,barring-members-congress-president,Prediction,Weakens,,,,,,,,,,,"Would this observation tell the two sides apart, or do both expect it?","Diagnostic for half the belief, which is what its score should reflect.",,,,,,
argu-formal-appointment-what-barring-president,192,linkage,,,,barring-president-members-congress,formal-appointment-what-brings,barring-president-members-congress,Argument,Weakens,,,,,,,,,,,A bar that converts a disclosed adviser into an undisclosed one would make things worse rather than better.,The highest-linkage argument on that page.,,,,,,
argu-problem-people-actually-barring-president,193,linkage,,,,barring-president-members-congress,problem-people-actually-point,barring-president-members-congress,Argument,Weakens,,,,,,,,,,,"A gap in coverage bears on the size of the effect, not on its direction.",Moderate linkage: a scope argument doing duty as a refutation.,,,,,,
argu-return-shows-tax-requiring-president,194,linkage,,,,requiring-president-members-congress,return-shows-tax-positions,requiring-president-members-congress,Argument,Weakens,,,,,,,,,,,"If the existing form shows what a return would show, publication adds nothing.","High linkage and directly checkable, which is unusual and good.",,,,,,
argu-route-constitutionally-narrow-requiring-president,195,linkage,,,,requiring-president-members-congress,route-constitutionally-narrow-disclosure,requiring-president-members-congress,Argument,Weakens,,,,,,,,,,,"A precedent about ballot access bears on a disclosure duty only if the two are the same kind of rule, and they are not.","Low linkage: the precedent is cited far beyond what it holds, and this page is where that is priced.",,,,,,
argu-article-ii-grants-letting-congress,196,linkage,,,,letting-congress-overturn-presidential,article-ii-grants-power,letting-congress-overturn-presidential,Argument,Weakens,,,,,,,,,,,The cases foreclose a statute; the belief as written does not require one.,"The most-cited argument on that page, and nobody has opened this linkage page to argue it either way, so it still reads the presumption that a reason placed under a conclusion is relevant.",,,,,,
evid-proposals-let-congress-letting-congress,197,linkage,,,,letting-congress-overturn-presidential,proposals-let-congress-nullify,letting-congress-overturn-presidential,Evidence,Weakens,,,,,,,,,,,"Failure to advance bears on feasibility, and the belief is about effect.","Very low linkage, and it is the clearest example in this workbook of a true fact aimed at the wrong claim.",,,,,,
argu-most-states-already-letting-congress,198,linkage,,,,letting-congress-overturn-presidential,most-states-already-put,letting-congress-overturn-presidential,Argument,Supports,,,,,,,,,,,"State practice shows a check is compatible with a functioning clemency power, but not this check.",Real evidence for the general proposition and weak evidence for the specific proposal.,,,,,,
inte-78-members-117th-investors-need,199,linkage,,,,barring-members-congress-president,78-members-117th-congress,investors-need-markets-where,Interest,Supports,,,,,,,,,,,"The filing deadline exists for the market-integrity interest, but a violation of it does not show that interest was harmed.",Bearing: how far the row is really about this interest.,,,,,,
inte-forced-divestiture-imposes-country-needs,200,linkage,,,,barring-members-congress-president,forced-divestiture-imposes-real,country-needs-capable-people,Interest,Supports,,,,,,,,,,,Cost to sitting officials and deterrence of future candidates are related but not the same quantity.,Bearing: how far the row is really about this interest.,,,,,,
imp-members-regularly-trade-barring-members,201,importance,,,,barring-members-congress-president,members-regularly-trade-industries,barring-members-congress-president,,,reason to agree,,,,,,,,,,"Citizens whose decisions are made by someone holding a stake, and investors on the other side of the trades.",,,,,,,
imp-disclosure-has-failed-barring-members,202,importance,,,,barring-members-congress-president,disclosure-has-failed-check,barring-members-congress-president,,,reason to agree,,,,,,,,,,"Voters, who cannot tell a compromised official from a clean one, and officials living under a rule nobody enforces.",,,,,,,
imp-holdings-ban-removes-barring-members,203,importance,,,,barring-members-congress-president,holdings-ban-removes-conflict,barring-members-congress-president,,,reason to agree,,,,,,,,,,"Everyone who needs decisions made on the merits, and officials who want a rule they can actually follow.",,,,,,,
imp-federal-reserve-barred-barring-members,204,importance,,,,barring-members-congress-president,federal-reserve-barred-its,barring-members-congress-president,,,reason to agree,,,,,,,,,,"Officials, who would live under the rule, and anyone worried it makes service impossible.",,,,,,,
imp-trading-closed-briefing-barring-members,205,importance,,,,barring-members-congress-president,trading-closed-briefing-almost,barring-members-congress-president,,,reason to agree,,,,,,,,,,"Citizens and investors, who currently rely on a rule that cannot be enforced.",,,,,,,
imp-best-identified-studies-barring-members,206,importance,,,,barring-members-congress-president,best-identified-studies-actual,barring-members-congress-president,,,reason to disagree,,,,,,,,,,"Investors, if there turns out to be no advantage being taken.",,,,,,,
imp-ban-official-leaves-barring-members,207,importance,,,,barring-members-congress-president,ban-official-leaves-conflict,barring-members-congress-president,,,reason to disagree,,,,,,,,,,"Citizens, if the conflict moves instead of ending, and voters, who would see less of it.",,,,,,,
imp-forced-divestiture-imposes-barring-members,208,importance,,,,barring-members-congress-president,forced-divestiture-imposes-real,barring-members-congress-president,,,reason to disagree,,,,,,,,,,"People of ordinary means considering office, and officials asked to sell on someone else's schedule.",,,,,,,
imp-members-keep-property-barring-members,209,importance,,,,barring-members-congress-president,members-keep-property-rights,barring-members-congress-president,,,reason to disagree,,,,,,,,,,"Officials and their families, whose ordinary rights the rule restricts.",,,,,,,
imp-congress-will-enforce-barring-members,210,importance,,,,barring-members-congress-president,congress-will-enforce-ban,barring-members-congress-president,,,reason to disagree,,,,,,,,,,"Citizens, if the rule is a symbol, and officials, who would carry its burden for nothing.",,,,,,,
imp-senators-stock-purchases-barring-members,211,importance,,,,barring-members-congress-president,senators-stock-purchases-beat,barring-members-congress-president,,,supporting finding,,,,,,,,,,Investors trading against officials during the period studied.,,,,,,,
imp-trades-placed-before-barring-members,212,importance,,,,barring-members-congress-president,trades-placed-before-legislative,barring-members-congress-president,,,supporting finding,,,,,,,,,,Investors on the other side of trades placed before legislative events.,,,,,,,
imp-78-members-117th-barring-members,213,importance,,,,barring-members-congress-president,78-members-117th-congress,barring-members-congress-president,,,supporting finding,,,,,,,,,,"Investors relying on a disclosure regime, and officials living under a rule that is widely missed.",,,,,,,
imp-131-federal-judges-barring-members,214,importance,,,,barring-members-congress-president,131-federal-judges-heard,barring-members-congress-president,,,supporting finding,,,,,,,,,,Litigants and voters relying on disclosure to reveal a decision-maker's stake.,,,,,,,
imp-federal-reserve-officials-barring-members,215,importance,,,,barring-members-congress-president,federal-reserve-officials-have,barring-members-congress-president,,,supporting finding,,,,,,,,,,"Officials under the rule, and anyone concerned it deters qualified people.",,,,,,,
imp-congressional-portfolios-underperformed-barring-members,216,importance,,,,barring-members-congress-president,congressional-portfolios-underperformed-market,barring-members-congress-president,,,weakening finding,,,,,,,,,,"Investors, if there is no advantage to remove.",,,,,,,
imp-no-evidence-members-barring-members,217,importance,,,,barring-members-congress-president,no-evidence-members-congress,barring-members-congress-president,,,weakening finding,,,,,,,,,,Investors in the post-reform period.,,,,,,,
imp-five-years-after-barring-members,218,importance,,,,barring-members-congress-president,five-years-after-ban,barring-members-congress-president,,,prediction if the belief is true,,,,,,,,,,"Citizens, whose officials would no longer hold the stakes.",,,,,,,
imp-public-trust-congress-barring-members,219,importance,,,,barring-members-congress-president,public-trust-congress-five,barring-members-congress-president,,,prediction if the belief is true,,,,,,,,,,"Voters, whose confidence is the thing being measured.",,,,,,,
imp-jurisdiction-adopts-holdings-barring-members,220,importance,,,,barring-members-congress-president,jurisdiction-adopts-holdings-ban,barring-members-congress-president,,,prediction if the belief is true,,,,,,,,,,"Citizens, whose votes would be cast without the stake.",,,,,,,
imp-reported-conflicts-migrate-barring-members,221,importance,,,,barring-members-congress-president,reported-conflicts-migrate-spouse,barring-members-congress-president,,,prediction if the belief is false,,,,,,,,,,"Citizens, if the conflict persists out of view.",,,,,,,
imp-share-incoming-members-barring-members,222,importance,,,,barring-members-congress-president,share-incoming-members-whose,barring-members-congress-president,,,prediction if the belief is false,,,,,,,,,,People of ordinary means who might otherwise run.,,,,,,,
imp-post-reform-studies-barring-members,223,importance,,,,barring-members-congress-president,post-reform-studies-continue,barring-members-congress-president,,,prediction if the belief is false,,,,,,,,,,"Investors, if the advantage was already gone.",,,,,,,
imp-anti-nepotism-statute-barring-president,224,importance,,,,barring-president-members-congress,anti-nepotism-statute-stops,barring-president-members-congress,,,reason to agree,,,,,,,,,,"Citizens, whose decisions are made by someone outside the rule that covers everyone else.",,,,,,,
imp-relative-cannot-supervised-barring-president,225,importance,,,,barring-president-members-congress,relative-cannot-supervised-disciplined,barring-president-members-congress,,,reason to agree,,,,,,,,,,Citizens relying on an ordinary chain of command to check official conduct.,,,,,,,
imp-official-role-gives-barring-president,226,importance,,,,barring-president-members-congress,official-role-gives-family,barring-president-members-congress,,,reason to agree,,,,,,,,,,"Citizens, and voters who cannot see what the channel carries.",,,,,,,
imp-rule-already-applies-barring-president,227,importance,,,,barring-president-members-congress,rule-already-applies-every,barring-president-members-congress,,,reason to agree,,,,,,,,,,"Officials, who would face one rule instead of two.",,,,,,,
imp-formal-appointment-what-barring-president,228,importance,,,,barring-president-members-congress,formal-appointment-what-brings,barring-president-members-congress,,,reason to disagree,,,,,,,,,,"Voters, who would lose the disclosure that appointment triggers.",,,,,,,
imp-problem-people-actually-barring-president,229,importance,,,,barring-president-members-congress,problem-people-actually-point,barring-president-members-congress,,,reason to disagree,,,,,,,,,,"Relatives making money from the name, which the rule does not reach.",,,,,,,
imp-president-entitled-advisers-barring-president,230,importance,,,,barring-president-members-congress,president-entitled-advisers-he,barring-president-members-congress,,,reason to disagree,,,,,,,,,,A president restricted in whom he may consult.,,,,,,,
imp-competence-neither-inherited-barring-president,231,importance,,,,barring-president-members-congress,competence-neither-inherited-nor,barring-president-members-congress,,,reason to disagree,,,,,,,,,,Qualified people excluded for a relationship.,,,,,,,
imp-return-shows-what-requiring-president,232,importance,,,,requiring-president-members-congress,return-shows-what-financial,requiring-president-members-congress,,,reason to agree,,,,,,,,,,"Voters, who currently see ranges instead of figures.",,,,,,,
imp-internal-check-failed-requiring-president,233,importance,,,,requiring-president-members-congress,internal-check-failed-one,requiring-president-members-congress,,,reason to agree,,,,,,,,,,Citizens relying on an audit that did not happen.,,,,,,,
imp-every-president-carter-requiring-president,234,importance,,,,requiring-president-members-congress,every-president-carter-through,requiring-president-members-congress,,,reason to agree,,,,,,,,,,"Voters, who had the information for forty years and then did not.",,,,,,,
imp-published-return-can-requiring-president,235,importance,,,,requiring-president-members-congress,published-return-can-checked,requiring-president-members-congress,,,reason to agree,,,,,,,,,,"Voters, who can check a published document without waiting for an agency.",,,,,,,
imp-return-shows-tax-requiring-president,236,importance,,,,requiring-president-members-congress,return-shows-tax-positions,requiring-president-members-congress,,,reason to disagree,,,,,,,,,,"Voters, if the existing form already tells them what they need.",,,,,,,
imp-publication-exposes-spouses-requiring-president,237,importance,,,,requiring-president-members-congress,publication-exposes-spouses-children,requiring-president-members-congress,,,reason to disagree,,,,,,,,,,"Spouses, children and partners who hold no office.",,,,,,,
imp-route-constitutionally-narrow-requiring-president,238,importance,,,,requiring-president-members-congress,route-constitutionally-narrow-disclosure,requiring-president-members-congress,,,reason to disagree,,,,,,,,,,Officials facing a rule that would be litigated rather than obeyed.,,,,,,,
imp-sophisticated-wealth-sits-requiring-president,239,importance,,,,requiring-president-members-congress,sophisticated-wealth-sits-pass,requiring-president-members-congress,,,reason to disagree,,,,,,,,,,"Voters, who would see a document that shows little.",,,,,,,
imp-clemency-only-executive-letting-congress,240,importance,,,,letting-congress-overturn-presidential,clemency-only-executive-power,letting-congress-overturn-presidential,,,reason to agree,,,,,,,,,,"Victims and the public, for whom nothing reviews a grant.",,,,,,,
imp-pardons-granted-president-letting-congress,241,importance,,,,letting-congress-overturn-presidential,pardons-granted-president-s,letting-congress-overturn-presidential,,,reason to agree,,,,,,,,,,"Victims of the underlying offenses, and citizens watching the power used on the president's circle.",,,,,,,
imp-two-thirds-threshold-letting-congress,242,importance,,,,letting-congress-overturn-presidential,two-thirds-threshold-means,letting-congress-overturn-presidential,,,reason to agree,,,,,,,,,,A president whose unpopular but just grants would survive a two-thirds test.,,,,,,,
imp-most-states-already-letting-congress,243,importance,,,,letting-congress-overturn-presidential,most-states-already-put,letting-congress-overturn-presidential,,,reason to agree,,,,,,,,,,The public in states where clemency already carries a check.,,,,,,,
imp-article-ii-grants-letting-congress,244,importance,,,,letting-congress-overturn-presidential,article-ii-grants-power,letting-congress-overturn-presidential,,,reason to disagree,,,,,,,,,,A president whose constitutional power would be narrowed.,,,,,,,
imp-clemency-exists-correct-letting-congress,245,importance,,,,letting-congress-overturn-presidential,clemency-exists-correct-injustices,letting-congress-overturn-presidential,,,reason to disagree,,,,,,,,,,People whom only an unpopular act of mercy can reach.,,,,,,,
imp-reversible-pardon-pardon-letting-congress,246,importance,,,,letting-congress-overturn-presidential,reversible-pardon-pardon-nobody,letting-congress-overturn-presidential,,,reason to disagree,,,,,,,,,,Recipients who could not rely on a grant.,,,,,,,
imp-narrower-fix-reaches-letting-congress,247,importance,,,,letting-congress-overturn-presidential,narrower-fix-reaches-actual,letting-congress-overturn-presidential,,,reason to disagree,,,,,,,,,,"The same public interest, served by a smaller change.",,,,,,,
uniq-federal-reserve-officials-federal-reserve,248,uniqueness,,,,barring-members-congress-president,federal-reserve-officials-have,federal-reserve-barred-its,,,,,,,,,,,,,The finding adds the rule's scope and dates; the argument adds the claim that the institution kept working.,"Largely redundant: the finding keeps a minority of its weight, which is the discount working as intended.",,,,,,
uniq-congress-will-enforce-ban-official,249,uniqueness,,,,barring-members-congress-president,congress-will-enforce-ban,ban-official-leaves-conflict,,,,,,,,,,,,,Substitution is about what the rule covers; non-enforcement is about whether what it covers is policed.,Distinct: they fail in different ways and would be refuted by different evidence.,,,,,,
equiv-barring-members-congress-members-congress,250,equivalence,,,,barring-members-congress-president,barring-members-congress-president,members-congress-barred-owning,,,,,,,,,,,,,The broader version reaches every asset class rather than publicly traded shares.,"Same direction, different policy. Keep both pages and cross-link them.",,,,,,
equiv-barring-members-congress-members-congress-2,251,equivalence,,,,barring-members-congress-president,barring-members-congress-president,members-congress-required-place,,,,,,,,,,,,,A blind trust removes control and keeps ownership; a ban removes ownership.,Overlapping rather than equivalent: keep both pages and name the difference on each.,,,,,,
equiv-letting-congress-overturn-president-barred,252,equivalence,,,,letting-congress-overturn-presidential,letting-congress-overturn-presidential,president-barred-pardoning-relatives,,,,,,,,,,,,,One restricts who may be pardoned; the other lets Congress undo any grant.,Distinct mechanisms aimed at overlapping cases. Both need an amendment.,,,,,,
ziobrowski-cheng-boyd-ziobrowski,253,media,"Ziobrowski, Cheng, Boyd and Ziobrowski, Abnormal Returns from the Common Stock Investments of the U.S. Senate (2004)",,,barring-members-congress-president,,barring-members-congress-president,Study,,,,,"Journal of Financial and Quantitative Analysis 39(4), 661 to 676",,,,,,,Senators earned abnormal returns on their stock purchases in the 1990s.,"The foundational study for the trading-advantage argument, and its period is now a generation old.",,,,,,
insider-conflicted-congress-2021,254,media,"Insider, Conflicted Congress (2021 to 2023)",,,barring-members-congress-president,,barring-members-congress-president,Report,,,,,"Insider investigative series, tally updated January 2023",,,,,,,Members of Congress violate the existing disclosure rule routinely and without consequence.,Accurate as a count and routinely oversold as a measure of misconduct.,,,,,,
eggers-hainmueller-capitol-losses,255,media,"Eggers and Hainmueller, Capitol Losses: The Mediocre Performance of Congressional Stock Portfolios (2013)",,,barring-members-congress-president,,barring-members-congress-president,Study,,,,,Journal of Politics 75(2),,,,,,,Congressional portfolios did not beat the market.,"The most careful study on the skeptical side, and the tail-versus-average objection is unresolved.",,,,,,
medi-ziobrowski-cheng-boyd-barring-members,256,linkage,,,,barring-members-congress-president,ziobrowski-cheng-boyd-ziobrowski,barring-members-congress-president,Media,Supports,,,,,,,,,,,The work speaks to the trading branch of the belief and not to the voting branch.,Bears on one of the belief's two branches.,,,,,,
medi-insider-conflicted-congress-barring-members,257,linkage,,,,barring-members-congress-president,insider-conflicted-congress-2021,barring-members-congress-president,Media,Supports,,,,,,,,,,,The work speaks to the trading branch of the belief and not to the voting branch.,Bears on one of the belief's two branches.,,,,,,
medi-eggers-hainmueller-capitol-barring-members,258,linkage,,,,barring-members-congress-president,eggers-hainmueller-capitol-losses,barring-members-congress-president,Media,Weakens,,,,,,,,,,,The work speaks to the trading branch of the belief and not to the voting branch.,Bears on one of the belief's two branches.,,,,,,
imp-ziobrowski-cheng-boyd-barring-members,259,importance,,,,barring-members-congress-president,ziobrowski-cheng-boyd-ziobrowski,barring-members-congress-president,,,work,,,,,,,,,,Investors on the other side of the trades the study measures.,,,,,,,
imp-insider-conflicted-congress-barring-members,260,importance,,,,barring-members-congress-president,insider-conflicted-congress-2021,barring-members-congress-president,,,work,,,,,,,,,,"Voters relying on disclosure, and officials living under the rule being violated.",,,,,,,
imp-eggers-hainmueller-capitol-barring-members,261,importance,,,,barring-members-congress-president,eggers-hainmueller-capitol-losses,barring-members-congress-president,,,work,,,,,,,,,,"Investors, if the advantage the belief assumes is not there.",,,,,,,
large-companies-required-law,,belief,Large companies should be required by law to give their workers seats on their boards.,,business,,,,,,,,,,,,,,,,,Whether the people whose jobs depend on a company have a stronger claim to steer it than the people whose money does.,,,,55,Moderate,
workers-bear-costs-bad,,claim,"Workers bear the costs of bad decisions such as layoffs and plant closures, so they deserve a voice in making them.",,,large-companies-required-law,,,,,,,,,,,,,,,,,,,,,,
workers-know-how-company,,claim,"Workers know how the company actually runs day to day, and boards make better decisions with that knowledge in the room.",,,large-companies-required-law,,,,,,,,,,,,,,,,,,,,,,
board-answers-only-shareholders,,claim,A board that answers only to shareholders tends to chase short-term stock gains at the expense of the company's long-term health.,,,large-companies-required-law,,,,,,,,,,,,,,,,,,,,,,
owners-put-money-risk,,claim,"Owners put their money at risk, and the people who bear the financial risk should be the ones who control the company.",,,large-companies-required-law,,,,,,,,,,,,,,,,,,,,,,
worker-directors-face-conflict,,claim,Worker directors face a conflict of interest whenever the board must cut jobs or close a site to keep the company alive.,,,large-companies-required-law,,,,,,,,,,,,,,,,,,,,,,
boards-two-sets-loyalties,,claim,"Boards with two sets of loyalties reach decisions more slowly, and slow companies lose to faster rivals.",,,large-companies-required-law,,,,,,,,,,,,,,,,,,,,,,
company-generally-serves-public,,belief,A company generally serves the public best when it focuses on making a profit for its owners within the law.,,business,,,,,,,,,,,,,,,,,Whether profit within the law is a good enough stand-in for public benefit or leaves too much harm uncounted.,,,,-50,Moderate,
profit-signal-company-making,,claim,"Profit is a signal that a company is making something people want at a price they will pay, which is itself a public service.",,,company-generally-serves-public,,,,,,,,,,,,,,,,,,,,,,
managers-who-told-serve,,claim,Managers who are told to serve everyone end up answering to no one and can excuse poor results as serving some other goal.,,,company-generally-serves-public,,,,,,,,,,,,,,,,,,,,,,
broad-social-problems-job,,claim,"Broad social problems are the job of elected governments, which answer to voters, not of managers who answer to no voter.",,,company-generally-serves-public,,,,,,,,,,,,,,,,,,,,,,
many-company-s-costs,,claim,"Many of a company's costs, like pollution or worker burnout, fall on people who never agreed to bear them and never show up in the profit figure.",,,company-generally-serves-public,,,,,,,,,,,,,,,,,,,,,,
law-always-lags-behind,,claim,"The law always lags behind business practice, so a company that does only what the law requires will harm people the law has not yet caught up with.",,,company-generally-serves-public,,,,,,,,,,,,,,,,,,,,,,
companies-treat-workers-suppliers,,claim,"Companies that treat workers, suppliers and towns well tend to earn trust that pays off over decades, which a narrow focus on profit misses.",,,company-generally-serves-public,,,,,,,,,,,,,,,,,,,,,,
streaming-services-generally-pay,,belief,Streaming services generally pay working musicians too little to make a living from recorded music.,,music,,,,,,,,,,,,,,,,,The disagreement turns on whether the right comparison is with the old record business or with the obscurity most musicians faced before it.,,,,-60,Moderate,
single-play-earns-almost,,claim,"A single play earns almost nothing, so only artists with enormous audiences see meaningful income from their recordings.",,,streaming-services-generally-pay,,,,,,,,,,,,,,,,,,,,,,
money-split-so-most,,claim,"The money is split so that most of it flows to labels, publishers and the platforms before any reaches the person who wrote or performed the song.",,,streaming-services-generally-pay,,,,,,,,,,,,,,,,,,,,,,
musicians-now-depend-touring,,claim,"Musicians now depend on touring and merchandise to survive, which favors the young and healthy and pushes out those who cannot live on the road.",,,streaming-services-generally-pay,,,,,,,,,,,,,,,,,,,,,,
streaming-brought-paying-listeners,,claim,"Streaming brought paying listeners back after years of free downloading, and total music income has grown again as a result, spread across far more artists.",,,streaming-services-generally-pay,,,,,,,,,,,,,,,,,,,,,,
before-streaming-most-musicians,,claim,"Before streaming, most musicians earned nothing from recordings because they never got a record deal at all, so the comparison is with obscurity, not with a golden age.",,,streaming-services-generally-pay,,,,,,,,,,,,,,,,,,,,,,
low-per-play-rates,,claim,"Low per-play rates reflect what listeners will pay for unlimited music, and forcing rates higher would shrink the audience rather than raise incomes.",,,streaming-services-generally-pay,,,,,,,,,,,,,,,,,,,,,,
streaming-has-clearly-done,,belief,Streaming has clearly done more good than harm for musicians by letting anyone reach a worldwide audience without a record label.,,music,,,,,,,,,,,,,,,,,The disagreement turns on whether being able to publish anywhere is worth much when so many others can too.,,,,50,Moderate,
any-musician-can-upload,,claim,"Any musician can upload a song and be heard anywhere in the world the same day, which was impossible when labels controlled distribution.",,,streaming-has-clearly-done,,,,,,,,,,,,,,,,,,,,,,
listeners-discover-artists-other,,claim,"Listeners discover artists from other countries and small scenes, so careers can start from anywhere instead of a few music-industry cities.",,,streaming-has-clearly-done,,,,,,,,,,,,,,,,,,,,,,
artists-keep-rights-own,,claim,"Artists keep the rights to their own work more often, because they no longer need a label's money to press records and ship them to stores.",,,streaming-has-clearly-done,,,,,,,,,,,,,,,,,,,,,,
when-everyone-can-publish,,claim,"When everyone can publish, the flood of new songs makes it harder than ever for any one artist to be noticed, and reach without attention is worth little.",,,streaming-has-clearly-done,,,,,,,,,,,,,,,,,,,,,,
playlists-chosen-platform-staff,,claim,"Playlists chosen by platform staff and software have replaced record labels as gatekeepers, so artists still depend on a few decision-makers they cannot reach.",,,streaming-has-clearly-done,,,,,,,,,,,,,,,,,,,,,,
making-music-available-almost,,claim,"Making music available for almost nothing worldwide has taught listeners that music should cost nothing, and that expectation follows artists into every other part of their business.",,,streaming-has-clearly-done,,,,,,,,,,,,,,,,,,,,,,
comedians-generally-able-joke,,belief,Comedians should generally be able to joke about any subject without losing work over the offense a joke causes.,,humor,,,,,,,,,,,,,,,,,The disagreement turns on whether losing bookings over a joke is censorship or simply the market answering back.,,,,60,Moderate,
comedy-works-saying-what,,claim,"Comedy works by saying what people are not supposed to say, and a comedian who must avoid every touchy subject cannot do the job.",,,comedians-generally-able-joke,,,,,,,,,,,,,,,,,,,,,,
audiences-already-control-comedy,,claim,"Audiences already control comedy by laughing or not, and a joke that lands badly punishes itself without anyone needing to end a career.",,,comedians-generally-able-joke,,,,,,,,,,,,,,,,,,,,,,
when-comedians-punished-offense,,claim,"When comedians are punished for offense, the safest response is blandness, and the loss falls on every audience, not just the people who were offended.",,,comedians-generally-able-joke,,,,,,,,,,,,,,,,,,,,,,
losing-booking-censorship-venues,,claim,"Losing a booking is not censorship; venues and networks are free to decide who they pay, just as comedians are free to speak.",,,comedians-generally-able-joke,,,,,,,,,,,,,,,,,,,,,,
joke-spreads-contempt-group,,claim,"A joke that spreads contempt for a group is a public act with public consequences, and the person who makes it should answer for it like anyone else.",,,comedians-generally-able-joke,,,,,,,,,,,,,,,,,,,,,,
great-comedians-have-always,,claim,"Great comedians have always worked within limits set by their audience and era, and doing so pushed them toward sharper and more original material.",,,comedians-generally-able-joke,,,,,,,,,,,,,,,,,,,,,,
jokes-mock-people-race,,belief,"Jokes that mock people for their race, religion, disability or sex do real harm and deserve public pushback.",,humor,,,,,,,,,,,,,,,,,"The disagreement turns on whether a joke about a group targets the stereotype or the people, and on who gets to say which.",,,,-50,Moderate,
laughter-makes-contempt-feel,,claim,"Laughter makes contempt feel normal, so a joke can spread an ugly attitude further than a plain insult ever could.",,,jokes-mock-people-race,,,,,,,,,,,,,,,,,,,,,,
people-mocked-group-hear,,claim,"People in the mocked group hear the joke too, and being the punchline in a room full of laughter teaches them they do not belong.",,,jokes-mock-people-race,,,,,,,,,,,,,,,,,,,,,,
pushback-itself-free-speech,,claim,Pushback is itself free speech; a comedian who claims the right to offend cannot deny others the right to answer.,,,jokes-mock-people-race,,,,,,,,,,,,,,,,,,,,,,
most-jokes-about-groups,,claim,"Most jokes about groups poke at the stereotype rather than the people, and audiences understand the difference better than critics assume.",,,jokes-mock-people-race,,,,,,,,,,,,,,,,,,,,,,
comedians-within-group-often,,claim,"Comedians from within a group often tell the sharpest jokes about it, and a blanket rule against such jokes silences them first.",,,jokes-mock-people-race,,,,,,,,,,,,,,,,,,,,,,
organized-pushback-rarely-stays,,claim,Organized pushback rarely stays with the worst offenders; it quickly reaches mild jokes and creates a fear that shrinks comedy for everyone.,,,jokes-mock-people-race,,,,,,,,,,,,,,,,,,,,,,
traditional-publishers-still-generally,,belief,Traditional publishers still generally produce better books for readers than self-publishing does.,,publishing,,,,,,,,,,,,,,,,,The disagreement turns on whether a publisher's filter selects for quality or merely for what it expects to sell.,,,,55,Moderate,
publisher-s-editors-designers,,claim,"A publisher's editors, designers and fact-checkers catch problems an author working alone cannot see, and readers get a cleaner book as a result.",,,traditional-publishers-still-generally,,,,,,,,,,,,,,,,,,,,,,
publishers-pay-authors-advance,,claim,"Publishers pay authors in advance, which lets writers spend a year or more on a book instead of rushing out whatever sells fastest.",,,traditional-publishers-still-generally,,,,,,,,,,,,,,,,,,,,,,
when-publisher-has-invest,,claim,"When a publisher has to invest its own money in a book, it must judge whether the book is worth a reader's time, and that judgment filters out a great deal of weak work.",,,traditional-publishers-still-generally,,,,,,,,,,,,,,,,,,,,,,
publishers-pick-books-think,,claim,"Publishers pick books they think will sell, not books that are good, so their filter favors the familiar and rejects much that readers would love.",,,traditional-publishers-still-generally,,,,,,,,,,,,,,,,,,,,,,
online-reviews-recommendations-now,,claim,"Online reviews and recommendations now do the sorting that publishers once did, and they do it with far more readers weighing in.",,,traditional-publishers-still-generally,,,,,,,,,,,,,,,,,,,,,,
self-published-authors-can,,claim,"Self-published authors can hire the same editors and designers publishers use, so the quality gap comes down to money, not to who owns the imprint.",,,traditional-publishers-still-generally,,,,,,,,,,,,,,,,,,,,,,
most-working-authors-better,,belief,Most working authors are better off self-publishing than signing with a traditional publisher.,,publishing,,,,,,,,,,,,,,,,,"The disagreement turns on whether keeping most of each sale outweighs losing guaranteed money and access to stores, libraries and reviewers.",,,,-55,Moderate,
self-published-author-keeps,,claim,"A self-published author keeps most of each sale, while a traditional contract hands the publisher the larger share for the life of the book.",,,most-working-authors-better,,,,,,,,,,,,,,,,,,,,,,
authors-who-self-publish,,claim,"Authors who self-publish keep control of their rights, pricing and cover, and can fix mistakes or change course without asking permission.",,,most-working-authors-better,,,,,,,,,,,,,,,,,,,,,,
publishers-put-marketing-behind,,claim,"Publishers put their marketing behind a few lead titles each season, and most authors on their lists get little more than a listing in a catalog.",,,most-working-authors-better,,,,,,,,,,,,,,,,,,,,,,
self-publishing-turns-writer,,claim,"Self-publishing turns a writer into a small business owner who must handle editing, design, marketing and taxes, and most writers are neither good at that nor want to be.",,,most-working-authors-better,,,,,,,,,,,,,,,,,,,,,,
bookstores-libraries-prizes-review,,claim,"Bookstores, libraries, prizes and review pages still mostly deal with traditional publishers, so self-published books are shut out of the places where readers browse.",,,most-working-authors-better,,,,,,,,,,,,,,,,,,,,,,
advance-guaranteed-money-field,,claim,"An advance is guaranteed money in a field where most books lose money, and a self-published author carries every cost and every risk alone.",,,most-working-authors-better,,,,,,,,,,,,,,,,,,,,,,
governments-generally-require-proven,,belief,Governments should generally require proven childhood vaccines for school attendance.,,diseases,,,,,,,,,,,,,,,,,The disagreement turns on whether protecting the classmates who cannot be vaccinated outweighs a parent's right to decide for their own child.,,,,60,Moderate,
some-children-cannot-vaccinated,,claim,"Some children cannot be vaccinated for medical reasons, and they are only protected when nearly everyone around them is.",,,governments-generally-require-proven,,,,,,,,,,,,,,,,,,,,,,
schools-gather-many-children,,claim,"Schools gather many children in close quarters every day, which is exactly the setting where an outbreak spreads fastest.",,,governments-generally-require-proven,,,,,,,,,,,,,,,,,,,,,,
requirement-tied-school-attendance,,claim,"A requirement tied to school attendance reaches almost every family, while a purely voluntary approach leaves gaps that a disease can find.",,,governments-generally-require-proven,,,,,,,,,,,,,,,,,,,,,,
parents-school-administrators-responsible,,claim,"Parents, not school administrators, are responsible for a child's body and should make medical decisions for that child.",,,governments-generally-require-proven,,,,,,,,,,,,,,,,,,,,,,
mandates-breed-resentment-distrust,,claim,"Mandates breed resentment and distrust of public health, which can lower vaccination rates over time more than persuasion would.",,,governments-generally-require-proven,,,,,,,,,,,,,,,,,,,,,,
most-vaccine-preventable-diseases,,claim,"Most vaccine-preventable diseases are already rare, so the added benefit of forcing the last holdouts is small compared with the cost to liberty.",,,governments-generally-require-proven,,,,,,,,,,,,,,,,,,,,,,
routine-cancer-screening-healthy,,belief,Routine cancer screening of healthy adults with no symptoms generally does more harm than good.,,diseases,,,,,,,,,,,,,,,,,"The disagreement turns on whether the lives saved by catching a few cancers early outweigh the worry, tests, and treatment inflicted on the many who were never going to be hurt by what was found.",,,,-40,Moderate,
screening-finds-many-slow,,claim,"Screening finds many slow-growing abnormalities that would never have caused harm, and treating them exposes healthy people to surgery and drugs they did not need.",,,routine-cancer-screening-healthy,,,,,,,,,,,,,,,,,,,,,,
false-alarm-sets-off,,claim,"A false alarm sets off follow-up tests and weeks of fear, and false alarms are common when large numbers of people who feel fine are tested.",,,routine-cancer-screening-healthy,,,,,,,,,,,,,,,,,,,,,,
finding-cancer-earlier-often,,claim,"Finding a cancer earlier often just means a person lives longer knowing they have it, without changing when or whether they die from it.",,,routine-cancer-screening-healthy,,,,,,,,,,,,,,,,,,,,,,
many-cancers-far-easier,,claim,"Many cancers are far easier to treat before they spread, and screening is the only way to catch them in people who feel fine.",,,routine-cancer-screening-healthy,,,,,,,,,,,,,,,,,,,,,,
patients-can-told-risks,,claim,"Patients can be told the risks of overdiagnosis and choose for themselves; the answer to false alarms is better counseling, not fewer tests.",,,routine-cancer-screening-healthy,,,,,,,,,,,,,,,,,,,,,,
harms-screening-mostly-temporary,,claim,"The harms of screening are mostly temporary anxiety and minor procedures, while the harm of a missed cancer is death.",,,routine-cancer-screening-healthy,,,,,,,,,,,,,,,,,,,,,,
adults-generally-allowed-buy,,belief,Adults should generally be allowed to buy common prescription drugs from a pharmacist without a doctor's visit.,,drugs,,,,,,,,,,,,,,,,,The disagreement turns on whether the doctor's visit before a routine prescription is a safeguard worth its cost or a toll booth.,,,,55,Moderate,
many-prescriptions-refills-medicines,,claim,"Many prescriptions are refills of medicines a person has taken for years, and requiring an appointment to renew them adds cost and delay without adding safety.",,,adults-generally-allowed-buy,,,,,,,,,,,,,,,,,,,,,,
pharmacists-trained-drugs-interactions,,claim,"Pharmacists are trained in drugs and their interactions, often more thoroughly than the doctors who prescribe them.",,,adults-generally-allowed-buy,,,,,,,,,,,,,,,,,,,,,,
people-who-cannot-easily,,claim,"People who cannot easily get to a doctor, because of cost, distance, or work hours, often go without medicine they need rather than jump through the hoops.",,,adults-generally-allowed-buy,,,,,,,,,,,,,,,,,,,,,,
doctor-s-visit-catches,,claim,A doctor's visit catches problems the patient did not come in for; the refill is often the excuse that gets a person examined at all.,,,adults-generally-allowed-buy,,,,,,,,,,,,,,,,,,,,,,
pharmacists-work-stores-profit,,claim,"Pharmacists work for stores that profit from selling drugs, which puts them in a poor position to tell a customer not to buy one.",,,adults-generally-allowed-buy,,,,,,,,,,,,,,,,,,,,,,
antibiotic-resistance-dependence-some,,claim,"Antibiotic resistance and dependence on some medicines grow when access loosens, and those harms fall on everyone, not just the buyer.",,,adults-generally-allowed-buy,,,,,,,,,,,,,,,,,,,,,,
governments-generally-set-maximum,,belief,Governments should generally set a maximum price for medicines that are still under patent.,,drugs,,,,,,,,,,,,,,,,,The disagreement turns on whether the money saved today is worth the medicines that might not be invented tomorrow.,,,,-55,Moderate,
patent-already-gives-company,,claim,"A patent already gives a company a monopoly, and a monopoly seller with sick customers will charge whatever the desperate will pay unless someone stops it.",,,governments-generally-set-maximum,,,,,,,,,,,,,,,,,,,,,,
much-basic-research-behind,,claim,"Much of the basic research behind new drugs is paid for by taxpayers, so the public has already bought a share of the result.",,,governments-generally-set-maximum,,,,,,,,,,,,,,,,,,,,,,
patients-who-skip-doses,,claim,"Patients who skip doses or split pills because of cost end up sicker and in hospitals, and that bill lands on everyone.",,,governments-generally-set-maximum,,,,,,,,,,,,,,,,,,,,,,
companies-invest-research-because,,claim,"Companies invest in research because a successful drug earns a large return; cap the return and the riskiest, most valuable research is the first to be cut.",,,governments-generally-set-maximum,,,,,,,,,,,,,,,,,,,,,,
cap-set-officials-will,,claim,"A cap set by officials will be wrong in both directions, too high for cheap-to-make drugs and too low for hard ones, because no committee knows the true cost of discovery.",,,governments-generally-set-maximum,,,,,,,,,,,,,,,,,,,,,,
prices-already-bargained-down,,claim,Prices are already bargained down by insurers and public programs; a legal cap adds a blunt tool where negotiation is already doing the work.,,,governments-generally-set-maximum,,,,,,,,,,,,,,,,,,,,,,
california-generally-override-local,,belief,California should generally override local zoning rules to force far more housing to be built.,,u-s-states,,,,,,,,,,,,,,,,,"The disagreement turns on whether the housing shortage is caused by local vetoes that only the state can break, or whether state mandates fail to deliver homes on their own.",,,,70,Moderate,
local-governments-have-blocked,,claim,"Local governments have blocked new homes for decades because existing residents vote and future residents cannot, and only the state answers to both.",,,california-generally-override-local,,,,,,,,,,,,,,,,,,,,,,
teachers-nurses-service-workers,,claim,"Teachers, nurses, and service workers commute for hours because they cannot afford to live near their jobs, and that cost falls on the whole state.",,,california-generally-override-local,,,,,,,,,,,,,,,,,,,,,,
people-businesses-leaving-state,,claim,"People and businesses are leaving the state mainly because of housing costs, which shrinks the tax base that pays for everything else.",,,california-generally-override-local,,,,,,,,,,,,,,,,,,,,,,
local-communities-understand-own,,claim,"Local communities understand their own roads, schools, water supplies, and fire risks, and homes added without regard to those limits create new problems.",,,california-generally-override-local,,,,,,,,,,,,,,,,,,,,,,
state-mandates-have-mostly,,claim,"State mandates have mostly produced lawsuits, paperwork, and resentment rather than finished homes, because building still depends on local approval in practice.",,,california-generally-override-local,,,,,,,,,,,,,,,,,,,,,,
market-rate-construction-alone,,claim,"Market-rate construction alone does not produce housing that low-income families can afford, so the state's effort would be better spent on direct subsidy.",,,california-generally-override-local,,,,,,,,,,,,,,,,,,,,,,
texas-connect-its-separate,,belief,Texas should connect its separate electric grid to the national grids rather than keeping it apart.,,u-s-states,,,,,,,,,,,,,,,,,The disagreement turns on whether the reliability gained from sharing power across regions is worth giving up state control over how the grid is run.,,,,-65,Moderate,
when-extreme-weather-hits,,claim,"When extreme weather hits, a connected grid can import power from regions that are not suffering the same storm, which is exactly when a closed grid fails.",,,texas-connect-its-separate,,,,,,,,,,,,,,,,,,,,,,
texas-produces-more-wind,,claim,"Texas produces more wind and solar power than it can always use, and connection would let it sell that surplus instead of wasting it.",,,texas-connect-its-separate,,,,,,,,,,,,,,,,,,,,,,
investors-more-willing-build,,claim,Investors are more willing to build power plants and transmission lines where they can reach a bigger market.,,,texas-connect-its-separate,,,,,,,,,,,,,,,,,,,,,,
connecting-national-grids-brings,,claim,"Connecting to the national grids brings federal oversight of prices and rules, and the state's freedom to run its own market is the reason it has been able to build so much new generation so quickly.",,,texas-connect-its-separate,,,,,,,,,,,,,,,,,,,,,,
lines-needed-connect-grids,,claim,"The lines needed to connect the grids would cost an enormous amount and take many years, and the state can harden its own system faster and cheaper.",,,texas-connect-its-separate,,,,,,,,,,,,,,,,,,,,,,
neighboring-regions-have-had,,claim,"Neighboring regions have had their own blackouts and shortages, so connection would not guarantee help in a crisis and could import their problems.",,,texas-connect-its-separate,,,,,,,,,,,,,,,,,,,,,,
judging-teachers-partly-students,,belief,Judging teachers partly by their students' test results generally makes schools better.,,teaching,,,,,,,,,,,,,,,,,The disagreement turns on whether test results measure what a teacher actually adds or mostly reflect which students walked in the door.,,,,50,Moderate,
without-measure-results-teacher,,claim,"Without a measure of results, teacher ratings rest on a principal's impression, and nearly everyone ends up rated the same.",,,judging-teachers-partly-students,,,,,,,,,,,,,,,,,,,,,,
parents-deserve-know-whether,,claim,"Parents deserve to know whether their child's teacher is helping students learn, and test growth is the one measure that can be compared across classrooms.",,,judging-teachers-partly-students,,,,,,,,,,,,,,,,,,,,,,
teachers-who-consistently-help,,claim,Teachers who consistently help students grow deserve recognition and pay that a system without measurement cannot give them.,,,judging-teachers-partly-students,,,,,,,,,,,,,,,,,,,,,,
students-arrive-wildly-different,,claim,"Students arrive with wildly different home lives and prior learning, and a single year's scores cannot cleanly separate the teacher's effect from everything else.",,,judging-teachers-partly-students,,,,,,,,,,,,,,,,,,,,,,
when-jobs-depend-scores,,claim,"When jobs depend on scores, teaching narrows to what is tested, and subjects, projects and habits that are not tested get pushed aside.",,,judging-teachers-partly-students,,,,,,,,,,,,,,,,,,,,,,
strong-teachers-avoid-hardest,,claim,"Strong teachers avoid the hardest schools and classes when a low score can cost them their job, which hurts exactly the students who need them most.",,,judging-teachers-partly-students,,,,,,,,,,,,,,,,,,,,,,
teachers-generally-do-best,,belief,Teachers generally do their best work when they control what and how they teach rather than following a set script.,,teaching,,,,,,,,,,,,,,,,,The disagreement turns on whether the average classroom is better served by an expert's plan applied faithfully or by a teacher's on-the-spot judgment about the children in front of them.,,,,-55,Moderate,
teacher-sees-each-child,,claim,"A teacher sees each child's confusion in real time and can change course, while a script written far away cannot.",,,teachers-generally-do-best,,,,,,,,,,,,,,,,,,,,,,
professionals-who-trusted-stay,,claim,"Professionals who are trusted stay in the job longer, and turnover harms students more than any curriculum choice.",,,teachers-generally-do-best,,,,,,,,,,,,,,,,,,,,,,
lessons-teacher-believes-taught,,claim,"Lessons a teacher believes in are taught with an energy that students notice, and scripted lessons rarely earn that belief.",,,teachers-generally-do-best,,,,,,,,,,,,,,,,,,,,,,
most-teachers-were-never,,claim,"Most teachers were never trained to design a curriculum, and asking each one to build their own means many students get an untested plan.",,,teachers-generally-do-best,,,,,,,,,,,,,,,,,,,,,,
well-designed-materials-carry,,claim,"Well-designed materials carry the judgment of many experts, and a teacher who follows them gives students a better lesson than most could write alone.",,,teachers-generally-do-best,,,,,,,,,,,,,,,,,,,,,,
children-who-move-between,,claim,"Children who move between classrooms and schools need continuity, and full teacher control means what a child learns depends on luck.",,,teachers-generally-do-best,,,,,,,,,,,,,,,,,,,,,,
statues-honoring-historical-figures,,belief,Statues honoring historical figures who did serious wrongs should generally be removed from public squares.,,history,,,,,,,,,,,,,,,,,The disagreement turns on whether a public statue is an honor that the living may withdraw or a record that the living have a duty to keep.,,,,50,Moderate,
statue-public-square-honor,,claim,"A statue in a public square is an honor paid by the community, not a history lesson, and a community is entitled to stop honoring someone whose deeds it now finds shameful.",,,statues-honoring-historical-figures,,,,,,,,,,,,,,,,,,,,,,
public-spaces-belong-people,,claim,"Public spaces belong to the people who use them now, and asking them to walk past a tribute to someone who harmed their ancestors is a daily insult they never agreed to.",,,statues-honoring-historical-figures,,,,,,,,,,,,,,,,,,,,,,
moving-statue-museum-explanation,,claim,Moving a statue to a museum with an explanation preserves the history better than leaving it on a pedestal with no context at all.,,,statues-honoring-historical-figures,,,,,,,,,,,,,,,,,,,,,,
removing-monuments-makes-uncomfortable,,claim,"Removing monuments makes the uncomfortable parts of the past easier to forget, and a society that cannot see its old heroes clearly cannot learn from its old mistakes.",,,statues-honoring-historical-figures,,,,,,,,,,,,,,,,,,,,,,
nearly-everyone-honored-past,,claim,"Nearly everyone honored in the past fails some test of the present, so a rule of removal has no natural stopping point and ends up emptying the squares.",,,statues-honoring-historical-figures,,,,,,,,,,,,,,,,,,,,,,
decisions-about-which-statues,,claim,"Decisions about which statues fall become contests of political power rather than judgments about history, and each side then tears down what the other side put up.",,,statues-honoring-historical-figures,,,,,,,,,,,,,,,,,,,,,,
historians-generally-judge-people,,belief,Historians generally should not judge people of the past by today's moral standards.,,history,,,,,,,,,,,,,,,,,The disagreement turns on whether understanding a past era requires setting aside our moral views or whether refusing to judge is itself a moral choice.,,,,-55,Moderate,
people-past-could-know,,claim,"People in the past could not know what later generations would learn, and blaming them for not seeing it is like blaming a doctor of an earlier century for not using medicine that had not been invented.",,,historians-generally-judge-people,,,,,,,,,,,,,,,,,,,,,,
historian-s-job-explain,,claim,"The historian's job is to explain why people acted as they did, and moral condemnation tends to replace that explanation with a verdict that teaches nothing.",,,historians-generally-judge-people,,,,,,,,,,,,,,,,,,,,,,
our-own-standards-will,,claim,"Our own standards will look wrong to our descendants in ways we cannot predict, so the humility we would want from them is the humility we owe the past.",,,historians-generally-judge-people,,,,,,,,,,,,,,,,,,,,,,
nearly-every-era-there,,claim,"In nearly every era there were people who objected to the cruelties of their time, which shows the alternatives were visible and the choice to ignore them was a real choice.",,,historians-generally-judge-people,,,,,,,,,,,,,,,,,,,,,,
declining-judge-neutral-because,,claim,"Declining to judge is not neutral, because a history told without moral weight quietly tells readers that the suffering of the victims did not much matter.",,,historians-generally-judge-people,,,,,,,,,,,,,,,,,,,,,,
history-written-living-readers,,claim,"History is written for the living, and readers need to know not only what happened but whether it was right, or the past cannot guide anything they do next.",,,historians-generally-judge-people,,,,,,,,,,,,,,,,,,,,,,
fish-clearly-feel-pain,,belief,"Fish clearly feel pain in a way that matters, not just a reflex to avoid harm.",,animals,,,,,,,,,,,,,,,,,"It comes down to whether behaving as if hurt is enough to conclude that something is felt, or whether a mammal-like brain is required.",,,,55,Moderate,
fish-have-nerve-structures,,claim,"Fish have the nerve structures and chemical messengers that carry pain signals in mammals, so the machinery for feeling pain is present.",,,fish-clearly-feel-pain,,,,,,,,,,,,,,,,,,,,,,
fish-change-behavior-long,,claim,"Fish change their behavior for a long time after an injury, including avoiding places where they were hurt, which a simple reflex would not produce.",,,fish-clearly-feel-pain,,,,,,,,,,,,,,,,,,,,,,
pain-relief-drugs-return,,claim,"Pain relief drugs return injured fish to normal behavior, which is what you would expect if the injury was being felt rather than just detected.",,,fish-clearly-feel-pain,,,,,,,,,,,,,,,,,,,,,,
fish-lack-outer-brain,,claim,"Fish lack the outer brain layer that in mammals turns damage signals into conscious suffering, so the signals may never become an experience.",,,fish-clearly-feel-pain,,,,,,,,,,,,,,,,,,,,,,
avoiding-place-where-you,,claim,"Avoiding a place where you were hurt can be learned without any feeling, as simple machines and insects already show.",,,fish-clearly-feel-pain,,,,,,,,,,,,,,,,,,,,,,
judging-animal-s-inner,,claim,Judging an animal's inner life from behavior that looks like ours projects human experience onto a creature built very differently.,,,fish-clearly-feel-pain,,,,,,,,,,,,,,,,,,,,,,
claims-apes-parrots-understand,,belief,Claims that apes and parrots understand language generally reflect human wishful thinking rather than real ability.,,animals,,,,,,,,,,,,,,,,,"The disagreement is about where understanding begins: at using a sign for something absent, or only at building new sentences.",,,,-50,Moderate,
trained-animals-mostly-produce,,claim,"Trained animals mostly produce signs or words when a reward follows, which is what you would expect from learned tricks rather than from meaning.",,,claims-apes-parrots-understand,,,,,,,,,,,,,,,,,,,,,,
people-reporting-animal-s,,claim,"The people reporting an animal's language use are usually the ones who raised and love it, and they read intention into ambiguous signs.",,,claims-apes-parrots-understand,,,,,,,,,,,,,,,,,,,,,,
no-animal-has-been,,claim,"No animal has been shown to combine signs into new sentences with grammar, which is the part of language that separates it from a vocabulary of signals.",,,claims-apes-parrots-understand,,,,,,,,,,,,,,,,,,,,,,
some-animals-use-learned,,claim,"Some animals use learned signs to ask for things that are not present, which shows the sign stands for an idea and not just a trained response.",,,claims-apes-parrots-understand,,,,,,,,,,,,,,,,,,,,,,
wild-animals-already-use,,claim,"Wild animals already use different calls for different dangers and answer accordingly, so a foundation for meaningful communication exists without any human trainer.",,,claims-apes-parrots-understand,,,,,,,,,,,,,,,,,,,,,,
demanding-full-human-grammar,,claim,Demanding full human grammar before counting anything as understanding sets a bar designed so that only humans can clear it.,,,claims-apes-parrots-understand,,,,,,,,,,,,,,,,,,,,,,
most-people-depression-anxiety,,belief,Most people with depression or anxiety would clearly benefit from professional treatment rather than handling it on their own.,,psychology,,,,,,,,,,,,,,,,,The disagreement turns on whether common sadness and worry are illnesses that need expert care or ordinary struggles that most people can and should work through themselves.,,,,55,Moderate,
trained-therapists-doctors-have,,claim,"Trained therapists and doctors have methods that work and that a person cannot easily apply to themselves, just as a person cannot set their own broken bone well.",,,most-people-depression-anxiety,,,,,,,,,,,,,,,,,,,,,,
very-symptoms-depression-low,,claim,"The very symptoms of depression, low energy and hopelessness, make self-help unlikely to succeed, because the illness attacks the will needed to fight it.",,,most-people-depression-anxiety,,,,,,,,,,,,,,,,,,,,,,
untreated-problems-tend-grow,,claim,"Untreated problems tend to grow, affecting work, family, and physical health, so early professional care prevents larger costs later.",,,most-people-depression-anxiety,,,,,,,,,,,,,,,,,,,,,,
sadness-worry-normal-responses,,claim,"Sadness and worry are normal responses to hard lives, and calling them illnesses teaches people they are broken when they are simply struggling.",,,most-people-depression-anxiety,,,,,,,,,,,,,,,,,,,,,,
many-people-recover-fully,,claim,"Many people recover fully through exercise, sleep, friendship, and time, and steering them all toward clinics uses up limited care that the severely ill need.",,,most-people-depression-anxiety,,,,,,,,,,,,,,,,,,,,,,
treatment-carries-its-own,,claim,"Treatment carries its own risks, including medication side effects and dependence on a therapist, that are worth accepting only when the problem is serious.",,,most-people-depression-anxiety,,,,,,,,,,,,,,,,,,,,,,
teaching-children-build-toughness,,belief,Teaching children to build toughness and tolerate discomfort does more for their mental health than teaching them to monitor and talk about their feelings.,,psychology,,,,,,,,,,,,,,,,,The disagreement turns on whether paying close attention to feelings makes children stronger by helping them ask for help or weaker by making small worries loom large.,,,,-45,Moderate,
constant-attention-feelings-can,,claim,"Constant attention to feelings can make small worries seem large, and children who learn to push through discomfort discover they can handle more than they feared.",,,teaching-children-build-toughness,,,,,,,,,,,,,,,,,,,,,,
life-will-bring-hardship,,claim,"Life will bring hardship that no amount of talking can prevent, so the skill that lasts is the ability to keep going through it.",,,teaching-children-build-toughness,,,,,,,,,,,,,,,,,,,,,,
children-who-treated-fragile,,claim,"Children who are treated as fragile tend to act fragile, while children expected to cope generally rise to the expectation.",,,teaching-children-build-toughness,,,,,,,,,,,,,,,,,,,,,,
children-who-cannot-name,,claim,"Children who cannot name what they feel cannot ask for help, and telling them to tough it out teaches them to hide problems until they become crises.",,,teaching-children-build-toughness,,,,,,,,,,,,,,,,,,,,,,
toughness-training-works-children,,claim,"Toughness training works for children who are already secure, but for a child who is being bullied or abused it means suffering in silence.",,,teaching-children-build-toughness,,,,,,,,,,,,,,,,,,,,,,
talking-about-feelings-building,,claim,Talking about feelings and building toughness are not opposites; naming a fear is often the first step to facing it.,,,teaching-children-build-toughness,,,,,,,,,,,,,,,,,,,,,,
tariffs-imported-goods-generally,,belief,Tariffs on imported goods generally cost a country's consumers more than they save its workers.,,trade,,,,,,,,,,,,,,,,,Whether a small cost spread across everyone is worse than a large cost concentrated on the towns and workers who lose.,,,,55,Moderate,
tariff-raises-price-good,,claim,"A tariff raises the price of the good for every buyer in the country, while it protects only the workers in one industry.",,,tariffs-imported-goods-generally,,,,,,,,,,,,,,,,,,,,,,
other-countries-answer-tariffs,,claim,"Other countries answer tariffs with their own, so exporters in industries that were never in trouble lose their foreign customers.",,,tariffs-imported-goods-generally,,,,,,,,,,,,,,,,,,,,,,
industries-shielded-foreign-competition,,claim,"Industries shielded from foreign competition tend to stop improving, so the country ends up paying more for worse products.",,,tariffs-imported-goods-generally,,,,,,,,,,,,,,,,,,,,,,
when-factory-closes-whole,,claim,"When a factory closes, a whole town can lose its tax base, its shops and its future, and that damage is far larger than a small price increase spread across everyone.",,,tariffs-imported-goods-generally,,,,,,,,,,,,,,,,,,,,,,
when-tariff-removed-importers,,claim,"When a tariff is removed, importers and retailers often keep much of the price difference for themselves rather than passing it on, so the saving that reaches shoppers is smaller than the wages that were lost.",,,tariffs-imported-goods-generally,,,,,,,,,,,,,,,,,,,,,,
country-lets-its-factories,,claim,"A country that lets its factories die loses the skills and supply chains it would need in a war or a crisis, and no price saving is worth that.",,,tariffs-imported-goods-generally,,,,,,,,,,,,,,,,,,,,,,
country-protect-its-key,,belief,A country should protect its key manufacturing industries with tariffs even when imports are cheaper.,,trade,,,,,,,,,,,,,,,,,Whether the goods a country cannot afford to lose can be identified honestly and protected more cheaply than with a tariff.,,,,-55,Moderate,
country-cannot-make-its,,claim,"A country that cannot make its own steel, chips or medicine is at the mercy of whoever does, and that is a matter of security rather than price.",,,country-protect-its-key,,,,,,,,,,,,,,,,,,,,,,
manufacturing-jobs-offer-steady,,claim,Manufacturing jobs offer steady middle-class pay to people without college degrees in a way that few service jobs do.,,,country-protect-its-key,,,,,,,,,,,,,,,,,,,,,,
new-industries-need-time,,claim,"New industries need time to grow before they can compete with established foreign rivals, and a tariff buys that time.",,,country-protect-its-key,,,,,,,,,,,,,,,,,,,,,,
every-industry-calls-itself,,claim,"Every industry calls itself key when a tariff is on offer, so protection ends up going to whoever lobbies hardest rather than to what a country truly needs.",,,country-protect-its-key,,,,,,,,,,,,,,,,,,,,,,
manufacturers-who-use-protected,,claim,"Manufacturers who use the protected good as an input pay more, so protecting one industry weakens the ones that depend on it.",,,country-protect-its-key,,,,,,,,,,,,,,,,,,,,,,
country-wants-secure-supply,,claim,"A country that wants secure supply can stockpile goods or fund a few plants directly, which costs far less than taxing every buyer.",,,country-protect-its-key,,,,,,,,,,,,,,,,,,,,,,
raising-minimum-wage-generally,,belief,Raising the minimum wage generally helps low-paid workers more than it hurts them.,,jobs,,,,,,,,,,,,,,,,,Whether employers respond to a higher wage floor mostly by paying more or mostly by hiring less.,,,,55,Moderate,
single-worker-has-almost,,claim,"A single worker has almost no power to bargain with a large employer, and a wage floor gives them the bargaining position they lack.",,,raising-minimum-wage-generally,,,,,,,,,,,,,,,,,,,,,,
low-paid-workers-spend,,claim,"Low-paid workers spend nearly everything they earn, so higher wages flow straight back into local businesses.",,,raising-minimum-wage-generally,,,,,,,,,,,,,,,,,,,,,,
when-wages-too-low,,claim,"When wages are too low to live on, taxpayers end up topping them up through public benefits, which is a subsidy to low-paying employers.",,,raising-minimum-wage-generally,,,,,,,,,,,,,,,,,,,,,,
when-labor-costs-more,,claim,"When labor costs more, employers hire fewer people, cut hours or turn to machines, and the workers who lose out are the least skilled.",,,raising-minimum-wage-generally,,,,,,,,,,,,,,,,,,,,,,
small-businesses-poorer-regions,,claim,"Small businesses in poorer regions cannot pay what a big-city employer can, so one national floor destroys jobs where they are most needed.",,,raising-minimum-wage-generally,,,,,,,,,,,,,,,,,,,,,,
many-minimum-wage-earners,,claim,"Many minimum-wage earners are young people or second earners in comfortable households, so a higher minimum wage misses the poorest families it is meant to help.",,,raising-minimum-wage-generally,,,,,,,,,,,,,,,,,,,,,,
employers-generally-free-fire,,belief,"Employers should generally be free to fire workers without having to show a reason, as long as the firing is not discriminatory.",,jobs,,,,,,,,,,,,,,,,,Whether making firing easy creates more jobs than it makes worse.,,,,-55,Moderate,
employer-who-knows-firing,,claim,"An employer who knows firing will be hard is slower to hire in the first place, so strict rules protect people who have jobs at the expense of people who want them.",,,employers-generally-free-fire,,,,,,,,,,,,,,,,,,,,,,
small-businesses-cannot-afford,,claim,Small businesses cannot afford the lawyers and paperwork needed to build a case for every dismissal.,,,employers-generally-free-fire,,,,,,,,,,,,,,,,,,,,,,
workers-can-quit-job,,claim,"Workers can quit a job without giving a reason, so fairness requires that employers be able to end the same working relationship without giving one.",,,employers-generally-free-fire,,,,,,,,,,,,,,,,,,,,,,
losing-job-can-mean,,claim,"Losing a job can mean losing a home, health coverage and a family's stability, and something that serious should require a reason.",,,employers-generally-free-fire,,,,,,,,,,,,,,,,,,,,,,
workers-who-can-fired,,claim,"Workers who can be fired at any moment are afraid to report safety problems, harassment or fraud.",,,employers-generally-free-fire,,,,,,,,,,,,,,,,,,,,,,
rules-against-unfair-dismissal,,claim,"Rules against unfair dismissal push employers to hire more carefully and manage better, which improves the workplace for everyone.",,,employers-generally-free-fire,,,,,,,,,,,,,,,,,,,,,,
internet-providers-generally-barred,,belief,"Internet providers should generally be barred by law from speeding up, slowing down or charging extra for particular websites and services.",,internet,,,,,,,,,,,,,,,,,"The disagreement turns on whether competition and public attention are enough to keep providers honest, or whether the lack of choice in home internet makes a legal rule necessary.",,,,60,Moderate,
provider-can-slow-down,,claim,"A provider that can slow down or charge extra for certain traffic gains a veto over which websites and services succeed, and that power belongs with users, not with the company selling the connection.",,,internet-providers-generally-barred,,,,,,,,,,,,,,,,,,,,,,
many-households-have-little,,claim,"Many households have little real choice of home internet provider, so competition alone cannot punish one that plays favorites.",,,internet-providers-generally-barred,,,,,,,,,,,,,,,,,,,,,,
new-services-start-small,,claim,"New services start small and cannot pay for fast lanes, so a rule of equal treatment keeps the door open for the next useful idea.",,,internet-providers-generally-barred,,,,,,,,,,,,,,,,,,,,,,
all-traffic-alike-live,,claim,"Not all traffic is alike; a live video call suffers far more from delay than a file download does, and a legal ban on favoring traffic turns sensible prioritizing into a legal risk.",,,internet-providers-generally-barred,,,,,,,,,,,,,,,,,,,,,,
building-faster-networks-costs,,claim,"Building faster networks costs a great deal, and letting providers charge the services that send the most traffic for faster delivery helps pay for upgrades that all users share.",,,internet-providers-generally-barred,,,,,,,,,,,,,,,,,,,,,,
providers-rarely-block-throttle,,claim,"Providers rarely block or throttle in practice because customers and the press notice quickly, so the rule solves a problem that mostly does not occur.",,,internet-providers-generally-barred,,,,,,,,,,,,,,,,,,,,,,
laws-require-people-prove,,belief,Laws that require people to prove their age before using social media do more harm than good.,,internet,,,,,,,,,,,,,,,,,The disagreement turns on whether the privacy and access costs of checking everyone's age outweigh the harm to children the checks are meant to prevent.,,,,-50,Moderate,
proving-age-means-handing,,claim,"Proving age means handing an ID or a face scan to a company or a middleman, which creates a new store of sensitive data that can leak or be misused.",,,laws-require-people-prove,,,,,,,,,,,,,,,,,,,,,,
teenagers-who-blocked-mainstream,,claim,"Teenagers who are blocked from mainstream sites do not stop going online; they move to smaller, less moderated places where the risks are greater.",,,laws-require-people-prove,,,,,,,,,,,,,,,,,,,,,,
age-rules-set-law,,claim,"Age rules set by law sweep in adults too, since everyone has to pass the same check, so a protection for minors becomes a barrier for all.",,,laws-require-people-prove,,,,,,,,,,,,,,,,,,,,,,
society-already-requires-proof,,claim,"Society already requires proof of age for alcohol, gambling and driving, and there is no principled reason that products children use heavily and that are built to hold their attention should be exempt.",,,laws-require-people-prove,,,,,,,,,,,,,,,,,,,,,,
leaving-choice-parents-has,,claim,"Leaving the choice to parents has not worked, because a child needs only one friend with an account to feel left out, and parents cannot supervise every hour.",,,laws-require-people-prove,,,,,,,,,,,,,,,,,,,,,,
companies-can-verify-age,,claim,"Companies can verify age without keeping the underlying documents, but voluntary adoption has been patchy and inconsistent, which is why a uniform legal requirement is needed.",,,laws-require-people-prove,,,,,,,,,,,,,,,,,,,,,,
we-support-strengthen-democracy,,belief,We should support and strengthen democracy to restore the voter's voice.,,democracy-and-rule-of-law,,,,,,,,,,,,,,,,,"The problem diagnosis is strong: current electoral rules let unrepresentative primary electorates pick the choices, let mapmakers pick their voters, and make candidates depend on a narrow donor class. The reform mechanisms are less certain, since each specific fix (ranked-choice voting, nonpartisan primaries, commissions, donor matching) has real supporting evidence and real implementation risks, so this belief is strongest as ""fix the structures, state by state, and measure"" and weakest as a blanket endorsement of any one mechanism.",,,,80,Strong,
partisan-primaries-let-small,,claim,Partisan primaries let a small and unrepresentative group of voters pick the choices everyone else gets in the general election.,,,we-support-strengthen-democracy,,,,,,,,,,,,,,,,,,,,,,
gerrymandering-lets-legislators-choose,,claim,Gerrymandering lets legislators choose their voters instead of voters choosing their legislators.,,,we-support-strengthen-democracy,,,,,,,,,,,,,,,,,,,,,,
ranked-choice-voting-produces,,claim,Ranked-choice voting produces winners with broader support and reduces negative campaigning.,,,we-support-strengthen-democracy,,,,,,,,,,,,,,,,,,,,,,
campaign-finance-structures-make,,claim,Campaign finance structures make candidates dependent on a donor class whose interests differ from those of their constituents.,,,we-support-strengthen-democracy,,,,,,,,,,,,,,,,,,,,,,
third-parties-independents-kept,,claim,"Third parties and independents are kept out by structural election rules, not because they are unpopular.",,,we-support-strengthen-democracy,,,,,,,,,,,,,,,,,,,,,,
specific-electoral-reforms-have,,claim,Specific electoral reforms have real implementation problems and unintended consequences.,,,we-support-strengthen-democracy,,,,,,,,,,,,,,,,,,,,,,
two-party-system-has,,claim,The two-party system has stabilizing effects that alternative systems may not replicate.,,,we-support-strengthen-democracy,,,,,,,,,,,,,,,,,,,,,,
restoring-voter-s-voice,,claim,"Restoring the voter's voice assumes there is a single coherent will of the voters to restore, but on many issues public opinion contradicts itself.",,,we-support-strengthen-democracy,,,,,,,,,,,,,,,,,,,,,,
campaign-finance-restrictions-collide,,claim,Campaign finance restrictions collide with the First Amendment's protection of political spending as speech.,,,we-support-strengthen-democracy,,,,,,,,,,,,,,,,,,,,,,
nonpartisan-primaries-may-weaken,,claim,Nonpartisan primaries may weaken party accountability rather than strengthen the voter's voice.,,,we-support-strengthen-democracy,,,,,,,,,,,,,,,,,,,,,,
congress-polls-15-25,,claim,Congress polls at 15 to 25 percent approval while incumbent reelection rates exceed 90 percent.,,,we-support-strengthen-democracy,,,,,,,,,,,,,,,,,,,,,,
primary-voters-measure-significantly,,claim,Primary voters measure significantly more ideologically extreme than each party's general-election supporters.,,,we-support-strengthen-democracy,,,,,,,,,,,,,,,,,,,,,,
americans-identifying-independents-reached,,claim,"Americans identifying as independents reached 43 percent, more than either party, while remaining excluded from most primaries.",,,we-support-strengthen-democracy,,,,,,,,,,,,,,,,,,,,,,
alaska-s-first-federal,,claim,Alaska's first federal ranked-choice election showed none of the predicted voter confusion and had normal ballot-completion rates.,,,we-support-strengthen-democracy,,,,,,,,,,,,,,,,,,,,,,
independent-redistricting-commissions-arizona,,claim,Independent redistricting commissions in Arizona and California reduced safe seats by 15 to 20 percent compared with maps drawn by legislatures.,,,we-support-strengthen-democracy,,,,,,,,,,,,,,,,,,,,,,
policy-outcomes-correlate-preferences,,claim,Policy outcomes correlate with the preferences of economic elites at far higher rates than with the preferences of the median voter.,,,we-support-strengthen-democracy,,,,,,,,,,,,,,,,,,,,,,
burlington-vermont-adopted-ranked,,claim,"Burlington, Vermont adopted ranked-choice voting and then repealed it after the candidate with the most first-choice votes lost, though scholars dispute whether the result was actually unfair under the rules.",,,we-support-strengthen-democracy,,,,,,,,,,,,,,,,,,,,,,
evidence-whether-nonpartisan-primaries,,claim,The evidence on whether nonpartisan primaries actually moderate candidates is mixed.,,,we-support-strengthen-democracy,,,,,,,,,,,,,,,,,,,,,,
independent-voters-about-43,,interest,"Independent voters, about 43 percent of Americans, need a meaningful vote because they are locked out of primaries.",,,,,,,,,Political equality,,,,,,,,,,,,,,,,
voters-need-representatives-who,,interest,Voters need representatives who solve problems rather than perform for their base audiences.,,,,,,,,,Accountability,,,,,,,,,,,,,,,,
forward-party-other-third,,interest,The Forward Party and other third parties need open primaries and ranked-choice rules because they benefit directly from them.,,,,,,,,,,,,,,,,,,,,,,,,,
opponents-need-governmental-stability,,interest,Small-business owners who plan hiring and investment years ahead need governmental stability and coherent governing coalitions.,,,,,,,,,Stability,,,,,,,,,,,,,,,,
voters-need-simple-ballots,,interest,Voters need simple ballots and elections they can understand.,,,,,,,,,Participation,,,,,,,,,,,,,,,,
incumbents-major-party-organizations,,interest,"Incumbents and major-party organizations need to protect the rules that protect them, and donors need to protect their channel of influence.",,,,,,,,,,,,,,,,,,,,,,,,,
decade-data-alaska-maine,,claim,A decade of data from Alaska and Maine will show that reformed states elect measurably more median-aligned representatives and that their approval-to-reelection gap narrows compared with matched unreformed states.,,,we-support-strengthen-democracy,,,,,,,,,,,,,,,,,,,,,,
legislators-jurisdictions-small-donor,,claim,Legislators in jurisdictions with small-donor matching will track constituent preferences better than legislators in jurisdictions without it.,,,we-support-strengthen-democracy,,,,,,,,,,,,,,,,,,,,,,
commission-drawn-maps-will,,claim,"Commission-drawn maps will keep producing 15 to 20 percent fewer safe seats than maps drawn by legislatures, cycle after cycle.",,,we-support-strengthen-democracy,,,,,,,,,,,,,,,,,,,,,,
jurisdictions-use-ranked-choice,,claim,Jurisdictions that use ranked-choice voting will show persistently lower rates of negative advertising.,,,we-support-strengthen-democracy,,,,,,,,,,,,,,,,,,,,,,
reformed-states-will-show,,claim,"Reformed states will show no movement on any objective criterion after two full election cycles, or repeal waves will spread beyond single incidents like Burlington.",,,we-support-strengthen-democracy,,,,,,,,,,,,,,,,,,,,,,
center-squeeze-other-pathological,,claim,Center-squeeze or other pathological outcomes will recur in ranked-choice elections at rates that measurably erode public trust in results.,,,we-support-strengthen-democracy,,,,,,,,,,,,,,,,,,,,,,
representatives-reformed-states-will,,claim,Representatives in reformed states will move toward their district medians no faster than representatives in unreformed states.,,,we-support-strengthen-democracy,,,,,,,,,,,,,,,,,,,,,,
companies-need-person-s,,belief,Companies should need a person's clear permission before collecting their data for advertising.,,privacy-and-data,,,,,,,,,,,,,,,,,"The disagreement turns on whether people can give meaningful consent to data collection at all, and on who should pay for the free services that collection now funds.",,,,60,Moderate,
information-about-person-belongs,,claim,"Information about a person belongs to that person first, and taking it without asking treats people as a resource rather than as customers.",,,companies-need-person-s,,,,,,,,,,,,,,,,,,,,,,
most-people-do-know,,claim,"Most people do not know how much is gathered about them or where it goes, so silent collection cannot be called consent in any real sense.",,,companies-need-person-s,,,,,,,,,,,,,,,,,,,,,,
requiring-permission-before-collecting,,claim,"Requiring permission before collecting personal data forces companies to explain what they want and why, which by itself makes them collect less than they otherwise would.",,,companies-need-person-s,,,,,,,,,,,,,,,,,,,,,,
advertising-pays-most-free,,claim,"Advertising pays for most free online services, and when fewer people opt in to data collection for ads, those services either start charging money or disappear.",,,companies-need-person-s,,,,,,,,,,,,,,,,,,,,,,
permission-screens-quickly-become,,claim,"Permission screens quickly become a wall of clicks that people wave through without reading, so requiring consent before data collection adds friction without adding understanding.",,,companies-need-person-s,,,,,,,,,,,,,,,,,,,,,,
ads-matched-person-s,,claim,"Ads matched to a person's interests are less annoying and more useful than random ones, and many people prefer them once they see the difference.",,,companies-need-person-s,,,,,,,,,,,,,,,,,,,,,,
law-enforcement-able-read,,belief,Law enforcement should be able to read encrypted messages when it has a warrant.,,privacy-and-data,,,,,,,,,,,,,,,,,The disagreement turns on whether a way in for lawful searches can exist without becoming a way in for everyone else.,,,,-55,Moderate,
warrant-already-lets-police,,claim,"A warrant already lets police search a home or open a safe, and a message on a phone should not be more protected than a letter in a drawer.",,,law-enforcement-able-read,,,,,,,,,,,,,,,,,,,,,,
people-who-plan-serious,,claim,"People who plan serious harm use encrypted apps precisely because they know no one can look, and society should not build them a guaranteed hiding place.",,,law-enforcement-able-read,,,,,,,,,,,,,,,,,,,,,,
letting-police-read-encrypted,,claim,Letting police read an encrypted message only after a judge finds there is cause keeps the decision to look with a court rather than with the officers who want to look.,,,law-enforcement-able-read,,,,,,,,,,,,,,,,,,,,,,
there-no-way-build,,claim,There is no way to build a way into encrypted messages that only the police can use; any built-in opening can be found and used by criminals and hostile governments.,,,law-enforcement-able-read,,,,,,,,,,,,,,,,,,,,,,
warrants-issued-one-country,,claim,"Warrants are issued in one country, but the same software runs everywhere, so a way in created for one government becomes available to all of them.",,,law-enforcement-able-read,,,,,,,,,,,,,,,,,,,,,,
ordinary-people-businesses-journalists,,claim,"Ordinary people, businesses and journalists rely on encryption for their safety, and weakening it for everyone in order to catch a few makes the whole population less secure.",,,law-enforcement-able-read,,,,,,,,,,,,,,,,,,,,,,
new-movies-generally-open,,belief,New movies should generally open in theaters for a period before they reach streaming services.,,movies,,,,,,,,,,,,,,,,,The disagreement turns on whether the shared theater experience is worth making everyone wait for it.,,,,60,Moderate,
theater-run-gives-movie,,claim,"A theater run gives a movie a single shared moment when people talk about it, which builds interest that a quiet streaming release rarely matches.",,,new-movies-generally-open,,,,,,,,,,,,,,,,,,,,,,
seeing-film-big-screen,,claim,"Seeing a film on a big screen with a crowd is a different and richer experience, and a period when a new film is only in theaters is the only way to keep that as the default way to see a movie.",,,new-movies-generally-open,,,,,,,,,,,,,,,,,,,,,,
theaters-local-businesses-employ,,claim,"Theaters are local businesses that employ people and anchor downtowns, and they cannot survive if every film is available at home on the day it opens.",,,new-movies-generally-open,,,,,,,,,,,,,,,,,,,,,,
families-rural-viewers-people,,claim,"Families, rural viewers and people with disabilities find theaters costly or hard to reach, and a forced wait before new films reach home screens treats them as second-class audiences.",,,new-movies-generally-open,,,,,,,,,,,,,,,,,,,,,,
piracy-fills-any-gap,,claim,"Piracy fills any gap between a movie's release and its availability at home, so delays mostly push viewers toward illegal copies.",,,new-movies-generally-open,,,,,,,,,,,,,,,,,,,,,,
streaming-lets-small-unusual,,claim,"Streaming lets small and unusual films find their audience without fighting for a limited number of screens, so a theater-first rule protects blockbusters more than it protects film as a whole.",,,new-movies-generally-open,,,,,,,,,,,,,,,,,,,,,,
studios-let-viewers-choose,,belief,Studios should let viewers choose to watch new movies at home on the same day they open in theaters.,,movies,,,,,,,,,,,,,,,,,The disagreement turns on whether viewer convenience or the health of the theater business should decide where a new movie can be seen.,,,,-55,Moderate,
viewers-studios-decide-where,,claim,"Viewers, not studios, should decide where they watch a film they are paying for.",,,studios-let-viewers-choose,,,,,,,,,,,,,,,,,,,,,,
tickets-parking-babysitting-make,,claim,"Tickets, parking and babysitting make a night out expensive, and a home option puts new films within reach of people on tight budgets.",,,studios-let-viewers-choose,,,,,,,,,,,,,,,,,,,,,,
same-day-home-release,,claim,"A same-day home release lets a film reach people who live far from any theater, so its audience grows instead of shrinking.",,,studios-let-viewers-choose,,,,,,,,,,,,,,,,,,,,,,
same-day-home-release-2,,claim,"A same-day home release cuts theater attendance in the very weeks a film needs it most, and the lost ticket income is not replaced by streaming fees.",,,studios-let-viewers-choose,,,,,,,,,,,,,,,,,,,,,,
movies-watched-home-compete,,claim,"Movies watched at home compete with phones and interruptions, so filmmakers lose the focused attention their work was made for.",,,studios-let-viewers-choose,,,,,,,,,,,,,,,,,,,,,,
once-viewers-expect-every,,claim,"Once viewers expect every film at home on opening day, studios have less reason to spend on the large-scale pictures that only make sense on a big screen.",,,studios-let-viewers-choose,,,,,,,,,,,,,,,,,,,,,,
cities-generally-redesign-streets,,belief,"Cities should generally redesign streets to slow cars down, even when that lengthens drive times.",,autos,,,,,,,,,,,,,,,,,It turns on how many minutes of driving time a community will trade for fewer deaths and more people able to walk and bike.,,,,-55,Moderate,
whether-crash-kills-someone,,claim,"Whether a crash kills someone depends mostly on speed, so a street built for slower driving saves lives without relying on drivers choosing to behave better.",,,cities-generally-redesign-streets,,,,,,,,,,,,,,,,,,,,,,
streets-where-cars-move,,claim,"Streets where cars move slowly are streets where children, old people and cyclists can safely be, which gives everyone a choice besides driving.",,,cities-generally-redesign-streets,,,,,,,,,,,,,,,,,,,,,,
redesigning-street-slow-cars,,claim,"Redesigning a street to slow cars costs each driver a small amount of time on each trip, while the safety gained is shared by every person who uses the street.",,,cities-generally-redesign-streets,,,,,,,,,,,,,,,,,,,,,,
longer-trips-cost-workers,,claim,"Longer trips cost workers, deliveries and emergency vehicles real time every single day, and those costs add up across a whole city.",,,cities-generally-redesign-streets,,,,,,,,,,,,,,,,,,,,,,
slowing-main-road-pushes,,claim,"Slowing a main road pushes drivers onto neighborhood side streets, moving the danger to places that were quiet before.",,,cities-generally-redesign-streets,,,,,,,,,,,,,,,,,,,,,,
most-places-most-people,,claim,"In most places most people have no practical alternative to driving, so making driving worse punishes them without giving them a better option.",,,cities-generally-redesign-streets,,,,,,,,,,,,,,,,,,,,,,
banning-sale-new-gasoline,,belief,Banning the sale of new gasoline cars by a fixed date is generally a mistake.,,autos,,,,,,,,,,,,,,,,,It turns on whether a firm deadline speeds the industry up or outruns what buyers and the charging network can absorb.,,,,50,Moderate,
electric-cars-still-out,,claim,"Electric cars are still out of reach for many buyers, and people in apartments and rural areas often have nowhere to charge one.",,,banning-sale-new-gasoline,,,,,,,,,,,,,,,,,,,,,,
ban-new-gasoline-cars,,claim,"A ban on new gasoline cars locks in one technology when hybrids, cleaner fuels or something not yet invented might turn out to be a better path.",,,banning-sale-new-gasoline,,,,,,,,,,,,,,,,,,,,,,
mandates-get-ahead-what,,claim,Mandates that get ahead of what people are ready to buy provoke a political backlash that can set the shift to electric cars back.,,,banning-sale-new-gasoline,,,,,,,,,,,,,,,,,,,,,,
automakers-charging-companies-only,,claim,"Automakers and charging companies only invest at full scale when the end date for gasoline car sales is certain, so a firm deadline is what makes the switch to electric cars happen.",,,banning-sale-new-gasoline,,,,,,,,,,,,,,,,,,,,,,
every-gasoline-car-sold,,claim,"Every gasoline car sold today will be on the road for many years, so the cheapest way to cut future emissions is to stop adding new ones.",,,banning-sale-new-gasoline,,,,,,,,,,,,,,,,,,,,,,
past-safety-emissions-standards,,claim,"Past safety and emissions standards were routinely called impossible when announced, and the industry usually found a way once the deadline was firm.",,,banning-sale-new-gasoline,,,,,,,,,,,,,,,,,,,,,,
long-prison-sentences-generally,,belief,Long prison sentences generally do little to reduce crime compared with raising the odds of being caught.,,law,,,,,,,,,,,,,,,,,The disagreement turns on whether crime is prevented more by keeping known offenders locked away for longer or by making arrest more likely in the first place.,,,,-60,Moderate,
most-people-who-commit,,claim,"Most people who commit crimes do not expect to be caught, so the length of a sentence they never expect to serve does not enter their thinking.",,,long-prison-sentences-generally,,,,,,,,,,,,,,,,,,,,,,
young-men-commit-most,,claim,"Young men commit most crimes and stop on their own as they get older, so years added to the end of a sentence hold people who would have quit anyway.",,,long-prison-sentences-generally,,,,,,,,,,,,,,,,,,,,,,
money-spent-extra-years,,claim,"Money spent on extra years in prison could instead hire investigators and patrol officers, which raises the chance of being caught and does change behavior.",,,long-prison-sentences-generally,,,,,,,,,,,,,,,,,,,,,,
person-prison-cannot-commit,,claim,"A person in prison cannot commit crimes against the public, so every added year prevents whatever that person would have done outside.",,,long-prison-sentences-generally,,,,,,,,,,,,,,,,,,,,,,
small-number-repeat-offenders,,claim,"A small number of repeat offenders commit a large share of all serious crime and keep at it well into middle age, so long sentences hold exactly the people who would not have quit on their own.",,,long-prison-sentences-generally,,,,,,,,,,,,,,,,,,,,,,
being-caught-only-deters,,claim,"Being caught only deters people if what follows is serious, so more arrests paired with short sentences give offenders little to fear.",,,long-prison-sentences-generally,,,,,,,,,,,,,,,,,,,,,,
judges-allowed-keep-suspects,,belief,"Judges should be allowed to keep suspects they consider dangerous in jail before trial, even when those suspects could afford bail.",,law,,,,,,,,,,,,,,,,,The disagreement turns on whether a judge's guess about future danger can justify locking up someone not yet convicted.,,,,50,Moderate,
someone-arrested-violent-act,,claim,Someone arrested for a violent act and released the same day can go after the same victim or witness before the trial ever happens.,,,judges-allowed-keep-suspects,,,,,,,,,,,,,,,,,,,,,,
bail-based-money-frees,,claim,"Bail based on money frees the wealthy and holds the poor, so a judgment about danger is fairer than a judgment about cash.",,,judges-allowed-keep-suspects,,,,,,,,,,,,,,,,,,,,,,
public-confidence-courts-falls,,claim,Public confidence in the courts falls when people see a suspect walk out hours after a serious arrest.,,,judges-allowed-keep-suspects,,,,,,,,,,,,,,,,,,,,,,
person-who-has-been,,claim,"A person who has not been convicted is presumed innocent, and jailing that person is punishment before any trial.",,,judges-allowed-keep-suspects,,,,,,,,,,,,,,,,,,,,,,
predicting-who-dangerous-guesswork,,claim,"Predicting who is dangerous is guesswork, and a judge facing public pressure will err toward holding people who would have caused no harm.",,,judges-allowed-keep-suspects,,,,,,,,,,,,,,,,,,,,,,
even-few-weeks-jail,,claim,"Even a few weeks in jail can cost a person their job, housing, and custody of their children, so detention harms whole families whether or not the charge holds up.",,,judges-allowed-keep-suspects,,,,,,,,,,,,,,,,,,,,,,
governments-put-protecting-environment,,belief,Governments should put protecting the environment ahead of economic growth when the two conflict.,,environment,,,,,,,,,,,,,,,,,The disagreement turns on whether growth is the thing that damages the environment or the thing that eventually pays to repair it.,,,,65,Moderate,
damage-nature-often-cannot,,claim,"Damage to nature often cannot be undone, while lost growth can be made up later, so the cautious choice is to protect what cannot be replaced.",,,governments-put-protecting-environment,,,,,,,,,,,,,,,,,,,,,,
growth-uses-up-resources,,claim,Growth that uses up resources is borrowed from future generations who never agreed to the loan.,,,governments-put-protecting-environment,,,,,,,,,,,,,,,,,,,,,,
markets-reward-growth-but,,claim,"Markets reward growth but give nobody a reason to pay for clean air, so when growth and clean air collide only a government rule keeps the air clean.",,,governments-put-protecting-environment,,,,,,,,,,,,,,,,,,,,,,
countries-clean-today-mostly,,claim,"Countries that are clean today mostly got rich first and then paid for cleanup, so growth is the path to protection rather than its enemy.",,,governments-put-protecting-environment,,,,,,,,,,,,,,,,,,,,,,
strict-environmental-limits-one,,claim,"Strict environmental limits in one country push dirty production to places with weaker rules, so the harm moves instead of shrinking.",,,governments-put-protecting-environment,,,,,,,,,,,,,,,,,,,,,,
rules-put-environment-ahead,,claim,Rules that put the environment ahead of growth raise prices and cut jobs for the people least able to absorb either.,,,governments-put-protecting-environment,,,,,,,,,,,,,,,,,,,,,,
technology-tends-solve-environmental,,belief,Technology tends to solve environmental problems better than restrictions on how people live.,,environment,,,,,,,,,,,,,,,,,The disagreement turns on whether clean technology arrives on its own or only because rules created a reason to build it.,,,,-35,Modest,
past-resource-scares-tended,,claim,"Past resource scares tended to end with a new method or a new material, not with rationing, and there is no reason to expect the pattern to stop.",,,technology-tends-solve-environmental,,,,,,,,,,,,,,,,,,,,,,
restrictions-daily-life-unpopular,,claim,"Restrictions on daily life are unpopular and get rolled back, while a cleaner option that is also cheaper stays adopted for good.",,,technology-tends-solve-environmental,,,,,,,,,,,,,,,,,,,,,,
rule-freezes-today-s,,claim,"A rule freezes today's best answer in place, while innovation keeps finding better answers that the rule would have blocked.",,,technology-tends-solve-environmental,,,,,,,,,,,,,,,,,,,,,,
new-technology-arrives-its,,claim,"New technology arrives on its own schedule while environmental damage is happening now, so waiting for a technical fix is a decision to accept that damage in the meantime.",,,technology-tends-solve-environmental,,,,,,,,,,,,,,,,,,,,,,
new-technology-often-used,,claim,"New technology is often used to consume more rather than less, so efficiency gains get eaten by growth unless something limits the total.",,,technology-tends-solve-environmental,,,,,,,,,,,,,,,,,,,,,,
clean-technologies-did-succeed,,claim,"The clean technologies that did succeed usually appeared because rules and targets made someone pay for them, so the restriction is what produces the invention.",,,technology-tends-solve-environmental,,,,,,,,,,,,,,,,,,,,,,
longer-prison-sentences-generally,,belief,Longer prison sentences generally make communities safer.,,crime-and-justice,,,,,,,,,,,,,,,,,The disagreement turns on whether the extra years are served by people who would have kept offending or by people who would have stopped anyway.,,,,55,Moderate,
person-who-prison-cannot,,claim,"A person who is in prison cannot commit crimes on the street, and every year added is a year the community is protected from that person.",,,longer-prison-sentences-generally,,,,,,,,,,,,,,,,,,,,,,
adding-years-sentence-raises,,claim,"Adding years to a sentence raises the price of getting caught, and a higher price makes some people decide the crime is not worth it.",,,longer-prison-sentences-generally,,,,,,,,,,,,,,,,,,,,,,
few-repeat-offenders-account,,claim,"A few repeat offenders account for a large share of crime, so holding those people longer removes a large share of harm.",,,longer-prison-sentences-generally,,,,,,,,,,,,,,,,,,,,,,
most-people-age-out,,claim,"Most people age out of crime on their own, so extra years are mostly served by people who would have stopped anyway, at great cost and for no safety gain.",,,longer-prison-sentences-generally,,,,,,,,,,,,,,,,,,,,,,
prison-teaches-criminal-skills,,claim,"Prison teaches criminal skills and cuts jobs and family ties, so people released after long terms often come out more dangerous than they went in.",,,longer-prison-sentences-generally,,,,,,,,,,,,,,,,,,,,,,
money-spent-extra-years-2,,claim,"The money spent on extra years of prison could pay for more officers on the street, and being likely to get caught deters more than the length of the sentence.",,,longer-prison-sentences-generally,,,,,,,,,,,,,,,,,,,,,,
police-departments-spend-more,,belief,Police departments should spend more of their effort preventing crime than making arrests.,,crime-and-justice,,,,,,,,,,,,,,,,,The disagreement turns on whether harm that was prevented can be counted and answered for the way harm that was punished can.,,,,-45,Moderate,
arrest-happens-after-someone,,claim,"An arrest happens after someone has already been hurt, while a visible patrol, better lighting, or a mediated dispute stops the harm before it occurs.",,,police-departments-spend-more,,,,,,,,,,,,,,,,,,,,,,
arrests-minor-offenses-leave,,claim,Arrests for minor offenses leave young people with a record that narrows their lawful paths and makes crime the easier one.,,,police-departments-spend-more,,,,,,,,,,,,,,,,,,,,,,
communities-share-information-police,,claim,"Communities share information with police who help them and hide it from police who mostly punish them, and that information is what solves serious crimes.",,,police-departments-spend-more,,,,,,,,,,,,,,,,,,,,,,
prevention-hard-measure-easy,,claim,"Prevention is hard to measure and easy to claim, while an arrest is a public act that can be checked, so shifting effort to prevention makes police less accountable.",,,police-departments-spend-more,,,,,,,,,,,,,,,,,,,,,,
people-who-have-already,,claim,"People who have already been harmed are owed a response now, and putting arrests second means the department serves the person who might be hurt tomorrow ahead of the person who was hurt yesterday.",,,police-departments-spend-more,,,,,,,,,,,,,,,,,,,,,,
surest-form-prevention-certainty,,claim,"The surest form of prevention is the certainty that offenders get caught, and that certainty is built one arrest at a time.",,,police-departments-spend-more,,,,,,,,,,,,,,,,,,,,,,
heavy-digital-editing-generally,,belief,Heavy digital editing generally does not make a photograph any less of a photograph.,,photography,,,,,,,,,,,,,,,,,The disagreement turns on whether a photograph is defined by the camera's capture or by the finished picture the photographer chooses to show.,,,,60,Moderate,
every-photograph-already-involves,,claim,"Every photograph already involves choices about framing, timing, lens and light, so editing afterward is one more choice among many rather than a break from the craft.",,,heavy-digital-editing-generally,,,,,,,,,,,,,,,,,,,,,,
printing-developing-have-always,,claim,"Printing and developing have always allowed the maker to lighten, darken, crop and combine, and nobody stopped calling those results photographs.",,,heavy-digital-editing-generally,,,,,,,,,,,,,,,,,,,,,,
what-viewers-respond-finished,,claim,"What viewers respond to is the finished image on the wall or the screen, and the tools used to reach it matter no more than the brand of brush matters for a painting.",,,heavy-digital-editing-generally,,,,,,,,,,,,,,,,,,,,,,
ordinary-people-trust-photograph,,claim,"Ordinary people trust a photograph because they assume it shows something that actually happened, and heavy editing quietly spends that trust without telling them.",,,heavy-digital-editing-generally,,,,,,,,,,,,,,,,,,,,,,
photograph-s-one-special,,claim,"A photograph's one special power over painting is its claim to have been there, so an image that no longer makes that claim has given up the thing that made it a photograph.",,,heavy-digital-editing-generally,,,,,,,,,,,,,,,,,,,,,,
when-any-part-picture,,claim,"When any part of a picture can be changed after the camera has done its work, being in the right place at the right moment matters less than skill at software, and a photograph made that way is closer to an illustration than to a record.",,,heavy-digital-editing-generally,,,,,,,,,,,,,,,,,,,,,,
photograph-s-worth-clearly,,belief,A photograph's worth clearly rests more on what it truthfully shows than on the photographer's artistry.,,photography,,,,,,,,,,,,,,,,,The disagreement turns on whether the camera's link to a real moment or the maker's eye is the source of a photograph's value.,,,,-40,Moderate,
photographs-people-return-across,,claim,"The photographs people return to across generations are the ones that show something real, from a family's kitchen to a war, and their power comes from that reality rather than from technique.",,,photograph-s-worth-clearly,,,,,,,,,,,,,,,,,,,,,,
artistry-can-produced-demand,,claim,"Artistry can be produced on demand by anyone with training, but a true and telling moment cannot be staged without becoming something else.",,,photograph-s-worth-clearly,,,,,,,,,,,,,,,,,,,,,,
when-striking-image-turns,,claim,"When a striking image turns out to have been posed or altered, most people feel cheated, which shows that truth was what they valued all along.",,,photograph-s-worth-clearly,,,,,,,,,,,,,,,,,,,,,,
millions-truthful-snapshots-taken,,claim,"Millions of truthful snapshots are taken every day and nearly all are forgettable, so truth alone plainly is not what separates a memorable image from a dull one.",,,photograph-s-worth-clearly,,,,,,,,,,,,,,,,,,,,,,
choosing-where-stand-what,,claim,"Choosing where to stand, what to leave out and when to press the shutter is artistry, and it is what turns a scene anyone could see into a picture worth looking at.",,,photograph-s-worth-clearly,,,,,,,,,,,,,,,,,,,,,,
portraits-still-lifes-fashion,,claim,"Portraits, still lifes and fashion pictures are openly arranged, and they are among the most admired photographs ever made, which a truth-first view cannot explain.",,,photograph-s-worth-clearly,,,,,,,,,,,,,,,,,,,,,,
self-driving-cars-can,,belief,Self-driving cars can clearly be made safer than human drivers on ordinary roads.,,engineering,,,,,,,,,,,,,,,,,"It comes down to whether the rare, strange situations a machine handles badly outweigh the common human failures it removes.",,,,55,Moderate,
most-crashes-come-distraction,,claim,"Most crashes come from distraction, tiredness, drunkenness and speeding, and a machine suffers from none of them.",,,self-driving-cars-can,,,,,,,,,,,,,,,,,,,,,,
machine-driver-watches-every,,claim,"A machine driver watches every direction at once and reacts faster than any person, so it can start braking or steering while a human is still noticing the danger.",,,self-driving-cars-can,,,,,,,,,,,,,,,,,,,,,,
when-one-automated-car,,claim,"When one automated car learns from a mistake, the fix goes to every car in the fleet, while every human driver has to learn each lesson alone.",,,self-driving-cars-can,,,,,,,,,,,,,,,,,,,,,,
roads-full-unusual-situations,,claim,"Roads are full of unusual situations, from hand signals to fallen debris, and a system trained on typical cases fails exactly where judgment matters most.",,,self-driving-cars-can,,,,,,,,,,,,,,,,,,,,,,
ordinary-roads-self-driving,,claim,"On ordinary roads a self-driving car will need a human ready to take over for a long time, and a person told to supervise a machine stops paying attention, so the car plus its bored supervisor is more dangerous than a driver who knows the job is theirs.",,,self-driving-cars-can,,,,,,,,,,,,,,,,,,,,,,
sensors-fail-rain-snow,,claim,"Sensors fail in rain, snow, glare and dirt, and a driver who cannot see in bad weather is not safer than one who can.",,,self-driving-cars-can,,,,,,,,,,,,,,,,,,,,,,
adding-automation-critical-systems,,belief,Adding automation to critical systems tends to create new kinds of failure that are harder to catch than the ones it removes.,,engineering,,,,,,,,,,,,,,,,,The disagreement is whether the surprising failures of automation are a permanent cost or a design problem that gets solved.,,,,-40,Modest,
automation-hides-what-system,,claim,"Automation hides what the system is doing, so when it fails the operators are surprised and have no time to understand what went wrong.",,,adding-automation-critical-systems,,,,,,,,,,,,,,,,,,,,,,
operators-who-rarely-act,,claim,Operators who rarely act lose the skills they need in the moment the machine hands control back to them.,,,adding-automation-critical-systems,,,,,,,,,,,,,,,,,,,,,,
automated-parts-copied-everywhere,,claim,"Automated parts are copied everywhere, so one hidden bug can fail in many places at once instead of one crew making one mistake.",,,adding-automation-critical-systems,,,,,,,,,,,,,,,,,,,,,,
machine-s-possible-failures,,claim,"A machine's possible failures are written into its rules and can be inspected and tested before it ever runs, while a person's failures come from mood, fatigue and distraction that nobody can inspect in advance, so the new failures are easier to catch, not harder.",,,adding-automation-critical-systems,,,,,,,,,,,,,,,,,,,,,,
automated-failures-logged-repeatable,,claim,"Automated failures are logged and repeatable, so once they happen they can be found and fixed for good, while human lapses repeat forever.",,,adding-automation-critical-systems,,,,,,,,,,,,,,,,,,,,,,
new-failures-automation-creates,,claim,"The new failures automation creates can be designed against with alarms and backups, and every safety-critical industry has done so.",,,adding-automation-critical-systems,,,,,,,,,,,,,,,,,,,,,,
free-trade-other-countries,,belief,"Free trade with other countries makes ordinary people in a country better off overall, even when some industries lose.",,economics,,,,,,,,,,,,,,,,,The disagreement turns on whether small savings spread across every shopper outweigh heavy losses concentrated on particular towns and workers.,,,,-55,Moderate,
buying-goods-wherever-made,,claim,"Buying goods from wherever they are made cheapest lowers prices for everyone, and lower prices raise living standards as surely as higher wages do.",,,free-trade-other-countries,,,,,,,,,,,,,,,,,,,,,,
competition-abroad-pushes-home,,claim,"Competition from abroad pushes home companies to improve and to focus on what they do best, which raises productivity across the economy.",,,free-trade-other-countries,,,,,,,,,,,,,,,,,,,,,,
countries-trade-heavily-each,,claim,"Countries that trade heavily with each other have strong reasons to keep the peace, so trade buys security as well as cheaper goods.",,,free-trade-other-countries,,,,,,,,,,,,,,,,,,,,,,
gains-trade-spread-thinly,,claim,"The gains from trade are spread thinly across all consumers, while the losses land hard on particular towns and workers who rarely recover.",,,free-trade-other-countries,,,,,,,,,,,,,,,,,,,,,,
depending-other-countries-essential,,claim,Depending on other countries for essential goods leaves a nation exposed when supply chains break or a trading partner turns hostile.,,,free-trade-other-countries,,,,,,,,,,,,,,,,,,,,,,
trade-deals-let-companies,,claim,"Trade deals let companies move production to places with weak labor and environmental rules, undercutting the protections workers at home fought for.",,,free-trade-other-countries,,,,,,,,,,,,,,,,,,,,,,
public-decisions-generally-rest,,belief,Public decisions should generally rest on measured statistics rather than on personal experience and anecdote.,,statistics,,,,,,,,,,,,,,,,,The disagreement turns on whether counting captures enough of what matters to be trusted over what people have lived through.,,,,60,Moderate,
one-person-s-experience,,claim,"One person's experience covers a tiny slice of the world, and a count across many people is the only way to see the whole of it.",,,public-decisions-generally-rest,,,,,,,,,,,,,,,,,,,,,,
anecdotes-remembered-repeated-because,,claim,"Anecdotes are remembered and repeated because they are striking, and striking cases are by definition unusual.",,,public-decisions-generally-rest,,,,,,,,,,,,,,,,,,,,,,
number-can-checked-repeated,,claim,"A number can be checked, repeated and argued about in the open, while a story cannot.",,,public-decisions-generally-rest,,,,,,,,,,,,,,,,,,,,,,
statistics-measure-only-what,,claim,"Statistics measure only what is easy to count, so relying on them pushes decisions toward whatever fits in a spreadsheet.",,,public-decisions-generally-rest,,,,,,,,,,,,,,,,,,,,,,
averages-hide-people-edges,,claim,"Averages hide the people at the edges, and the people at the edges are often the ones a decision hurts most.",,,public-decisions-generally-rest,,,,,,,,,,,,,,,,,,,,,,
whoever-chooses-what-gets,,claim,"Whoever chooses what gets counted and how shapes the answer before anyone sees the number, so a statistic carries the choices of its maker.",,,public-decisions-generally-rest,,,,,,,,,,,,,,,,,,,,,,
statistics-quoted-public-debate,,belief,Statistics quoted in public debate tend to mislead more often than they inform.,,statistics,,,,,,,,,,,,,,,,,The disagreement turns on whether the misuse of numbers in debate outweighs the corrections that only numbers make possible.,,,,-40,Modest,
figure-quoted-without-its,,claim,"A figure quoted without its definition, its source and its margin of error sounds precise while saying almost nothing.",,,statistics-quoted-public-debate,,,,,,,,,,,,,,,,,,,,,,
advocates-pick-figure-helps,,claim,"Advocates pick the figure that helps their case from the many measures available, so the number the public hears is selected rather than representative.",,,statistics-quoted-public-debate,,,,,,,,,,,,,,,,,,,,,,
most-readers-cannot-tell,,claim,"Most readers cannot tell a sound statistic from a shaky one, so a shaky one carries the same authority as a sound one.",,,statistics-quoted-public-debate,,,,,,,,,,,,,,,,,,,,,,
most-figures-quoted-debate,,claim,"Most figures quoted in debate are roughly right, and the misleading ones stand out in memory precisely because they are the exception rather than the rule.",,,statistics-quoted-public-debate,,,,,,,,,,,,,,,,,,,,,,
misuse-statistics-gets-exposed,,claim,"Misuse of statistics gets exposed by other statistics, which is exactly how public claims get corrected over time.",,,statistics-quoted-public-debate,,,,,,,,,,,,,,,,,,,,,,
people-better-spotting-cherry,,claim,"People are better at spotting a cherry-picked figure than critics assume, and the habit of asking where a number came from has spread.",,,statistics-quoted-public-debate,,,,,,,,,,,,,,,,,,,,,,
quoting-famous-person-generally,,belief,Quoting a famous person generally adds little to whether a claim is true.,,quotations,,,,,,,,,,,,,,,,,The disagreement turns on whether the person behind a sentence is evidence for it or only an ornament on it.,,,,-60,Moderate,
claim-true-false-because,,claim,"A claim is true or false because of the reasons for it, and a name attached to it changes none of those reasons.",,,quoting-famous-person-generally,,,,,,,,,,,,,,,,,,,,,,
famous-people-quoted-saying,,claim,"Famous people are quoted for saying things well, not for being right, and fine wording is not evidence.",,,quoting-famous-person-generally,,,,,,,,,,,,,,,,,,,,,,
nearly-any-position-can,,claim,"Nearly any position can be backed by a quotation from someone famous, so quotations on opposite sides cancel each other out.",,,quoting-famous-person-generally,,,,,,,,,,,,,,,,,,,,,,
quotation-person-deep-experience,,claim,"A quotation from a person with deep experience in a field is a compressed report of that experience, and experience is a kind of evidence.",,,quoting-famous-person-generally,,,,,,,,,,,,,,,,,,,,,,
person-whose-judgment-has,,claim,"A person whose judgment has proven sound on many past questions is more likely to be right on the next one, so a view held by such a person is more likely to be true, not merely more respectable.",,,quoting-famous-person-generally,,,,,,,,,,,,,,,,,,,,,,
saying-usually-becomes-famous,,claim,"A saying usually becomes famous by surviving years of public criticism from people who wanted it to be wrong, so a widely quoted claim has been tested in a way an anonymous claim has not.",,,quoting-famous-person-generally,,,,,,,,,,,,,,,,,,,,,,
reference-works-generally-refuse,,belief,Reference works should generally refuse to print a quotation whose original source cannot be found.,,quotations,,,,,,,,,,,,,,,,,The disagreement turns on whether an unverified saying is better printed with a label or left out altogether.,,,,55,Moderate,
saying-passed-wrong-name,,claim,"A saying passed on with the wrong name attached rewrites who thought what, and a reference work exists to prevent exactly that.",,,reference-works-generally-refuse,,,,,,,,,,,,,,,,,,,,,,
misattributed-quotations-spread-fastest,,claim,"Misattributed quotations spread fastest once a respected reference repeats them, so the reference is the point where the chain can be broken.",,,reference-works-generally-refuse,,,,,,,,,,,,,,,,,,,,,,
requiring-source-forces-editors,,claim,"Requiring a source forces editors to check the wording as well, and many well-known quotations turn out to have been reworded along the way.",,,reference-works-generally-refuse,,,,,,,,,,,,,,,,,,,,,,
many-sayings-shaped-public,,claim,"Many sayings that shaped public life survive only in memory or in secondhand reports, and dropping them makes the reference less useful without making it more honest.",,,reference-works-generally-refuse,,,,,,,,,,,,,,,,,,,,,,
quotation-can-clearly-labeled,,claim,"A quotation can be clearly labeled as attributed rather than confirmed, which gives readers the truth without throwing the entry away.",,,reference-works-generally-refuse,,,,,,,,,,,,,,,,,,,,,,
insisting-written-original-favors,,claim,"Insisting on a written original favors people whose words were recorded over those whose words were only spoken, which skews the record toward the already powerful.",,,reference-works-generally-refuse,,,,,,,,,,,,,,,,,,,,,,
banks-too-big-fail,,belief,Banks that are too big to fail should be broken up.,,finance,,,,,,,,,,,,,,,,,Whether the danger comes from a bank's size itself or from how much it is allowed to risk.,,,,60,Moderate,
when-bank-knows-government,,claim,"When a bank knows the government cannot let it fail, it can take bigger risks with other people's money and keep the winnings while taxpayers cover the losses.",,,banks-too-big-fail,,,,,,,,,,,,,,,,,,,,,,
smaller-banks-can-fail,,claim,"Smaller banks can fail without dragging down the whole economy, which lets the market punish bad lending the way it should.",,,banks-too-big-fail,,,,,,,,,,,,,,,,,,,,,,
handful-giant-banks-holds,,claim,"A handful of giant banks holds enormous sway over lawmakers and regulators, and breaking them up spreads that power out.",,,banks-too-big-fail,,,,,,,,,,,,,,,,,,,,,,
large-banks-can-fund,,claim,Large banks can fund large projects and serve customers across the world in ways that a collection of small banks cannot match.,,,banks-too-big-fail,,,,,,,,,,,,,,,,,,,,,,
many-small-banks-failing,,claim,"Many small banks failing at the same time can cause a crisis just as easily as one big bank failing, so size is not the real problem.",,,banks-too-big-fail,,,,,,,,,,,,,,,,,,,,,,
requiring-big-banks-hold,,claim,"Requiring big banks to hold more of their own capital and to keep plans for an orderly shutdown addresses the danger of a taxpayer bailout directly, without the disruption of forcing banks apart.",,,banks-too-big-fail,,,,,,,,,,,,,,,,,,,,,,
rules-bar-ordinary-people,,belief,Rules that bar ordinary people from buying investments that are open to the wealthy do more harm than good.,,finance,,,,,,,,,,,,,,,,,Whether an adult's right to take a financial risk outweighs how easily the people selling that risk can take advantage of them.,,,,-50,Moderate,
restricting-best-early-stage,,claim,Restricting the best early-stage investments to the already wealthy keeps the biggest gains in the hands of people who are already rich.,,,rules-bar-ordinary-people,,,,,,,,,,,,,,,,,,,,,,
adults-trusted-take-mortgages,,claim,"Adults are trusted to take on mortgages, start businesses and gamble at casinos, so it is inconsistent to say they cannot judge an investment.",,,rules-bar-ordinary-people,,,,,,,,,,,,,,,,,,,,,,
rules-keep-ordinary-people,,claim,"Rules that keep ordinary people out of regulated investments push them toward unregulated corners of the market where they get less protection, not more.",,,rules-bar-ordinary-people,,,,,,,,,,,,,,,,,,,,,,
complex-investments-designed-professionals,,claim,"Complex investments are designed by professionals who understand them far better than the buyer, and that gap is exactly where people get fleeced.",,,rules-bar-ordinary-people,,,,,,,,,,,,,,,,,,,,,,
when-ordinary-savers-lose,,claim,"When ordinary savers lose their retirement money, the cost falls on public programs and families, not just on the person who took the risk.",,,rules-bar-ordinary-people,,,,,,,,,,,,,,,,,,,,,,
sellers-risky-products-have,,claim,"Sellers of risky products have every incentive to push them hard, and a rule about who may buy is the simplest way to blunt that pressure.",,,rules-bar-ordinary-people,,,,,,,,,,,,,,,,,,,,,,
companies-banned-putting-forced,,belief,Companies should be banned from putting forced arbitration clauses in consumer contracts.,,consumer-protection,,,,,,,,,,,,,,,,,Whether arbitration is a cheaper path to justice for consumers or a way for companies to avoid being held to account in public.,,,,60,Moderate,
nobody-reads-negotiates-fine,,claim,"Nobody reads or negotiates the fine print on a phone plan or a bank account, so a forced arbitration clause buried there is imposed rather than agreed to.",,,companies-banned-putting-forced,,,,,,,,,,,,,,,,,,,,,,
arbitration-private-so-company,,claim,"Arbitration is private, so a company that cheats many customers in the same way can settle each one quietly and never be exposed.",,,companies-banned-putting-forced,,,,,,,,,,,,,,,,,,,,,,
company-picks-pays-arbitration,,claim,"The company picks and pays the arbitration service and is a repeat customer, while the consumer appears once, and that tilts the outcome.",,,companies-banned-putting-forced,,,,,,,,,,,,,,,,,,,,,,
court-slow-expensive-small,,claim,"Court is slow and expensive, and for a small claim arbitration is often the only route a consumer can actually afford to use.",,,companies-banned-putting-forced,,,,,,,,,,,,,,,,,,,,,,
without-arbitration-companies-face,,claim,"Without arbitration, companies face class action suits that mostly pay lawyers while each customer receives a coupon.",,,companies-banned-putting-forced,,,,,,,,,,,,,,,,,,,,,,
forcing-disputes-into-court,,claim,"Forcing disputes into court instead of arbitration raises companies' legal costs, which get built into prices so every customer pays for the few who sue.",,,companies-banned-putting-forced,,,,,,,,,,,,,,,,,,,,,,
warning-labels-disclosure-rules,,belief,Warning labels and disclosure rules do little to change how people buy and add cost without much benefit.,,consumer-protection,,,,,,,,,,,,,,,,,Whether the problem is disclosure itself or how badly most disclosures are written.,,,,-45,Moderate,
when-every-product-carries,,claim,"When every product carries a warning, people stop reading any of them, so the labels cancel each other out.",,,warning-labels-disclosure-rules,,,,,,,,,,,,,,,,,,,,,,
long-disclosure-documents-written,,claim,"Long disclosure documents are written by lawyers to protect the company, not to inform the buyer, and no ordinary person reads them.",,,warning-labels-disclosure-rules,,,,,,,,,,,,,,,,,,,,,,
disclosure-lets-regulators-claim,,claim,"Disclosure lets regulators claim they acted while leaving the harmful product on the shelf, which crowds out rules that would actually work.",,,warning-labels-disclosure-rules,,,,,,,,,,,,,,,,,,,,,,
simple-well-designed-labels,,claim,"Simple, well-designed labels do change behavior, and the failure of bad labels is a reason to design better ones rather than to abandon them.",,,warning-labels-disclosure-rules,,,,,,,,,,,,,,,,,,,,,,
printing-label-posting-fact,,claim,"Printing a label or posting a fact sheet costs a company almost nothing next to the harm done when people buy a product without knowing what is in it, so disclosure rules cost far less than they save.",,,warning-labels-disclosure-rules,,,,,,,,,,,,,,,,,,,,,,
requiring-companies-state-facts,,claim,"Requiring companies to state facts plainly changes what they are willing to sell, because nobody wants to print an ugly truth on their own package.",,,warning-labels-disclosure-rules,,,,,,,,,,,,,,,,,,,,,,
training-ai-copyrighted-work,,belief,Training AI on copyrighted work without permission should be against the law.,,artificial-intelligence,,,,,,,,,,,,,,,,,The disagreement turns on whether a machine learning from a work is more like a person reading it or more like a company copying it.,,,,55,Moderate,
writers-artists-musicians-made,,claim,"Writers, artists and musicians made the work that AI systems learn from, and using it to build a product that competes with them, without asking or paying, is a form of taking.",,,training-ai-copyrighted-work,,,,,,,,,,,,,,,,,,,,,,
any-other-business-wanted,,claim,"Any other business that wanted to use a book or a song commercially would need a license, and AI companies should not get an exemption because they use a great deal at once.",,,training-ai-copyrighted-work,,,,,,,,,,,,,,,,,,,,,,
permission-requirement-creates-market,,claim,"A permission requirement creates a market where creators can be paid, which keeps people making the new work that future AI systems will need.",,,training-ai-copyrighted-work,,,,,,,,,,,,,,,,,,,,,,
learning-what-others-made,,claim,"Learning from what others made is how every human artist and writer has ever worked, and reading a book to learn from it has never required permission.",,,training-ai-copyrighted-work,,,,,,,,,,,,,,,,,,,,,,
ai-models-built-learn,,claim,"AI models are built to learn general patterns rather than keep copies of the works they train on, and the rare case where a model repeats a passage is a flaw to fix, so treating pattern learning itself as copying stretches copyright into control over ideas.",,,training-ai-copyrighted-work,,,,,,,,,,,,,,,,,,,,,,
requiring-license-every-item,,claim,"Requiring a license for every item in a training set would make useful AI possible only for the few companies rich enough to pay, and would stall research everywhere else.",,,training-ai-copyrighted-work,,,,,,,,,,,,,,,,,,,,,,
governments-hold-back-spread,,belief,Governments should not hold back the spread of AI in workplaces in order to protect existing jobs.,,artificial-intelligence,,,,,,,,,,,,,,,,,The disagreement turns on whether slowing a technology to protect jobs actually saves workers or only delays the same change while the benefits go elsewhere.,,,,-45,Moderate,
every-major-technology-tractor,,claim,"Every major technology, from the tractor to the spreadsheet, was predicted to cause mass joblessness, and each time new kinds of work appeared instead, so a government that protects today's jobs is protecting jobs that would have changed anyway.",,,governments-hold-back-spread,,,,,,,,,,,,,,,,,,,,,,
most-jobs-bundles-many,,claim,"Most jobs are bundles of many tasks, and letting AI take over some of those tasks tends to change a job rather than end it, so there is far less to protect than the fear suggests.",,,governments-hold-back-spread,,,,,,,,,,,,,,,,,,,,,,
holding-back-ai-one,,claim,"Holding back AI in one country does not stop it anywhere else; the new jobs built around the tools simply grow abroad, and the protected jobs still disappear when cheaper foreign products arrive.",,,governments-hold-back-spread,,,,,,,,,,,,,,,,,,,,,,
past-machines-replaced-muscle,,claim,"Past machines replaced muscle and left the thinking to people; a machine that can think is a different kind of thing, and a government that waits to see whether the old pattern holds risks finding out too late to help anyone.",,,governments-hold-back-spread,,,,,,,,,,,,,,,,,,,,,,
even-when-new-jobs,,claim,"Even when new jobs eventually appear, the people who lose the old ones are rarely the people who get the new ones, and slowing the change gives those workers time to retrain or retire before their livelihood is gone.",,,governments-hold-back-spread,,,,,,,,,,,,,,,,,,,,,,
spread-ai-into-workplaces,,claim,"The spread of AI into workplaces is arriving faster than earlier shifts did, and a pace set by companies racing one another leaves schools, workers and towns no time to adjust unless government slows it down.",,,governments-hold-back-spread,,,,,,,,,,,,,,,,,,,,,,
governments-generally-provide-limited,,belief,Governments should generally provide limited public funding to local newspapers so that local government keeps getting covered.,,newspapers,,,,,,,,,,,,,,,,,"The disagreement turns on whether a paper can watch a government that helps pay its bills, and whether readers walking away is a verdict on the product or a failure of the market.",,,,60,Moderate,
when-town-loses-its,,claim,"When a town loses its paper, almost nobody attends council or school board meetings anymore, so local spending, contracts, and hiring go unwatched.",,,governments-generally-provide-limited,,,,,,,,,,,,,,,,,,,,,,
newspapers-did-lose-readers,,claim,"Newspapers did not lose readers so much as they lost advertisers, whose money moved to online platforms, so public money would replace lost revenue rather than reward bad reporting.",,,governments-generally-provide-limited,,,,,,,,,,,,,,,,,,,,,,
societies-already-fund-libraries,,claim,"Societies already fund libraries, public schools, and courts because markets alone underprovide them, and local reporting belongs in that same category.",,,governments-generally-provide-limited,,,,,,,,,,,,,,,,,,,,,,
newspaper-depends-government-money,,claim,"A newspaper that depends on government money cannot be trusted to cover that government as hard as it should, and readers will assume it does not.",,,governments-generally-provide-limited,,,,,,,,,,,,,,,,,,,,,,
money-follow-readers-if,,claim,"Money should follow readers, and if not enough readers will pay for a paper, that shows it no longer meets a need people actually have.",,,governments-generally-provide-limited,,,,,,,,,,,,,,,,,,,,,,
public-funding-programs-news,,claim,"Public funding programs for news tend to be captured by large chains with lobbyists, so the small local outlets those programs are meant to save get the least of the money.",,,governments-generally-provide-limited,,,,,,,,,,,,,,,,,,,,,,
newspaper-can-no-longer,,belief,A newspaper that can no longer pay its own way should generally be allowed to close rather than be kept alive with public money or special rules.,,newspapers,,,,,,,,,,,,,,,,,The disagreement turns on whether a closing paper is a failed business that has served its time or a shared resource that nothing else replaces once it is gone.,,,,-55,Moderate,
readers-who-stop-paying,,claim,"Readers who stop paying for a paper are telling it something, and shielding it from that message keeps alive a product that no longer serves the people it claims to serve.",,,newspaper-can-no-longer,,,,,,,,,,,,,,,,,,,,,,
money-talent-tied-up,,claim,"Money and talent tied up in a failing paper cannot flow to the newsletters, local news sites, and community radio that are already finding new ways to reach readers.",,,newspaper-can-no-longer,,,,,,,,,,,,,,,,,,,,,,
once-officials-decide-which,,claim,"Once officials decide which papers get rescued, they are picking which voices survive, and a paper that owes its existence to that choice cannot report on those officials freely.",,,newspaper-can-no-longer,,,,,,,,,,,,,,,,,,,,,,
town-paper-like-shoe,,claim,"A town paper is not like a shoe store; when it closes, nothing else shows up to sit through zoning hearings and read the budget, so the loss lands on everyone, including people who never bought a copy.",,,newspaper-can-no-longer,,,,,,,,,,,,,,,,,,,,,,
advertisers-left-online-platforms,,claim,"Advertisers left for online platforms while readers still wanted local news, so letting a local paper die punishes the reporting for a problem in how it was paid for.",,,newspaper-can-no-longer,,,,,,,,,,,,,,,,,,,,,,
when-newsroom-closes-its,,claim,"When a newsroom closes, its archive, its trained reporters, and its knowledge of the town scatter and do not come back when times improve, so a rescue can save something that is otherwise lost for good.",,,newspaper-can-no-longer,,,,,,,,,,,,,,,,,,,,,,
cities-spend-public-money,,belief,Cities that spend public money on stadiums for professional teams generally get back less than they put in.,,sports,,,,,,,,,,,,,,,,,It turns on whether money spent at a stadium is new money for the city or money residents would have spent somewhere else in town anyway.,,,,-60,Moderate,
most-money-fans-spend,,claim,"Most of the money fans spend at a stadium is money they would otherwise have spent at local restaurants, theaters and shops, so the city gains little that is new.",,,cities-spend-public-money,,,,,,,,,,,,,,,,,,,,,,
team-owners-keep-most,,claim,"Team owners keep most of the ticket, parking and concession income through favorable leases, while the public carries the construction debt for decades.",,,cities-spend-public-money,,,,,,,,,,,,,,,,,,,,,,
owners-professional-teams-can,,claim,"Owners of professional teams can threaten to move the team to another city, which forces cities to bid against each other and hand over far more than the team is worth to them.",,,cities-spend-public-money,,,,,,,,,,,,,,,,,,,,,,
stadium-can-anchor-development,,claim,"A stadium can anchor development in a neglected district, drawing hotels, housing and restaurants that would not have come on their own.",,,cities-spend-public-money,,,,,,,,,,,,,,,,,,,,,,
civic-pride-shared-identity,,claim,"The civic pride and shared identity a home team gives a city are a real return on public stadium spending, and comparisons that count only dollars leave that return out.",,,cities-spend-public-money,,,,,,,,,,,,,,,,,,,,,,
construction-jobs-game-day,,claim,"The construction jobs, game-day jobs and out-of-town visitor spending a new stadium brings can return as much to a city as the public money it put into the stadium.",,,cities-spend-public-money,,,,,,,,,,,,,,,,,,,,,,
youth-leagues-offer-tackle,,belief,Youth leagues should not offer tackle football to children below high school age.,,sports,,,,,,,,,,,,,,,,,It turns on whether the long-term harm from repeated head hits in childhood is large enough to override a family's right to choose.,,,,55,Moderate,
child-s-brain-still,,claim,"A child's brain is still developing, and the damage from repeated head hits in tackle football builds up over years, so the earliest hits are the costliest ones.",,,youth-leagues-offer-tackle,,,,,,,,,,,,,,,,,,,,,,
young-child-cannot-weigh,,claim,"A young child cannot weigh the risk of brain damage from tackle football, because that harm will not show up until middle age, so adults who will never bear it are making the choice for the child.",,,youth-leagues-offer-tackle,,,,,,,,,,,,,,,,,,,,,,
flag-football-teaches-same,,claim,"Flag football teaches the same footwork, routes and teamwork as tackle football without the collisions, so a child who waits until high school to start tackling misses nothing essential about the sport.",,,youth-leagues-offer-tackle,,,,,,,,,,,,,,,,,,,,,,
parents-already-weigh-serious,,claim,"Parents already weigh serious injury risks when they let children ride bikes, ski or play soccer, and tackle football belongs in that same set of family decisions rather than under a league-wide rule.",,,youth-leagues-offer-tackle,,,,,,,,,,,,,,,,,,,,,,
learning-tackle-while-bodies,,claim,Learning to tackle while bodies are small and slow teaches safe technique before players grow big enough to do real damage to each other.,,,youth-leagues-offer-tackle,,,,,,,,,,,,,,,,,,,,,,
many-children-who-want,,claim,"Many children who want to play tackle football drop out of the sport when youth leagues offer only flag football, and the fitness and discipline they lose while waiting for high school are real costs.",,,youth-leagues-offer-tackle,,,,,,,,,,,,,,,,,,,,,,
hunting-generally-good-wildlife,,belief,Hunting is generally good for wildlife conservation.,,outdoors,,,,,,,,,,,,,,,,,It turns on whether wildlife is better protected by people who pay to hunt it or by managing land for its own sake.,,,,50,Moderate,
license-fees-taxes-hunting,,claim,License fees and taxes on hunting gear pay for much of the habitat protection and wildlife management that non-hunters enjoy for free.,,,hunting-generally-good-wildlife,,,,,,,,,,,,,,,,,,,,,,
where-wolves-other-natural,,claim,"Where wolves and other natural predators are gone, hunters keep deer and similar animals from overrunning forests and starving in bad winters.",,,hunting-generally-good-wildlife,,,,,,,,,,,,,,,,,,,,,,
people-who-hunt-spend,,claim,People who hunt spend their lives outdoors and develop a personal interest in keeping land wild and undeveloped.,,,hunting-generally-good-wildlife,,,,,,,,,,,,,,,,,,,,,,
managing-land-please-hunters,,claim,Managing land to please hunters keeps game animals artificially plentiful and shapes whole landscapes around a few species at the expense of the rest.,,,hunting-generally-good-wildlife,,,,,,,,,,,,,,,,,,,,,,
because-hunters-want-plentiful,,claim,"Because hunters want plentiful game, wildlife agencies that depend on them are pushed to shoot, trap and poison the wolves, cougars and coyotes that compete for it, which blocks the return of the natural predators a healthy ecosystem needs.",,,hunting-generally-good-wildlife,,,,,,,,,,,,,,,,,,,,,,
trophy-hunting-takes-biggest,,claim,"Trophy hunting takes the biggest and healthiest animals out of a population, which is the opposite of what natural selection would do.",,,hunting-generally-good-wildlife,,,,,,,,,,,,,,,,,,,,,,
popular-national-parks-generally,,belief,Popular national parks should generally require timed-entry reservations.,,outdoors,,,,,,,,,,,,,,,,,It turns on whether a reservation protects the park experience or fences public land off from the people it belongs to.,,,,-55,Moderate,
capping-how-many-people,,claim,"Capping how many people are inside a popular national park at once keeps crowds from trampling trails, eroding fragile ground and driving wildlife away from its feeding and nesting areas.",,,popular-national-parks-generally,,,,,,,,,,,,,,,,,,,,,,
timed-entry-reservations-national,,claim,"Timed-entry reservations at national parks spread visitors across hours and days, so each person who enters gets the quiet and space they came for.",,,popular-national-parks-generally,,,,,,,,,,,,,,,,,,,,,,
timed-entry-reservations-national-2,,claim,"Timed-entry reservations at national parks replace hours of idling in car lines at the entrance with a set arrival time, so visitors lose less of their vacation to waiting.",,,popular-national-parks-generally,,,,,,,,,,,,,,,,,,,,,,
national-park-reservation-systems,,claim,"National park reservation systems favor people with flexible schedules, fast internet and the habit of planning months ahead, and shut out working families and spontaneous travelers.",,,popular-national-parks-generally,,,,,,,,,,,,,,,,,,,,,,
national-parks-public-land,,claim,"National parks are public land that belongs to every citizen, and a reservation system that turns some of them away at the entrance undermines the promise on which the parks were built.",,,popular-national-parks-generally,,,,,,,,,,,,,,,,,,,,,,
crowded-national-parks-can,,claim,"Crowded national parks can add shuttles, parking and trails to handle more people rather than treating the number of visitors as the problem.",,,popular-national-parks-generally,,,,,,,,,,,,,,,,,,,,,,
most-people-staying-able,,belief,"For most people, staying able-bodied into old age requires planned strength training that gets harder over time, because everyday activity alone is unlikely to preserve the muscle and bone that keep people independent.",,fitness,,,,,,,,,,,,,,,,,The disagreement turns on whether the muscle and bone lost with age can be kept by the loads of everyday life or only by loads deliberately made heavier than everyday life.,,,,60,Moderate,
muscle-bone-grow-stronger,,claim,"Muscle and bone grow stronger mainly when they face loads heavier than they are used to, so carrying groceries or climbing stairs can slow the loss at best but does little to build back what age takes away.",,,most-people-staying-able,,,,,,,,,,,,,,,,,,,,,,
what-ends-independence-usually,,claim,"What ends independence is usually a fall or the inability to get up from a chair, and both come down to leg strength and balance, which improve most reliably when someone works against resistance on purpose.",,,most-people-staying-able,,,,,,,,,,,,,,,,,,,,,,
effort-has-measured-kept,,claim,"Effort has to be measured to be kept up; without a plan that tracks what was lifted, exertion tends to drift down to whatever feels comfortable, which is the level that lets decline continue.",,,most-people-staying-able,,,,,,,,,,,,,,,,,,,,,,
people-physically-demanding-jobs,,claim,"People in physically demanding jobs and in communities where everyone walks and carries often stay strong and mobile into very old age without ever following a program, which shows that a life full of physical work can be enough.",,,most-people-staying-able,,,,,,,,,,,,,,,,,,,,,,
body-keeps-what-uses,,claim,"The body keeps what it uses, so a person who keeps gardening, carrying, climbing stairs and getting up off the floor keeps the strength for those exact tasks, and those are the tasks that matter.",,,most-people-staying-able,,,,,,,,,,,,,,,,,,,,,,
demanding-program-quit-far,,claim,"A demanding program is quit far more often than it is kept, and strength that lasts a season and then stops does less for old age than modest activity kept up for a lifetime.",,,most-people-staying-able,,,,,,,,,,,,,,,,,,,,,,
most-people-ordinary-daily,,belief,"For most people, ordinary daily activity such as walking delivers most of the health benefit of exercise, and formal workouts add little.",,fitness,,,,,,,,,,,,,,,,,The disagreement turns on whether health gains from exercise level off after a modest amount or keep rising with more effort.,,,,-40,Moderate,
biggest-jump-health-comes,,claim,The biggest jump in health comes from going from doing nothing to doing something; the gain from doing more after that is much smaller.,,,most-people-ordinary-daily,,,,,,,,,,,,,,,,,,,,,,
people-who-build-movement,,claim,"People who build movement into their day, by walking to errands and taking stairs, keep it up for decades, while gym plans are usually abandoned.",,,most-people-ordinary-daily,,,,,,,,,,,,,,,,,,,,,,
hard-training-carries-injury,,claim,"Hard training carries injury risk and time cost that a brisk walk does not, and for most people those costs eat much of the benefit.",,,most-people-ordinary-daily,,,,,,,,,,,,,,,,,,,,,,
walking-can-slow-some,,claim,"Walking can slow some loss of leg muscle, but it does little to build muscle back or to strengthen bone, and losing both is what leaves older people frail.",,,most-people-ordinary-daily,,,,,,,,,,,,,,,,,,,,,,
benefits-fitness-keep-growing,,claim,The benefits of fitness keep growing with more effort; people in the best shape live longer and healthier than the merely active.,,,most-people-ordinary-daily,,,,,,,,,,,,,,,,,,,,,,
walking-can-real-workout,,claim,"Walking can be a real workout for the heart and lungs of someone who is out of shape, but as fitness improves an ordinary pace stops being hard, so the heart benefit levels off unless the effort goes up.",,,most-people-ordinary-daily,,,,,,,,,,,,,,,,,,,,,,
doctors-generally-follow-standardized,,belief,Doctors should generally follow standardized treatment guidelines rather than rely on their own judgment.,,medicine,,,,,,,,,,,,,,,,,The disagreement turns on whether the average patient is better served by the best evidence applied uniformly or by a doctor free to depart from it.,,,,50,Moderate,
no-single-doctor-can,,claim,"No single doctor can keep up with the research on every condition they treat, while a guideline distills the judgment of many specialists reviewing all the evidence.",,,doctors-generally-follow-standardized,,,,,,,,,,,,,,,,,,,,,,
doctors-given-free-rein,,claim,"Doctors given free rein vary enormously in what they prescribe for the same patient, and much of that variation is habit rather than reasoning.",,,doctors-generally-follow-standardized,,,,,,,,,,,,,,,,,,,,,,
shared-standard-makes-possible,,claim,A shared standard makes it possible to see which doctors and hospitals are getting worse results and to fix it.,,,doctors-generally-follow-standardized,,,,,,,,,,,,,,,,,,,,,,
guidelines-written-average-patient,,claim,"Guidelines are written for the average patient, and the person in the exam room is never average; they have other conditions, other medicines, and their own goals.",,,doctors-generally-follow-standardized,,,,,,,,,,,,,,,,,,,,,,
guideline-snapshot-evidence-when,,claim,A guideline is a snapshot of the evidence when it was written and can lag years behind what good doctors already know.,,,doctors-generally-follow-standardized,,,,,,,,,,,,,,,,,,,,,,
following-treatment-guideline-step,,claim,Following a treatment guideline step by step turns a physician into a technician and dulls the judgment needed for the cases the guideline did not anticipate.,,,doctors-generally-follow-standardized,,,,,,,,,,,,,,,,,,,,,,
patients-serious-illness-generally,,belief,Patients with serious illness should generally be free to try unproven treatments with their own money.,,medicine,,,,,,,,,,,,,,,,,The disagreement turns on whether a gravely ill person's right to take risks with their own body outweighs the risk of exploitation and of slower answers from clinical trials.,,,,-45,Moderate,
person-facing-grave-illness,,claim,"A person facing a grave illness has more at stake than any regulator, and deciding what risks to take with one's own body is the most basic freedom there is.",,,patients-serious-illness-generally,,,,,,,,,,,,,,,,,,,,,,
approval-process-takes-years,,claim,"The approval process takes years, and patients who cannot wait deserve a chance at treatments that may work even if the proof is not yet complete.",,,patients-serious-illness-generally,,,,,,,,,,,,,,,,,,,,,,
allowing-informed-patients-try,,claim,Allowing informed patients to try new treatments produces experience that speeds up learning about what works.,,,patients-serious-illness-generally,,,,,,,,,,,,,,,,,,,,,,
desperate-people-easiest-sell,,claim,"Desperate people are the easiest to sell to, and freedom to try unproven treatments is in practice freedom for sellers to profit from false hope.",,,patients-serious-illness-generally,,,,,,,,,,,,,,,,,,,,,,
unproven-treatments-can-shorten,,claim,"Unproven treatments can shorten life or add suffering, and a patient who spends savings and final months on one loses the chance at proven care and comfort.",,,patients-serious-illness-generally,,,,,,,,,,,,,,,,,,,,,,
if-patients-can-get,,claim,"If patients can get an experimental drug without joining a trial, fewer will join trials, and the answer about whether it works arrives later for everyone.",,,patients-serious-illness-generally,,,,,,,,,,,,,,,,,,,,,,
highest-earning-households-pay,,belief,The highest-earning households should pay a larger share of their income in taxes than they do today.,,taxes,,,,,,,,,,,,,,,,,The disagreement turns on whether taking more from the rich mainly funds public goods or mainly drives money and jobs elsewhere.,,,,60,Moderate,
dollar-taken-very-rich,,claim,"A dollar taken from a very rich household changes nothing about how they live, while the same dollar taken from a working family means a bill goes unpaid.",,,highest-earning-households-pay,,,,,,,,,,,,,,,,,,,,,,
much-great-wealth-built,,claim,"Much of great wealth is built on public goods (courts that enforce contracts, roads, an educated workforce), and the people who gain most from them should pay most for them.",,,highest-earning-households-pay,,,,,,,,,,,,,,,,,,,,,,
concentrated-wealth-turns-into,,claim,"Concentrated wealth turns into concentrated political power, and a progressive tax is one of the few tools that limits that.",,,highest-earning-households-pay,,,,,,,,,,,,,,,,,,,,,,
when-tax-falls-small,,claim,"When a tax falls on a small group of top earners, most voters feel no cost from new spending, so government grows with nobody holding it in check.",,,highest-earning-households-pay,,,,,,,,,,,,,,,,,,,,,,
high-rates-push-wealthy,,claim,"High rates push wealthy people to move away, hide income, or shift it into forms that are taxed less, so the tax raises far less money than promised.",,,highest-earning-households-pay,,,,,,,,,,,,,,,,,,,,,,
rich-also-people-most,,claim,"The rich are also the people most able to start and grow businesses, and taking more from them means fewer jobs for everyone else.",,,highest-earning-households-pay,,,,,,,,,,,,,,,,,,,,,,
sales-taxes-everyday-goods,,belief,Sales taxes on everyday goods should be lower than they are today.,,taxes,,,,,,,,,,,,,,,,,The disagreement turns on whether fairness means everyone paying something or means the burden matching ability to pay.,,,,-55,Moderate,
poor-families-spend-nearly,,claim,"Poor families spend nearly all their income, so a tax on spending taxes nearly everything they have, while rich families save much of theirs untouched by a sales tax.",,,sales-taxes-everyday-goods,,,,,,,,,,,,,,,,,,,,,,
flat-rate-spending-draws,,claim,"A flat rate on spending draws no line between needs and wants unless lawmakers carve out exemptions, and where they have not, diapers are taxed like jewelry.",,,sales-taxes-everyday-goods,,,,,,,,,,,,,,,,,,,,,,
high-sales-tax-adds,,claim,"A high sales tax adds to the price of every purchase, so families buy less and local shops lose the sales they depend on.",,,sales-taxes-everyday-goods,,,,,,,,,,,,,,,,,,,,,,
sales-tax-one-tax,,claim,"Sales tax is the one tax nearly everyone pays, and a system where everyone contributes something is fairer than one where many pay nothing at all.",,,sales-taxes-everyday-goods,,,,,,,,,,,,,,,,,,,,,,
sales-tax-hard-avoid,,claim,"A sales tax is hard to avoid and cheap to collect, so it raises money reliably without the loopholes that plague income taxes.",,,sales-taxes-everyday-goods,,,,,,,,,,,,,,,,,,,,,,
cutting-sales-taxes-means,,claim,"Cutting sales taxes means either cutting the local services they fund (schools, roads, police) or raising some other tax, and there is no free option.",,,sales-taxes-everyday-goods,,,,,,,,,,,,,,,,,,,,,,
scotland-better-off-independent,,belief,Scotland would be better off as an independent country.,,regions,,,,,,,,,,,,,,,,,The disagreement turns on whether self-government is worth the economic and practical risks of leaving a long-standing union.,,,,75,Moderate,
scotland-has-repeatedly-been,,claim,"Scotland has repeatedly been governed by UK parties that most Scottish voters did not support, so decisions that shape Scottish life can go against Scotland's clear preference.",,,scotland-better-off-independent,,,,,,,,,,,,,,,,,,,,,,
scottish-government-answering-only,,claim,"A Scottish government answering only to Scottish voters would be fully accountable for results, because it could no longer blame a distant parliament for choices it did not make.",,,scotland-better-off-independent,,,,,,,,,,,,,,,,,,,,,,
control-over-its-own,,claim,"Control over its own energy resources, immigration rules, and trade relationships would let Scotland shape its economy around its own strengths.",,,scotland-better-off-independent,,,,,,,,,,,,,,,,,,,,,,
independence-put-new-national,,claim,"Independence would put a new national border between Scotland and England, its largest trading partner, and could disrupt the trade that many Scottish businesses depend on.",,,scotland-better-off-independent,,,,,,,,,,,,,,,,,,,,,,
independent-scotland-have-smaller,,claim,"An independent Scotland would have a smaller tax base carrying services now funded from a shared United Kingdom pool, which means cuts or higher taxes.",,,scotland-better-off-independent,,,,,,,,,,,,,,,,,,,,,,
leaving-united-kingdom-mean,,claim,"Leaving the United Kingdom would mean Scotland rebuilding shared institutions, from pensions to defense to broadcasting, at great cost for uncertain gain.",,,scotland-better-off-independent,,,,,,,,,,,,,,,,,,,,,,
seven-states-share-colorado,,belief,The seven states that share the Colorado River should let the federal government decide how to divide its shrinking water supply rather than try to negotiate a deal among themselves.,,regions,,,,,,,,,,,,,,,,,The disagreement turns on whether a decision imposed from outside would be more fair and workable than a deal the states reach themselves.,,,,-60,Moderate,
each-state-shares-colorado,,claim,"Each state that shares the Colorado River gains by holding out while the others give up water, so only an authority above all of them can make every state accept its fair share of the cuts.",,,seven-states-share-colorado,,,,,,,,,,,,,,,,,,,,,,
tribal-nations-mexico-river,,claim,"Tribal nations, Mexico, and the river's wildlife all depend on the Colorado River but have no vote in a deal struck among states, and a federal decision can weigh their claims too.",,,seven-states-share-colorado,,,,,,,,,,,,,,,,,,,,,,
colorado-river-supplies-food,,claim,"The Colorado River supplies food and power that people across the whole country rely on, so how it is divided is a national question, not only a matter for the states along its banks.",,,seven-states-share-colorado,,,,,,,,,,,,,,,,,,,,,,
officials-colorado-river-states,,claim,"Officials in the Colorado River states know their own farms, cities, and water rights far better than a distant federal agency, so a division decreed from the nation's capital is likely to get the details wrong.",,,seven-states-share-colorado,,,,,,,,,,,,,,,,,,,,,,
federal-division-colorado-river,,claim,"A federal division of Colorado River water would be fought in court for years, and the river's users cannot wait that long for rules they can plan around.",,,seven-states-share-colorado,,,,,,,,,,,,,,,,,,,,,,
when-colorado-river-states,,claim,"When the Colorado River states write their own deal, water users can trade and share water among themselves, such as cities paying farmers to leave fields dry in drought years, which a top-down federal formula would make harder.",,,seven-states-share-colorado,,,,,,,,,,,,,,,,,,,,,,
charging-drivers-fee-enter,,belief,Charging drivers a fee to enter the most crowded part of Manhattan is the right policy.,,cities,,,,,,,,,,,,,,,,,The disagreement turns on whether the fee is a fair price for scarce street space or a new cost on people and businesses that have no good way to avoid it.,,,,65,Moderate,
streets-central-manhattan-so,,claim,"Streets in central Manhattan are so jammed that buses, deliveries, and ambulances crawl, and a fee for driving into them is the most direct way to cut that traffic without banning anyone.",,,charging-drivers-fee-enter,,,,,,,,,,,,,,,,,,,,,,
money-fee-driving-into,,claim,"Money from a fee for driving into central Manhattan goes to the subway and bus system, so people who choose to drive help pay for the alternative that keeps everyone else moving.",,,charging-drivers-fee-enter,,,,,,,,,,,,,,,,,,,,,,
fewer-cars-entering-central,,claim,"Fewer cars entering central Manhattan mean cleaner air, less noise, and safer crossings in the neighborhoods that have suffered the most from through traffic.",,,charging-drivers-fee-enter,,,,,,,,,,,,,,,,,,,,,,
fee-driving-into-central,,claim,"A fee for driving into central Manhattan falls hardest on tradespeople, night-shift workers, and people from areas with poor transit who cannot simply switch to the train.",,,charging-drivers-fee-enter,,,,,,,,,,,,,,,,,,,,,,
drivers-who-want-avoid,,claim,"Drivers who want to avoid a fee for entering central Manhattan will park and idle in the neighborhoods just outside the charging zone, moving the traffic and pollution rather than removing it.",,,charging-drivers-fee-enter,,,,,,,,,,,,,,,,,,,,,,
shops-restaurants-theaters-central,,claim,"Shops, restaurants, and theaters in central Manhattan lose customers from the suburbs when driving in costs more, which hurts the owners and workers who depend on those visitors.",,,charging-drivers-fee-enter,,,,,,,,,,,,,,,,,,,,,,
houston-right-go-without,,belief,Houston is right to go without traditional citywide zoning.,,cities,,,,,,,,,,,,,,,,,The disagreement turns on whether the lower prices and flexibility that come from letting land use sort itself out are worth giving up a public say over what gets built where.,,,,-60,Moderate,
housing-houston-costs-far,,claim,"Housing in Houston costs far less than in other big cities of similar size, and a main reason is that builders can put up homes where people want them without years of hearings.",,,houston-right-go-without,,,,,,,,,,,,,,,,,,,,,,
neighborhoods-houston-can-change,,claim,"Neighborhoods in Houston can change as the city changes, with shops, apartments, and houses mixing in ways that strictly zoned cities forbid.",,,houston-right-go-without,,,,,,,,,,,,,,,,,,,,,,
without-citywide-zoning-houston,,claim,"Without citywide zoning, Houston officials have no rezoning decisions to hand out, which removes a common source of political favors, lobbying, and drawn-out neighborhood fights over each new project.",,,houston-right-go-without,,,,,,,,,,,,,,,,,,,,,,
without-zoning-steer-building,,claim,"Without zoning to steer building away from low, flood-prone land around Houston, developers have paved areas that once soaked up rain, and everyone pays for the flooding that follows, not just the builders.",,,houston-right-go-without,,,,,,,,,,,,,,,,,,,,,,
without-citywide-plan-where,,claim,"Without a citywide plan for where homes, offices, and industry will go, Houston struggles to put roads, drainage, and transit where growth is heading, so taxpayers end up paying to catch up after the fact.",,,houston-right-go-without,,,,,,,,,,,,,,,,,,,,,,
houston-does-actually-lack,,claim,Houston does not actually lack land-use rules; it relies on private deed restrictions that protect wealthier neighborhoods while leaving poorer ones exposed to whatever gets built next door.,,,houston-right-go-without,,,,,,,,,,,,,,,,,,,,,,
person-s-choices-matter,,belief,A person's choices matter more than their circumstances in how their life turns out.,,people,,,,,,,,,,,,,,,,,The disagreement turns on whether the ability to choose well is itself something a person earns or something their circumstances hand them.,,,,50,Moderate,
siblings-raised-same-home,,claim,"Siblings raised in the same home by the same parents often end up in very different places because they made different decisions about school, work, money, and friends, which shows that choices do much of the deciding.",,,person-s-choices-matter,,,,,,,,,,,,,,,,,,,,,,
people-who-receive-sudden,,claim,"People who receive a sudden windfall or suffer a sudden setback tend to drift back toward wherever their own habits were already taking them, so a change in circumstance changes the scenery but not the direction.",,,person-s-choices-matter,,,,,,,,,,,,,,,,,,,,,,
small-chosen-habits-like,,claim,"Small chosen habits, like showing up on time and finishing what you start, compound over years into most of the gap between people who thrive and people who do not.",,,person-s-choices-matter,,,,,,,,,,,,,,,,,,,,,,
circumstances-matter-most-such,,claim,"The circumstances that matter most, such as where you were born, who raised you, and which school you attended, are settled before a person is old enough to choose anything.",,,person-s-choices-matter,,,,,,,,,,,,,,,,,,,,,,
ability-make-good-choices,,claim,"The ability to make good choices is itself shaped by upbringing, stress, and example, so crediting the choice is crediting the circumstance in disguise.",,,person-s-choices-matter,,,,,,,,,,,,,,,,,,,,,,
same-mistake-like-dropping,,claim,"The same mistake, like dropping out of school or taking on too much debt, is a short stumble for someone with a family safety net and a lasting disaster for someone without one, so how life turns out tracks the safety net more than the choice.",,,person-s-choices-matter,,,,,,,,,,,,,,,,,,,,,,
most-people-s-character,,belief,Most people's character is set by their upbringing and changes little in adulthood.,,people,,,,,,,,,,,,,,,,,The disagreement turns on whether the changes adults visibly make in their lives reflect a change in who they are or just a change in what they show.,,,,-45,Moderate,
habits-instincts-laid-down,,claim,Habits and instincts laid down in childhood are the hardest to unlearn because they were formed before anyone could question them.,,,most-people-s-character,,,,,,,,,,,,,,,,,,,,,,
real-change-adult-s,,claim,"Real change in an adult's character is rare and usually follows a major shock, and even then the core of the person, such as their temper and their outlook, tends to return once life settles down.",,,most-people-s-character,,,,,,,,,,,,,,,,,,,,,,
people-choose-friends-jobs,,claim,"People choose friends, jobs, and places that confirm who they already are, so adult life mostly reinforces the character they arrived with.",,,most-people-s-character,,,,,,,,,,,,,,,,,,,,,,
people-change-jobs-faiths,,claim,"People change jobs, faiths, politics, and partners across a lifetime, and their character moves with those changes in ways their parents would not recognize.",,,most-people-s-character,,,,,,,,,,,,,,,,,,,,,,
adults-keep-learning-new,,claim,"Adults keep learning new skills and dropping old fears, which shows the same capacity for change extends to temperament and values.",,,most-people-s-character,,,,,,,,,,,,,,,,,,,,,,
traits-make-up-character,,claim,"The traits that make up character, such as how careful, calm, and considerate a person is, keep shifting through the adult decades, and most people grow steadier and more patient with age rather than staying as they were at twenty.",,,most-people-s-character,,,,,,,,,,,,,,,,,,,,,,
communities-generally-better-off,,belief,Communities are generally better off when most people belong to a religious congregation.,,religion,,,,,,,,,,,,,,,,,The disagreement turns on whether the good that congregations do comes from religion itself or from any close-knit group that meets every week.,,,,55,Moderate,
congregation-gives-people-regular,,claim,"A congregation gives people a regular reason to gather with neighbors across age, income, and background, which few other institutions still do.",,,communities-generally-better-off,,,,,,,,,,,,,,,,,,,,,,
congregations-carry-large-share,,claim,"Congregations carry a large share of the volunteer work, food drives, and care for the sick and grieving that towns quietly depend on.",,,communities-generally-better-off,,,,,,,,,,,,,,,,,,,,,,
congregation-gives-neighbors-shared,,claim,"A congregation gives neighbors a shared moral language that makes it easier to raise children, settle disputes, and trust one another without a contract.",,,communities-generally-better-off,,,,,,,,,,,,,,,,,,,,,,
towns-where-most-people,,claim,"Towns where most people belong to secular clubs, unions, and civic groups do just as well on trust and mutual help, so a town is no better off for having most people in congregations instead.",,,communities-generally-better-off,,,,,,,,,,,,,,,,,,,,,,
congregations-tend-draw-line,,claim,"Congregations tend to draw a line around who belongs, and people on the wrong side of that line are often treated worse than in a town with no dominant faith.",,,communities-generally-better-off,,,,,,,,,,,,,,,,,,,,,,
when-most-residents-belong,,claim,"When most residents belong to congregations, religious leaders gain quiet sway over local decisions, so questions like what the schools teach get settled by church teaching rather than by open public debate.",,,communities-generally-better-off,,,,,,,,,,,,,,,,,,,,,,
religious-beliefs-almost-never,,belief,Religious beliefs should almost never be the basis for deciding what the law should be.,,religion,,,,,,,,,,,,,,,,,"The disagreement turns on whether laws need reasons that anyone can examine and check, or whether every moral view, religious or secular, rests on a starting point that cannot be proved.",,,,-65,Strong,
laws-enforced-fines-jail,,claim,"Laws are enforced with fines and jail on people of every faith and of none, so it is unfair to punish someone for breaking a law whose only justification is a creed they do not share.",,,religious-beliefs-almost-never,,,,,,,,,,,,,,,,,,,,,,
when-state-backs-one,,claim,"When the state backs one faith's rules, every other faith loses freedom, and the majority faith loses it too the moment it stops being the majority.",,,religious-beliefs-almost-never,,,,,,,,,,,,,,,,,,,,,,
religious-arguments-rest-revelation,,claim,"Religious arguments rest on revelation that evidence cannot check, so bringing them into lawmaking ends the debate instead of continuing it.",,,religious-beliefs-almost-never,,,,,,,,,,,,,,,,,,,,,,
many-people-s-deepest,,claim,"Many people's deepest moral convictions come from their faith, and asking them to leave those convictions out when they vote on laws or argue for them is asking them to take part in lawmaking as someone other than themselves.",,,religious-beliefs-almost-never,,,,,,,,,,,,,,,,,,,,,,
secular-moral-views-about,,claim,"Secular moral views about what the law should be also rest on assumptions no one can prove, so barring only religious reasons from lawmaking is not neutral but favors one worldview over another.",,,religious-beliefs-almost-never,,,,,,,,,,,,,,,,,,,,,,
many-reform-movements-people,,claim,"Many of the reform movements people now admire argued for changes in the law from faith, so a rule keeping religious reasons out of lawmaking would have shut out some of the most important legal reforms.",,,religious-beliefs-almost-never,,,,,,,,,,,,,,,,,,,,,,
four-year-college-degree,,belief,A four-year college degree is still worth its cost for most students.,,college-and-university,,,,,,,,,,,,,,,,,The disagreement turns on whether the average graduate's gains are large and reliable enough to justify the money and years that the below-average outcomes put at risk.,,,,55,Moderate,
people-degrees-tend-earn,,claim,"People with degrees tend to earn more over a working life than people without them, and that gap covers the cost of attending for most graduates.",,,four-year-college-degree,,,,,,,,,,,,,,,,,,,,,,
many-careers-stable-pay,,claim,"Many careers with stable pay and good working conditions are closed to anyone without a degree, no matter how capable they are.",,,four-year-college-degree,,,,,,,,,,,,,,,,,,,,,,
college-teaches-people-write,,claim,"College teaches people to write, reason and work with strangers on hard problems, and those skills hold their value even when a specific job disappears.",,,four-year-college-degree,,,,,,,,,,,,,,,,,,,,,,
average-college-outcomes-hide,,claim,"Average college outcomes hide the many students who borrow heavily, never finish, and end up worse off than if they had never enrolled.",,,four-year-college-degree,,,,,,,,,,,,,,,,,,,,,,
earnings-gap-between-degree,,claim,"The earnings gap between degree holders and everyone else partly reflects who gets into college in the first place, so the degree itself deserves less credit than it usually gets.",,,four-year-college-degree,,,,,,,,,,,,,,,,,,,,,,
tuition-has-grown-much,,claim,"Tuition has grown much faster than the wages a degree buys, so a calculation that once favored college no longer does for many majors and schools.",,,four-year-college-degree,,,,,,,,,,,,,,,,,,,,,,
most-young-people-better,,belief,Most young people would be better served by trade training or an apprenticeship than by a four-year degree.,,college-and-university,,,,,,,,,,,,,,,,,The disagreement turns on whether the security of learning a trade today outweighs the wider range of doors a degree may open later in life.,,,,-50,Moderate,
skilled-trades-pay-well,,claim,"Skilled trades pay well, are in short supply, and cannot be sent overseas or handed to software.",,,most-young-people-better,,,,,,,,,,,,,,,,,,,,,,
apprentices-earn-while-learn,,claim,Apprentices earn while they learn instead of paying for four years and starting adult life in debt.,,,most-young-people-better,,,,,,,,,,,,,,,,,,,,,,
many-students-sit-through,,claim,"Many students sit through college courses they do not want because they were told there was no respectable alternative, and they would thrive doing hands-on work.",,,most-young-people-better,,,,,,,,,,,,,,,,,,,,,,
trade-work-often-hard,,claim,"Trade work is often hard on the body, and workers who cannot continue in their forties or fifties have fewer ways to change careers than degree holders do.",,,most-young-people-better,,,,,,,,,,,,,,,,,,,,,,
four-year-degree-entry,,claim,"A four-year degree is the entry ticket for graduate school, management and many licensed professions, and shutting that door at eighteen limits a person's whole life.",,,most-young-people-better,,,,,,,,,,,,,,,,,,,,,,
pushing-most-young-people,,claim,Pushing most young people toward trades would flood those fields and drive down the very wages that make them attractive now.,,,most-young-people-better,,,,,,,,,,,,,,,,,,,,,,
letting-public-education-money,,belief,Letting public education money follow each student to the school their family chooses clearly improves education for the families who need it most.,,k-12,,,,,,,,,,,,,,,,,The disagreement turns on whether competition among schools lifts the whole system or mainly sorts students by which families are able to shop.,,,,55,Moderate,
wealthy-families-already-choose,,claim,"Wealthy families already choose schools by buying homes in good districts or paying tuition, and choice programs give poorer families the same power.",,,letting-public-education-money,,,,,,,,,,,,,,,,,,,,,,
school-must-attract-students,,claim,"A school that must attract students has a reason to improve, while a school with a captive enrollment does not.",,,letting-public-education-money,,,,,,,,,,,,,,,,,,,,,,
children-differ-system-lets,,claim,"Children differ, and a system that lets a family match a child to a school's strengths serves that child better than one that assigns each child by address.",,,letting-public-education-money,,,,,,,,,,,,,,,,,,,,,,
families-most-able-shop,,claim,"The families most able to shop for a school are also the ones who volunteer, raise money and push a school to fix its problems, so when they leave, the neighborhood school loses the people who held it to account.",,,letting-public-education-money,,,,,,,,,,,,,,,,,,,,,,
private-schools-take-public,,claim,"Private schools that take public money can still turn students away, so the choice belongs to the school more than to the family.",,,letting-public-education-money,,,,,,,,,,,,,,,,,,,,,,
public-school-must-answer,,claim,"A public school must answer to an elected board and open its records, so a family whose child is failed has a vote and a public process to use; when money moves to private schools that owe families neither, the families with the least time and money to fight for their children lose the tools they most rely on.",,,letting-public-education-money,,,,,,,,,,,,,,,,,,,,,,
sending-public-money-private,,belief,Sending public money to private and charter schools generally weakens the neighborhood schools that most children still attend.,,k-12,,,,,,,,,,,,,,,,,"The disagreement turns on whether a student leaving takes away more in funding than the school saves in cost, and whether that loss lands on the students who stay.",,,,-55,Moderate,
most-school-s-costs,,claim,"Most of a school's costs, such as buildings, buses and staff, do not shrink when a few students leave, so each departure leaves less per remaining child.",,,sending-public-money-private,,,,,,,,,,,,,,,,,,,,,,
choice-programs-tend-draw,,claim,"Choice programs tend to draw the students who are cheapest to educate, leaving public schools a higher share of children with disabilities and language needs.",,,sending-public-money-private,,,,,,,,,,,,,,,,,,,,,,
when-many-families-most,,claim,"When many of the families with the most time and influence move their children to private or charter schools, fewer voters have a personal stake in the neighborhood schools, and support for their budgets and building repairs tends to fade.",,,sending-public-money-private,,,,,,,,,,,,,,,,,,,,,,
student-who-leaves-takes,,claim,"A student who leaves takes funding with them, but the school also stops paying to teach that student, so the money left per child who stays does not have to fall.",,,sending-public-money-private,,,,,,,,,,,,,,,,,,,,,,
neighborhood-school-loses-students,,claim,"A neighborhood school that loses students to a rival has a stronger reason to fix whatever drove them away, so competition tends to make it better rather than weaker.",,,sending-public-money-private,,,,,,,,,,,,,,,,,,,,,,
many-neighborhood-schools-crowded,,claim,"Many neighborhood schools are crowded, so when some students leave for a private or charter school, the children who stay get smaller classes and more of each teacher's time, which leaves their school stronger rather than weaker.",,,sending-public-money-private,,,,,,,,,,,,,,,,,,,,,,
canceling-large-share-existing,,belief,Canceling a large share of existing student loan debt would do more good than harm.,,student-debt,,,,,,,,,,,,,,,,,The disagreement turns on whether the relief to struggling borrowers outweighs the cost to everyone else and the signal it sends to future borrowers and schools.,,,,60,Moderate,
millions-people-took-student,,claim,"Millions of people took on student loans as teenagers on the advice of parents, counselors and schools, and they should not carry a bad bet for decades.",,,canceling-large-share-existing,,,,,,,,,,,,,,,,,,,,,,
student-loan-payments-delay,,claim,"Student loan payments delay home buying, starting families and starting businesses, and canceling that debt would free money that would ripple through the whole economy.",,,canceling-large-share-existing,,,,,,,,,,,,,,,,,,,,,,
government-has-absorbed-losses,,claim,"Government has absorbed losses or extended rescue terms to farms and corporations in hard times, and ordinary graduates deserve the same consideration.",,,canceling-large-share-existing,,,,,,,,,,,,,,,,,,,,,,
student-loan-forgiveness-taxes,,claim,"Student loan forgiveness taxes people who never went to college, or who paid their loans off by living cheaply, to help people who on average earn more than they do.",,,canceling-large-share-existing,,,,,,,,,,,,,,,,,,,,,,
wiping-out-today-s,,claim,"Wiping out today's student debt does nothing about tomorrow's, and schools will keep raising prices if they learn the bill eventually lands elsewhere.",,,canceling-large-share-existing,,,,,,,,,,,,,,,,,,,,,,
one-time-cancellation-student,,claim,"A one-time cancellation of student debt rewards those who borrowed the most, not those who need help the most, when targeted relief could reach the truly stuck.",,,canceling-large-share-existing,,,,,,,,,,,,,,,,,,,,,,
adults-who-borrowed-college,,belief,Adults who borrowed for college generally should repay their loans rather than pass the cost to taxpayers who did not attend.,,student-debt,,,,,,,,,,,,,,,,,The disagreement turns on whether a loan signed at eighteen under heavy pressure is a fair bargain that binds like any other contract.,,,,-55,Moderate,
loan-promise-society-erases,,claim,"A loan is a promise, and a society that erases promises when they become inconvenient makes every future promise worth less.",,,adults-who-borrowed-college,,,,,,,,,,,,,,,,,,,,,,
borrowers-chose-school-major,,claim,"Borrowers chose their school and major, and the people who chose cheaper paths should not be billed for someone else's choice.",,,adults-who-borrowed-college,,,,,,,,,,,,,,,,,,,,,,
fair-fix-unaffordable-loan,,claim,"The fair fix for an unaffordable loan is a payment plan tied to income, which already exists, rather than shifting the whole balance to the public.",,,adults-who-borrowed-college,,,,,,,,,,,,,,,,,,,,,,
teenagers-cannot-judge-loan,,claim,"Teenagers cannot judge a loan whose terms depend on a job market a decade away, and it is not fair to hold them to a decision adults set up for them.",,,adults-who-borrowed-college,,,,,,,,,,,,,,,,,,,,,,
public-colleges-were-once,,claim,"Public colleges were once cheap because taxpayers funded them, and the shift to student loans was itself a decision to bill the young for what older generations got at a heavily subsidized price.",,,adults-who-borrowed-college,,,,,,,,,,,,,,,,,,,,,,
interest-grows-faster-than,,claim,"Interest that grows faster than a graduate can pay turns a fixed debt into a lifelong one, which few borrowers understood they were agreeing to.",,,adults-who-borrowed-college,,,,,,,,,,,,,,,,,,,,,,
schools-generally-require-students,,belief,Schools should generally require students to read the classic works of literature rather than let them choose their own books.,,literature,,,,,,,,,,,,,,,,,The disagreement turns on whether the main job of school reading is to hand down a shared inheritance or to build a lasting habit of reading.,,,,45,Moderate,
society-needs-stories-phrases,,claim,"A society needs stories and phrases that everyone recognizes, and required reading is the surest way to give a whole generation the same set of older works to draw on.",,,schools-generally-require-students,,,,,,,,,,,,,,,,,,,,,,
difficult-books-build-ability,,claim,"Difficult books build the ability to read difficult things, and students who are only ever asked to read what comes easily never develop that strength.",,,schools-generally-require-students,,,,,,,,,,,,,,,,,,,,,,
students-cannot-choose-book,,claim,"Students cannot choose a book they have never heard of, so leaving the choice to them mostly means leaving it to whatever is already popular and marketed to them.",,,schools-generally-require-students,,,,,,,,,,,,,,,,,,,,,,
forcing-teenagers-through-books,,claim,"Forcing teenagers through books they find dull is the most reliable way to convince them that reading is a chore, and many never pick up a book again once school ends.",,,schools-generally-require-students,,,,,,,,,,,,,,,,,,,,,,
list-classics-reflects-who,,claim,"The list of classics reflects who had the power to publish and to teach in earlier centuries, so treating it as the measure of greatness passes on those old exclusions.",,,schools-generally-require-students,,,,,,,,,,,,,,,,,,,,,,
reading-skill-grows-mainly,,claim,"Reading skill grows mainly from the sheer amount a person reads, and students read far more when they are allowed to follow their own interests.",,,schools-generally-require-students,,,,,,,,,,,,,,,,,,,,,,
popular-genre-fiction-such,,belief,"Popular genre fiction such as romance, crime and fantasy generally deserves the same critical respect as literary fiction.",,literature,,,,,,,,,,,,,,,,,The disagreement turns on whether the line between literary and genre fiction marks a real difference in ambition or only a difference in shelving and prestige.,,,,-50,Moderate,
plotting-pacing-character-sentence,,claim,"Plotting, pacing, character and sentence craft are the same skills whichever shelf a book sits on, and a well-made thriller demands as much of them as a well-made literary novel.",,,popular-genre-fiction-such,,,,,,,,,,,,,,,,,,,,,,
split-between-literary-genre,,claim,"The split between literary and genre fiction is a marketing label invented by publishers and prize committees, not a quality that can be found inside the books themselves.",,,popular-genre-fiction-such,,,,,,,,,,,,,,,,,,,,,,
many-books-now-taught,,claim,"Many books now taught as classics were written as popular entertainment in their day, which suggests that today's genre fiction will supply some of tomorrow's classics.",,,popular-genre-fiction-such,,,,,,,,,,,,,,,,,,,,,,
literary-fiction-defined-taking,,claim,"Literary fiction is defined by taking risks with form, language and moral ambiguity, and genre conventions exist precisely to limit those risks so that readers get what they expect.",,,popular-genre-fiction-such,,,,,,,,,,,,,,,,,,,,,,
book-written-mainly-entertain,,claim,"A book written mainly to entertain succeeds by delivering pleasure, while a book written to explore human experience succeeds by what it reveals, so granting both the same critical respect ignores that they are attempting different and unequally demanding things.",,,popular-genre-fiction-such,,,,,,,,,,,,,,,,,,,,,,
serious-review-space-prize,,claim,"Serious review space and prize attention are scarce, and spending them on books that already have large and loyal readerships takes them away from the ambitious books that need a critic's help to find any readers at all.",,,popular-genre-fiction-such,,,,,,,,,,,,,,,,,,,,,,
philosophy-generally-taught-high,,belief,Philosophy should generally be taught in high school alongside math and science.,,philosophy,,,,,,,,,,,,,,,,,The disagreement turns on whether teenagers can be taught to reason through hard questions in a classroom or whether the subject needs a maturity and training most schools cannot supply.,,,,55,Moderate,
philosophy-teaches-how-tell,,claim,"Philosophy teaches how to tell a good argument from a bad one and how to disagree without fighting, and those skills are needed by every citizen in every job.",,,philosophy-generally-taught-high,,,,,,,,,,,,,,,,,,,,,,
teenagers-already-face-questions,,claim,"Teenagers already face questions about fairness, honesty, free will and what makes a life worth living, and school currently leaves them to work these out from whatever they find online.",,,philosophy-generally-taught-high,,,,,,,,,,,,,,,,,,,,,,
every-other-subject-rests,,claim,"Every other subject rests on assumptions about what counts as knowledge and why it matters, and philosophy is the one place a student gets to examine those assumptions directly.",,,philosophy-generally-taught-high,,,,,,,,,,,,,,,,,,,,,,
school-day-already-full,,claim,"The school day is already full, and adding philosophy means cutting time from reading, math or science, where students have measurable needs that are not being met.",,,philosophy-generally-taught-high,,,,,,,,,,,,,,,,,,,,,,
most-teenagers-lack-background,,claim,"Most teenagers lack the background knowledge and patience philosophy demands, so a high school philosophy class tends to become a discussion of opinions in which nobody learns anything they did not already believe.",,,philosophy-generally-taught-high,,,,,,,,,,,,,,,,,,,,,,
few-teachers-trained-teach,,claim,"Few teachers are trained to teach philosophy well, and a badly taught philosophy course is worse than none, because it convinces students the subject is empty talk.",,,philosophy-generally-taught-high,,,,,,,,,,,,,,,,,,,,,,
philosophy-generally-makes-no,,belief,Philosophy generally makes no real progress on its big questions.,,philosophy,,,,,,,,,,,,,,,,,The disagreement turns on what should count as progress when the questions themselves never get closed the way scientific questions do.,,,,-45,Moderate,
same-questions-about-free,,claim,"The same questions about free will, the nature of goodness and what we can know have been argued for as long as philosophy has existed, and there is still no agreed answer to any of them.",,,philosophy-generally-makes-no,,,,,,,,,,,,,,,,,,,,,,
philosophy-has-no-shared,,claim,"Philosophy has no shared method for settling a dispute, so rival schools can persist side by side for centuries with no way to show that one of them has been proven wrong.",,,philosophy-generally-makes-no,,,,,,,,,,,,,,,,,,,,,,
whenever-philosophical-question-does,,claim,"Whenever a philosophical question does get answered, it stops being called philosophy and becomes physics, psychology or economics, which leaves philosophy holding only the questions that cannot be settled.",,,philosophy-generally-makes-no,,,,,,,,,,,,,,,,,,,,,,
progress-philosophy-takes-form,,claim,"Progress in philosophy takes the form of ruling out answers that once seemed plausible and sharpening the questions, and by that measure the field is far ahead of where it started.",,,philosophy-generally-makes-no,,,,,,,,,,,,,,,,,,,,,,
careful-arguments-about-who,,claim,"Careful arguments about who deserves fair treatment and whose suffering counts have changed what most people believe is right and wrong, and a widely shared answer to part of an ancient question about goodness is real progress on that question.",,,philosophy-generally-makes-no,,,,,,,,,,,,,,,,,,,,,,
parts-old-big-questions,,claim,"Parts of the old big questions, such as how the mind works and what the world is made of, moved into science only after philosophers made them precise enough to test, so that move shows philosophy advancing its questions rather than failing at them.",,,philosophy-generally-makes-no,,,,,,,,,,,,,,,,,,,,,,
human-activity-clearly-main,,belief,Human activity is clearly the main cause of the warming seen over the past century.,,climate,,,,,,,,,,,,,,,,,It turns on whether the match between rising gases and rising temperatures rules out natural swings that are known to occur.,,,,70,Moderate,
global-warming-over-past,,claim,"Global warming over the past century closely tracks the rise in heat-trapping gases from burning coal, oil and gas, and no natural cause matches its timing.",,,human-activity-clearly-main,,,,,,,,,,,,,,,,,,,,,,
scientists-have-measured-laboratories,,claim,"Scientists have measured in laboratories for generations how carbon dioxide and other heat-trapping gases absorb heat, so warming from adding more of them to the air is expected, not a surprise.",,,human-activity-clearly-main,,,,,,,,,,,,,,,,,,,,,,
pattern-recent-warming-earth,,claim,"The pattern of recent warming, with Earth's lower atmosphere warming while its upper atmosphere cools, is the signature of heat trapped by gases and not of a brighter sun.",,,human-activity-clearly-main,,,,,,,,,,,,,,,,,,,,,,
earth-s-climate-has,,claim,"Earth's climate has swung between warm and cold periods long before industry, so a warm stretch on its own is not proof of a human cause.",,,human-activity-clearly-main,,,,,,,,,,,,,,,,,,,,,,
temperature-records-need-large,,claim,"Temperature records need large adjustments for station moves, instrument changes and gaps, so the close match between rising gases and rising temperatures may be sensitive to those adjustment choices.",,,human-activity-clearly-main,,,,,,,,,,,,,,,,,,,,,,
ocean-cycles-run-decades,,claim,"Ocean cycles run for decades and can add to or hide warming, making it hard to separate the human share of recent global warming from natural swings.",,,human-activity-clearly-main,,,,,,,,,,,,,,,,,,,,,,
scientists-agencies-who-publish,,belief,Scientists and agencies who publish regional and local climate forecasts generally present them with more confidence than the climate models behind them have earned.,,climate,,,,,,,,,,,,,,,,,The dispute is really about whether the disagreement between climate models is honestly carried through to the local forecasts people act on.,,,,-35,Moderate,
climate-models-agree-about,,claim,"Climate models agree about warming for the planet as a whole but disagree sharply about future rainfall and storms in any single region, so a local forecast built from one model or one average hides that disagreement.",,,scientists-agencies-who-publish,,,,,,,,,,,,,,,,,,,,,,
climate-models-divide-world,,claim,"Climate models divide the world into boxes many miles wide, so clouds and rainstorms smaller than one box are estimated with rough rules rather than directly simulated, which makes local rainfall forecasts less certain than they look.",,,scientists-agencies-who-publish,,,,,,,,,,,,,,,,,,,,,,
many-local-climate-forecasts,,claim,"Many local climate forecasts are made by scaling down global climate models with statistical shortcuts, and those shortcuts add errors of their own that are rarely shown to the people using the forecasts.",,,scientists-agencies-who-publish,,,,,,,,,,,,,,,,,,,,,,
official-regional-climate-projections,,claim,"Official regional climate projections are usually published with ranges and several scenarios, and planners are told to use the full range, so the uncertainty is disclosed rather than hidden.",,,scientists-agencies-who-publish,,,,,,,,,,,,,,,,,,,,,,
climate-models-forecast-some,,claim,"Climate models forecast some regional shifts, such as the Arctic warming faster than the rest of the world, before those shifts showed up clearly in local records, so regional climate projections have some track record behind them.",,,scientists-agencies-who-publish,,,,,,,,,,,,,,,,,,,,,,
many-regional-climate-projections,,claim,"Many regional climate projections rest on simple physics that does not depend on fine detail, such as land warming faster than sea and warmer air holding more moisture, so confidence in those projections is earned even where small-scale details are rough.",,,scientists-agencies-who-publish,,,,,,,,,,,,,,,,,,,,,,
string-theory-has-clearly,,belief,String theory has clearly failed to earn the central place it holds in physics.,,physics,,,,,,,,,,,,,,,,,It comes down to whether a theory can earn its place through mathematical power alone or only through a prediction that could fail.,,,,-55,Moderate,
theory-fits-any-possible,,claim,"A theory that fits any possible observation explains nothing, and string theory allows so many versions that it can be made to fit almost anything.",,,string-theory-has-clearly,,,,,,,,,,,,,,,,,,,,,,
theory-earns-its-place,,claim,"A theory earns its place by explaining something older theories could not, and string theory has not yet explained any measured quantity that physicists could not already account for.",,,string-theory-has-clearly,,,,,,,,,,,,,,,,,,,,,,
new-partner-particles-many,,claim,"The new partner particles that many versions of string theory expected at high energies have not shown up in experiments, which weakens the case that was built on them.",,,string-theory-has-clearly,,,,,,,,,,,,,,,,,,,,,,
string-theory-most-developed,,claim,"String theory is the most developed approach that fits gravity and quantum physics into one framework, and that achievement alone justifies its place while rivals remain less complete.",,,string-theory-has-clearly,,,,,,,,,,,,,,,,,,,,,,
many-accepted-theories-waited,,claim,"Many accepted theories waited generations for the technology to test them, so string theory's lack of a test today is not proof of failure.",,,string-theory-has-clearly,,,,,,,,,,,,,,,,,,,,,,
string-theory-s-mathematics,,claim,"String theory's mathematics has already solved problems in other fields, which shows it is productive even before any direct test.",,,string-theory-has-clearly,,,,,,,,,,,,,,,,,,,,,,
building-new-larger-particle,,belief,"Building a new, larger particle collider is clearly worth its cost for what it could reveal.",,physics,,,,,,,,,,,,,,,,,"The question is whether reaching higher energy is guaranteed to teach something, or is a bet with no theory saying what is there.",,,,50,Moderate,
every-jump-collision-energy,,claim,"Every jump in collision energy has found new particles or ruled out ideas, and there is no other way to probe matter at those scales.",,,building-new-larger-particle,,,,,,,,,,,,,,,,,,,,,,
technology-built-particle-colliders,,claim,"The technology built for particle colliders, from magnets to data handling, tends to spread into medicine and computing, so part of the value comes back even if no new particle is found.",,,building-new-larger-particle,,,,,,,,,,,,,,,,,,,,,,
spread-over-decades-many,,claim,"Spread over decades and many countries, the cost of a new, larger particle collider is small against national budgets and buys an experiment no single nation could do alone.",,,building-new-larger-particle,,,,,,,,,,,,,,,,,,,,,,
last-big-particle-collider,,claim,"The last big particle collider found what was expected and nothing beyond it, and no theory says a larger one will reach anything new.",,,building-new-larger-particle,,,,,,,,,,,,,,,,,,,,,,
money-new-particle-collider,,claim,"The money for a new particle collider could instead fund many smaller experiments across many fields, which together offer more chances of a surprise.",,,building-new-larger-particle,,,,,,,,,,,,,,,,,,,,,,
precise-measurements-known-particles,,claim,"Precise measurements of known particles and cheaper sky-watching experiments can test the ideas a new collider would test, without building a new machine.",,,building-new-larger-particle,,,,,,,,,,,,,,,,,,,,,,
governments-generally-fund-efforts,,belief,Governments should generally fund efforts to keep endangered minority languages alive.,,languages,,,,,,,,,,,,,,,,,"The disagreement turns on whether a language can be kept alive by public programs at all, or only by families who choose to speak it at home.",,,,60,Moderate,
language-carries-community-s,,claim,"A language carries a community's stories, humor, and ways of seeing the world that cannot be fully translated, and because losing it is a loss for everyone, the public has good reason to pay to prevent it.",,,governments-generally-fund-efforts,,,,,,,,,,,,,,,,,,,,,,
many-minority-languages-were,,claim,"Many minority languages were pushed toward extinction by past government policy, so public money to reverse that is fair repair rather than a favor.",,,governments-generally-fund-efforts,,,,,,,,,,,,,,,,,,,,,,
children-who-keep-home,,claim,"Children who keep their home language while learning the national one tend to do better in school, not worse, so public funding of minority-language programs helps the very students it is meant to serve.",,,governments-generally-fund-efforts,,,,,,,,,,,,,,,,,,,,,,
public-money-limited-paying,,claim,"Public money is limited, and paying to keep alive a language few people choose to speak takes funds from schools and services that reach far more people.",,,governments-generally-fund-efforts,,,,,,,,,,,,,,,,,,,,,,
languages-survive-mainly-when,,claim,"Languages survive mainly when parents speak them to their children at home, and publicly funded classes rarely lead families to do that, so the money seldom achieves what it is meant to.",,,governments-generally-fund-efforts,,,,,,,,,,,,,,,,,,,,,,
publicly-funded-programs-teach,,claim,"Publicly funded programs that teach children in a minority language take school hours away from the national language, which can leave those children less fluent in the language most jobs require.",,,governments-generally-fund-efforts,,,,,,,,,,,,,,,,,,,,,,
schools-country-one-dominant,,belief,Schools in a country with one dominant language should teach mainly in that language rather than in students' home languages.,,languages,,,,,,,,,,,,,,,,,The disagreement turns on whether children learn the dominant language faster by being immersed in it or by first becoming strong readers in a language they already understand.,,,,-55,Moderate,
sharing-one-language-lets,,claim,"Sharing one language lets citizens argue, vote, and work together, and school is the main place that shared language is built.",,,schools-country-one-dominant,,,,,,,,,,,,,,,,,,,,,,
students-who-spend-most,,claim,"Students who spend most of the school day in the dominant language reach fluency faster, which is what they need for college and jobs.",,,schools-country-one-dominant,,,,,,,,,,,,,,,,,,,,,,
running-classes-many-home,,claim,"Running classes in many home languages is expensive and hard to staff, so in practice it means worse teaching for the students it is meant to help.",,,schools-country-one-dominant,,,,,,,,,,,,,,,,,,,,,,
children-learn-read-do,,claim,"Children learn to read and do math faster in a language they already understand, and those skills carry over once they learn the dominant language.",,,schools-country-one-dominant,,,,,,,,,,,,,,,,,,,,,,
making-dominant-language-main,,claim,"Making the dominant language the main language of instruction signals to children that their family's language matters less, which can hurt their confidence and weaken ties with parents and grandparents.",,,schools-country-one-dominant,,,,,,,,,,,,,,,,,,,,,,
children-taught-partly-home,,claim,"Children taught partly in their home language keep it and grow into fully bilingual adults, while schooling mainly in the dominant language tends to replace the home language and throw away a skill that helps in trade, diplomacy, and many jobs.",,,schools-country-one-dominant,,,,,,,,,,,,,,,,,,,,,,
where-person-ends-up,,belief,Where a person ends up in life is shaped more by the family and neighborhood they were born into than by their own choices.,,sociology,,,,,,,,,,,,,,,,,The disagreement turns on whether the choices people make are truly their own or are themselves largely produced by the circumstances they were born into.,,,,60,Moderate,
child-s-schooling-health,,claim,"A child's schooling, health, safety, and connections are set before they can make any choices, and those early conditions shape which choices are later available.",,,where-person-ends-up,,,,,,,,,,,,,,,,,,,,,,
people-born-into-wealth,,claim,"People born into wealth who make poor choices usually land softly, while people born poor who make good choices often still struggle, which shows circumstance outweighs choice.",,,where-person-ends-up,,,,,,,,,,,,,,,,,,,,,,
habits-expectations-people-call,,claim,"The habits and expectations people call choices are largely learned from the people around them, so choice itself is a product of circumstance.",,,where-person-ends-up,,,,,,,,,,,,,,,,,,,,,,
brothers-sisters-raised-same,,claim,"Brothers and sisters raised in the same home by the same parents often end up in very different places as adults, and the gaps between them regularly line up with the decisions each one made about school, work, and friends, which a shared upbringing cannot explain.",,,where-person-ends-up,,,,,,,,,,,,,,,,,,,,,,
early-conditions-set-starting,,claim,"Early conditions set the starting line rather than the finish, because habits built in adulthood, such as showing up, saving, and staying out of trouble, compound over decades in ways that birth circumstances do not.",,,where-person-ends-up,,,,,,,,,,,,,,,,,,,,,,
immigrants-who-arrive-nothing,,claim,Immigrants who arrive with nothing and rise within a generation show that steady work and patience can overcome the disadvantages of a poor starting point.,,,where-person-ends-up,,,,,,,,,,,,,,,,,,,,,,
wealthy-countries-most-adults,,belief,"In wealthy countries, most adults who stay poor do so mainly because of their own choices about school, work, and family, not because the chance to escape was closed to them.",,sociology,,,,,,,,,,,,,,,,,The disagreement turns on whether the choices that separate people who stay poor from people who escape are genuinely open to almost everyone or are mostly shaped by the advantages people start with.,,,,-55,Moderate,
wealthy-countries-free-public,,claim,"In wealthy countries, free public schooling and widely available entry-level jobs mean that most young adults, even those raised poor, have a real chance to finish school and start earning.",,,wealthy-countries-most-adults,,,,,,,,,,,,,,,,,,,,,,
household-two-committed-adults,,claim,"A household with two committed adults has two incomes and two people's time to absorb a lost job or a sick child, so deciding to marry before having children protects a family from hardship that a single parent often cannot escape.",,,wealthy-countries-most-adults,,,,,,,,,,,,,,,,,,,,,,
many-people-who-grow,,claim,"Many people who grow up poor leave poverty as adults while others from the same background do not, and the difference usually tracks decisions such as dropping out of school, quitting jobs, or having children early.",,,wealthy-countries-most-adults,,,,,,,,,,,,,,,,,,,,,,
people-who-finish-school,,claim,"People who finish school, keep steady work, and marry before having children usually had supportive families and safe neighborhoods to begin with, so those habits reflect advantages they were given rather than choices that explain their success.",,,wealthy-countries-most-adults,,,,,,,,,,,,,,,,,,,,,,
places-where-steady-jobs,,claim,"In places where steady jobs have disappeared, full-time work often does not pay enough to lift a family out of poverty, so people there stay poor even when they make every sensible choice.",,,wealthy-countries-most-adults,,,,,,,,,,,,,,,,,,,,,,
marrying-before-having-children,,claim,"Marrying before having children depends on finding a partner with a steady income, and in communities where such partners are scarce, that path is not really open to people no matter what they choose.",,,wealthy-countries-most-adults,,,,,,,,,,,,,,,,,,,,,,
dictionaries-generally-record-how,,belief,Dictionaries should generally record how people actually use words rather than rule on which uses are correct.,,dictionaries,,,,,,,,,,,,,,,,,The disagreement turns on whether a dictionary's job is to report the language as it is or to guide it toward what it should be.,,,,60,Moderate,
language-changes-whether-anyone,,claim,"Language changes whether or not anyone approves of the change, so a dictionary that refuses to record a common meaning stops describing the language people speak.",,,dictionaries-generally-record-how,,,,,,,,,,,,,,,,,,,,,,
readers-open-dictionary-find,,claim,"Readers open a dictionary to find out what a word they just met means, and that need is met only if the entry covers the meanings in real use.",,,dictionaries-generally-record-how,,,,,,,,,,,,,,,,,,,,,,
no-group-editors-has,,claim,No group of editors has the authority to decide for millions of speakers what their own words mean.,,,dictionaries-generally-record-how,,,,,,,,,,,,,,,,,,,,,,
dictionary-one-few-tools,,claim,"A dictionary is one of the few tools that lets writers agree on a shared standard, and giving up that role leaves nobody to hold the line.",,,dictionaries-generally-record-how,,,,,,,,,,,,,,,,,,,,,,
listing-widespread-use-began,,claim,"Listing a widespread use that began as an error, without marking it as disputed, speeds the loss of useful distinctions between words.",,,dictionaries-generally-record-how,,,,,,,,,,,,,,,,,,,,,,
entry-records-how-word,,claim,An entry that records how a word is used without saying how careful writers and educated readers will receive that use leaves students and people learning the language without the guidance they most need.,,,dictionaries-generally-record-how,,,,,,,,,,,,,,,,,,,,,,
dictionary-generally-refuse-list,,belief,A dictionary should generally refuse to list a widespread misuse of a word as a legitimate meaning until careful writers have accepted it.,,dictionaries,,,,,,,,,,,,,,,,,The disagreement turns on whether a meaning becomes real once enough people use it or only once careful writers accept it.,,,,-55,Moderate,
when-dictionary-lists-common,,claim,"When a dictionary lists a common mistake as a meaning, readers take the entry as permission to use it, so the dictionary itself speeds the spread of the error.",,,dictionary-generally-refuse-list,,,,,,,,,,,,,,,,,,,,,,
dictionary-earns-its-authority,,claim,"A dictionary earns its authority by being selective, and an entry that treats a misreading as a settled meaning spends that authority on a fashion that may not last.",,,dictionary-generally-refuse-list,,,,,,,,,,,,,,,,,,,,,,
waiting-until-careful-writers,,claim,"Waiting until careful writers accept a new meaning costs little, because a use that truly enters the language will still be there when the dictionary catches up.",,,dictionary-generally-refuse-list,,,,,,,,,,,,,,,,,,,,,,
which-uses-word-count,,claim,"Which uses of a word count as misuses depends on who is asked, so waiting for careful writers to approve a meaning hands a small group control over what a whole language is allowed to mean.",,,dictionary-generally-refuse-list,,,,,,,,,,,,,,,,,,,,,,
reader-who-meets-word,,claim,"A reader who meets a word in a common but disputed sense and cannot find that sense in the dictionary is left worse informed, which defeats the reason the dictionary exists.",,,dictionary-generally-refuse-list,,,,,,,,,,,,,,,,,,,,,,
treating-widespread-use-word,,claim,"Treating a widespread use of a word as an error mostly stigmatizes the speech of particular regions and social classes, and a reference work should not do that.",,,dictionary-generally-refuse-list,,,,,,,,,,,,,,,,,,,,,,
television-channels-present-opinion,,belief,Television channels that present opinion shows in the style of a newscast should be required to label those shows as opinion on screen.,,television,,,,,,,,,,,,,,,,,The disagreement turns on whether a government can draw the line between news and opinion without also deciding what counts as news.,,,,55,Moderate,
when-opinion-host-sits,,claim,"When an opinion host sits at the same desk, with the same graphics and the same tone as the news anchor, most viewers cannot tell which one they are watching.",,,television-channels-present-opinion,,,,,,,,,,,,,,,,,,,,,,
printed-newspapers-have-kept,,claim,"Printed newspapers have kept opinion on a labeled editorial page, apart from the news pages, for generations, so requiring an on-screen opinion label on television asks channels to do only what print has long done.",,,television-channels-present-opinion,,,,,,,,,,,,,,,,,,,,,,
when-viewers-mistake-television,,claim,"When viewers mistake a television commentator's argument for reported fact, they come away sure of things no reporter has checked, and that confusion wears down trust in the real reporting on the same channel.",,,television-channels-present-opinion,,,,,,,,,,,,,,,,,,,,,,
any-official-body-decides,,claim,"Any official body that decides which segments are opinion is deciding which segments are news, and that is a power no government should hold over the press.",,,television-channels-present-opinion,,,,,,,,,,,,,,,,,,,,,,
every-honest-newscast-contains,,claim,"Every honest newscast contains analysis, framing, and judgment calls, so the line between news and opinion that an on-screen labeling rule would have to draw does not exist in practice.",,,television-channels-present-opinion,,,,,,,,,,,,,,,,,,,,,,
regular-viewers-television-news,,claim,"Regular viewers of television news already know which hosts are commentators and which are reporters, so an on-screen opinion label would tell them nothing they do not already know.",,,television-channels-present-opinion,,,,,,,,,,,,,,,,,,,,,,
publicly-funded-television-news,,belief,Publicly funded television news is generally not worth the cost now that viewers have countless free sources.,,television,,,,,,,,,,,,,,,,,"The disagreement turns on whether having many sources is the same as having a reliable one, and whether a channel free of advertising pressure is a different product or just a subsidized one.",,,,-50,Moderate,
taxpayers-pay-public-news,,claim,"Taxpayers pay for a public news channel most of them never watch, while the people who do watch it could afford to pay for it themselves.",,,publicly-funded-television-news,,,,,,,,,,,,,,,,,,,,,,
public-broadcasters-tend-reflect,,claim,"Public broadcasters tend to reflect the tastes and assumptions of the educated professionals who run them, so the public pays for a channel that speaks for a slice of it.",,,publicly-funded-television-news,,,,,,,,,,,,,,,,,,,,,,
news-outlet-depends-government,,claim,"A news outlet that depends on government money has its budget set by the officials it is supposed to cover, so it is never fully free to report on them.",,,publicly-funded-television-news,,,,,,,,,,,,,,,,,,,,,,
because-publicly-funded-news,,claim,"Because a publicly funded news channel does not depend on advertisers, it has no reason to chase outrage the way commercial channels do, so it offers viewers something the free commercial channels do not.",,,publicly-funded-television-news,,,,,,,,,,,,,,,,,,,,,,
publicly-funded-television-news-2,,claim,"Publicly funded television news covers the stories commercial channels skip because they draw few viewers, such as state legislatures, local government meetings, and slow investigative reporting that takes months to finish.",,,publicly-funded-television-news,,,,,,,,,,,,,,,,,,,,,,
when-people-face-countless,,claim,"When people face countless news sources of uneven quality, a publicly funded broadcaster with a duty to be accurate gives them one trusted reference point against which to check the rest.",,,publicly-funded-television-news,,,,,,,,,,,,,,,,,,,,,,
social-media-platforms-required,,belief,Social media platforms should be required to pay news publishers for the articles that draw users into their feeds.,,social-media,,,,,,,,,,,,,,,,,"The disagreement turns on who is doing whom the favor: the platform sending readers to the publisher, or the publisher supplying the platform with something worth reading.",,,,60,Moderate,
social-media-platforms-earn,,claim,"Social media platforms earn advertising money from posts built around news reporting they did not pay for, so the value created in the newsroom is collected somewhere else.",,,social-media-platforms-required,,,,,,,,,,,,,,,,,,,,,,
reporting-expensive-produce-if,,claim,"Reporting is expensive to produce, and if nobody pays for it once it reaches social media, less of it will be produced and people who get their news through social media will have less worth reading.",,,social-media-platforms-required,,,,,,,,,,,,,,,,,,,,,,
large-social-media-platform,,claim,"A large social media platform can walk away from any single news publisher, but no publisher can afford to lose the platform's traffic, so private bargaining alone will never set a fair price for news.",,,social-media-platforms-required,,,,,,,,,,,,,,,,,,,,,,
social-media-platforms-send,,claim,"Social media platforms send news publishers readers for free, and publishers post their own links on those platforms voluntarily because they want the traffic.",,,social-media-platforms-required,,,,,,,,,,,,,,,,,,,,,,
laws-force-social-media,,claim,"Laws that force social media platforms to pay news publishers send most of the money to large publishers who can afford to negotiate, while small and independent outlets get little or nothing.",,,social-media-platforms-required,,,,,,,,,,,,,,,,,,,,,,
if-social-media-platforms,,claim,"If social media platforms must pay for every news article they carry, they will choose which outlets are worth paying for, which puts a private company in charge of what news people see.",,,social-media-platforms-required,,,,,,,,,,,,,,,,,,,,,,
ordinary-people-generally-better,,belief,"Ordinary people are generally better served when social media platforms show news posts without labeling, fact-checking, or removing them than when platforms do those things.",,social-media,,,,,,,,,,,,,,,,,The disagreement turns on whether platform labels and removals protect ordinary people from being misled or mostly replace their own judgment with the platform's.,,,,-55,Moderate,
warning-label-social-media,,claim,"A warning label on a social media news post tells people what to conclude before they have watched the footage or read the witness accounts themselves, which puts the platform's verdict in place of their own judgment.",,,ordinary-people-generally-better,,,,,,,,,,,,,,,,,,,,,,
platform-labels-removes-posts,,claim,"A platform that labels or removes posts is making the same editorial choices a newsroom makes, but with far less training and no duty to answer to its readers.",,,ordinary-people-generally-better,,,,,,,,,,,,,,,,,,,,,,
when-social-media-platform,,claim,"When a social media platform removes a false news claim, the people who believe it tend to read the removal as proof of a cover-up, so they end up more convinced rather than less.",,,ordinary-people-generally-better,,,,,,,,,,,,,,,,,,,,,,
social-media-feed-no,,claim,"A social media feed with no labels or moderation still ranks posts by the reactions they get, so it pushes the most outrageous version of a story ahead of the most accurate one, and labeling is one of the few checks on that.",,,ordinary-people-generally-better,,,,,,,,,,,,,,,,,,,,,,
when-social-media-platform-2,,claim,"When a social media platform takes no responsibility for correcting false news posts, a correction, if anyone issues one at all, reaches only a small share of the people who saw the original error.",,,ordinary-people-generally-better,,,,,,,,,,,,,,,,,,,,,,
video-clip-shared-social,,claim,"A video clip shared on social media without its surrounding context can be made to mean almost anything by the caption attached to it, and a platform label that restores the missing context helps people avoid being misled.",,,ordinary-people-generally-better,,,,,,,,,,,,,,,,,,,,,,
journalists-generally-have-legal,,belief,"Journalists should generally have a legal right to refuse to reveal a confidential source's identity, except where a court finds the name is needed to prevent serious harm.",,press-freedom,,,,,,,,,,,,,,,,,The disagreement turns on whether the public gains more from insiders who feel safe talking to reporters than it loses from courts that cannot compel the answer.,,,,65,Moderate,
most-serious-wrongdoing-inside,,claim,"Most serious wrongdoing inside governments and companies comes to light because an insider talks, and insiders stay silent when they know the reporter can be made to name them.",,,journalists-generally-have-legal,,,,,,,,,,,,,,,,,,,,,,
reporter-who-can-forced,,claim,"A reporter who can be forced to identify sources is turned into an investigator for the prosecution, which is not the job the public needs the press to do.",,,journalists-generally-have-legal,,,,,,,,,,,,,,,,,,,,,,
courts-can-usually-get,,claim,"Courts can usually get the facts they need in other ways, such as documents, other witnesses, or their own investigators, so forcing a reporter to talk is rarely the only path to the truth.",,,journalists-generally-have-legal,,,,,,,,,,,,,,,,,,,,,,
ordinary-people-called-witnesses,,claim,"Ordinary people called as witnesses must answer a court's questions even when they promised someone secrecy, and reporters have no better claim to be excused than anyone else.",,,journalists-generally-have-legal,,,,,,,,,,,,,,,,,,,,,,
when-reporters-can-keep,,claim,"When reporters can keep sources secret unless a court finds serious harm, an official who illegally leaks classified material out of spite or for political gain usually stays hidden, so the law ends up shielding people who broke it.",,,journalists-generally-have-legal,,,,,,,,,,,,,,,,,,,,,,
someone-has-decide-who,,claim,"Someone has to decide who counts as a journalist before a legal right to keep sources secret can apply, and that hands government a power to license the press.",,,journalists-generally-have-legal,,,,,,,,,,,,,,,,,,,,,,
news-outlet-publishes-false,,belief,"A news outlet that publishes a false and damaging claim about anyone, including a public figure, should generally have to pay damages if it failed to take reasonable care to check the claim.",,press-freedom,,,,,,,,,,,,,,,,,The disagreement turns on whether the greater danger is a careless press that faces no penalty or a wealthy plaintiff who can silence a careful one.,,,,-50,Moderate,
when-public-figure-ruined,,claim,"When a public figure ruined by a false story must prove the outlet knew the claim was false or strongly suspected it, an outlet that simply never bothered to check pays nothing.",,,news-outlet-publishes-false,,,,,,,,,,,,,,,,,,,,,,
stepping-into-public-life,,claim,"Stepping into public life should not mean giving up the right to repair your name when a news outlet is careless with the truth, because that price keeps many capable people out of public service.",,,news-outlet-publishes-false,,,,,,,,,,,,,,,,,,,,,,
real-chance-losing-court,,claim,A real chance of losing in court is the one thing that reliably makes an outlet check its facts before publishing.,,,news-outlet-publishes-false,,,,,,,,,,,,,,,,,,,,,,
wealthy-powerful-people-already,,claim,"Wealthy and powerful people already use lawsuits to bury true stories under legal costs, and letting them win by showing only that a reporter was careless, rather than that the outlet knew the claim was false, would make those threats far more dangerous to a newsroom.",,,news-outlet-publishes-false,,,,,,,,,,,,,,,,,,,,,,
reporters-working-under-threat,,claim,"Reporters working under the threat of a lawsuit soften true statements into vague ones, so readers get less plain fact about everything, not only about the powerful.",,,news-outlet-publishes-false,,,,,,,,,,,,,,,,,,,,,,
errors-get-fixed-faster,,claim,"Errors get fixed faster by public corrections and by competing outlets than by courts, which take years to decide what a reader could check in a day.",,,news-outlet-publishes-false,,,,,,,,,,,,,,,,,,,,,,
single-government-run-health,,belief,A single government-run health insurance program covering everyone would generally deliver better care at lower cost than a system of competing private insurers.,,health-insurance,,,,,,,,,,,,,,,,,The disagreement turns on whether one buyer's bargaining power and simplicity beats what competition and choice can deliver.,,,,90,Moderate,
one-public-health-insurer,,claim,"One public health insurer covering everyone spends far less on billing, marketing, and disputes over who pays than competing private insurers must, because competing is what creates those costs.",,,single-government-run-health,,,,,,,,,,,,,,,,,,,,,,
one-buyer-whole-country,,claim,One buyer for the whole country can bargain down prices from hospitals and drug companies in a way no single private insurer can.,,,single-government-run-health,,,,,,,,,,,,,,,,,,,,,,
when-there-only-one,,claim,"When there is only one insurer and every doctor accepts it, patients never lose their doctor because of a job change, a network change, or a new plan year.",,,single-government-run-health,,,,,,,,,,,,,,,,,,,,,,
only-one-insurer-patient,,claim,"With only one insurer, a patient whose treatment is denied has no other plan to switch to, so patients lose the power to take their business elsewhere.",,,single-government-run-health,,,,,,,,,,,,,,,,,,,,,,
when-all-health-spending,,claim,"When all health spending comes from one government budget, it competes every year with schools, roads and defense, and when money is short the gap tends to show up as longer waits for care.",,,single-government-run-health,,,,,,,,,,,,,,,,,,,,,,
new-taxes-needed-pay,,claim,"The new taxes needed to pay for one public plan would hold down wages and hiring by more than the plan saves on paperwork, so the country as a whole would pay more, not less.",,,single-government-run-health,,,,,,,,,,,,,,,,,,,,,,
people-generally-pay-routine,,belief,"People should generally pay for routine medical care out of their own pockets and buy private insurance only to cover large, unexpected expenses.",,health-insurance,,,,,,,,,,,,,,,,,"The disagreement turns on whether people spend more wisely on their own health when they pay directly, or simply skip the care they need.",,,,-50,Moderate,
insurance-exists-protect-against,,claim,"Insurance exists to protect against ruin, not to pay predictable bills; running routine visits through an insurer adds paperwork and cost to every one.",,,people-generally-pay-routine,,,,,,,,,,,,,,,,,,,,,,
people-who-pay-own,,claim,"People who pay for their own checkups and prescriptions shop around and ask what things cost, which pushes prices down for everyone.",,,people-generally-pay-routine,,,,,,,,,,,,,,,,,,,,,,
low-premiums-catastrophic-plans,,claim,"Low premiums for catastrophic plans let more people afford coverage at all, instead of going without because a full plan is too expensive.",,,people-generally-pay-routine,,,,,,,,,,,,,,,,,,,,,,
when-people-pay-out,,claim,"When people pay out of pocket they skip needed care along with unneeded care, and a skipped blood pressure check becomes the stroke the plan then pays for.",,,people-generally-pay-routine,,,,,,,,,,,,,,,,,,,,,,
patients-cannot-shop-medical,,claim,"Patients cannot shop for medical care the way they shop for groceries; they do not know what they need, and prices are rarely posted.",,,people-generally-pay-routine,,,,,,,,,,,,,,,,,,,,,,
long-term-illnesses-like,,claim,"Long-term illnesses like diabetes bring large bills that are steady rather than unexpected, so a plan that covers only surprises leaves the people who need the most care paying the most.",,,people-generally-pay-routine,,,,,,,,,,,,,,,,,,,,,,
any-registered-voter-able,,belief,Any registered voter should be able to vote by mail without giving a reason.,,elections,,,,,,,,,,,,,,,,,The disagreement turns on whether more people voting is worth losing the secrecy and custody that a polling booth provides.,,,,60,Moderate,
many-working-people-cannot,,claim,"Many working people cannot get to a polling place during open hours, and a mail ballot lets them vote without missing a shift or finding child care.",,,any-registered-voter-able,,,,,,,,,,,,,,,,,,,,,,
voter-filling-out-mail,,claim,A voter filling out a mail ballot at home has time to look up candidates and ballot measures instead of guessing in a booth.,,,any-registered-voter-able,,,,,,,,,,,,,,,,,,,,,,
making-voters-give-approved,,claim,"Making voters give an approved excuse to vote by mail forces them to reveal private matters like illness or travel, and officials have no practical way to check those excuses anyway, so the requirement burdens honest voters without stopping dishonest ones.",,,any-registered-voter-able,,,,,,,,,,,,,,,,,,,,,,
ballot-filled-out-kitchen,,claim,"A ballot filled out at the kitchen table cannot be kept secret the way a booth keeps it, so family members, employers, or organizers can pressure the voter.",,,any-registered-voter-able,,,,,,,,,,,,,,,,,,,,,,
when-ballots-travel-through,,claim,"When ballots travel through the mail, election officials cannot watch them from the voter's hand to the counting room, so the chain of custody has gaps.",,,any-registered-voter-able,,,,,,,,,,,,,,,,,,,,,,
mail-ballots-get-rejected,,claim,"Mail ballots get rejected for signature mismatches and late postmarks that in-person voters never face, so some honest votes are thrown out.",,,any-registered-voter-able,,,,,,,,,,,,,,,,,,,,,,
voters-generally-required-show,,belief,Voters should generally be required to show government-issued photo identification before casting a ballot.,,elections,,,,,,,,,,,,,,,,,The disagreement turns on how many eligible voters would be turned away against how much confidence the rule buys.,,,,-55,Moderate,
nearly-every-other-important,,claim,"Nearly every other important transaction, from boarding a plane to opening a bank account, already requires photo ID, so asking for it at the polls is not a new burden.",,,voters-generally-required-show,,,,,,,,,,,,,,,,,,,,,,
public-trust-election-depends,,claim,"Public trust in an election depends on people believing each voter is who they claim to be, and a photo check makes that visible to everyone in line.",,,voters-generally-required-show,,,,,,,,,,,,,,,,,,,,,,
photo-id-requirement-removes,,claim,"A photo ID requirement removes the guesswork poll workers face when deciding whether to challenge a voter, so the process is more even from one precinct to the next.",,,voters-generally-required-show,,,,,,,,,,,,,,,,,,,,,,
people-who-poor-elderly,,claim,"People who are poor, elderly, or live far from a government office are the least likely to hold current photo ID, so a photo ID requirement at the polls turns away eligible citizens rather than cheats.",,,voters-generally-required-show,,,,,,,,,,,,,,,,,,,,,,
voting-someone-else-s,,claim,Voting in someone else's name is so rare that a photo ID requirement spends time and money guarding against a kind of fraud that almost never happens.,,,voters-generally-required-show,,,,,,,,,,,,,,,,,,,,,,
voter-registration-records-signature,,claim,"Voter registration records and signature checks already confirm who a voter is, so requiring photo ID at the polls adds a step for voters without adding real security.",,,voters-generally-required-show,,,,,,,,,,,,,,,,,,,,,,
legislature-executive-alone-generally,,belief,"The legislature, not the executive alone, should generally have to approve any sustained military action abroad.",,military,,,,,,,,,,,,,,,,,The disagreement turns on whether the danger of a slow decision is greater than the danger of one person deciding alone.,,,,-60,Moderate,
sending-people-fight-most,,claim,"Sending people to fight is the most serious thing a government does, so it should need the broadest agreement, not one person's judgment.",,,legislature-executive-alone-generally,,,,,,,,,,,,,,,,,,,,,,
debate-legislature-forces-case,,claim,"A debate in the legislature forces the case for war to be made in public, where voters can hear it and judge it.",,,legislature-executive-alone-generally,,,,,,,,,,,,,,,,,,,,,,
wars-begin-without-wide,,claim,"Wars that begin without wide support tend to lose that support quickly, which leaves troops committed to a fight the country will not back.",,,legislature-executive-alone-generally,,,,,,,,,,,,,,,,,,,,,,
quick-military-response-emergency,,claim,"A quick military response to an emergency often grows into a longer campaign, and stopping midway to seek the legislature's approval can leave troops in the field without clear orders.",,,legislature-executive-alone-generally,,,,,,,,,,,,,,,,,,,,,,
open-debate-legislature-about,,claim,Open debate in the legislature about a planned military action tells the enemy what the country is about to do and gives up the advantage of surprise.,,,legislature-executive-alone-generally,,,,,,,,,,,,,,,,,,,,,,
legislators-avoid-hard-votes,,claim,"Legislators avoid hard votes on war, so a rule that requires their approval often means no decision gets made at all while the situation gets worse.",,,legislature-executive-alone-generally,,,,,,,,,,,,,,,,,,,,,,
country-generally-keep-its,,belief,A country should generally keep its military spending high in peacetime rather than cutting it once threats seem to fade.,,military,,,,,,,,,,,,,,,,,"The disagreement turns on whether a force kept ready deters wars or invites them, and what the money would otherwise buy.",,,,55,Moderate,
ships-aircraft-trained-crews,,claim,"Ships, aircraft, and trained crews take years to build, so a country that cuts them in calm times cannot get them back when a threat appears.",,,country-generally-keep-its,,,,,,,,,,,,,,,,,,,,,,
visibly-strong-military-discourages,,claim,"A visibly strong military discourages rivals from starting a conflict in the first place, which is far cheaper than fighting one.",,,country-generally-keep-its,,,,,,,,,,,,,,,,,,,,,,
steady-funding-keeps-factories,,claim,"Steady funding keeps the factories and skilled workers who build military equipment in business, so the country does not have to depend on others for its defense.",,,country-generally-keep-its,,,,,,,,,,,,,,,,,,,,,,
every-dollar-spent-military,,claim,"Every dollar spent on the military in peacetime is a dollar not spent on schools, roads, and health care that improve daily life now.",,,country-generally-keep-its,,,,,,,,,,,,,,,,,,,,,,
large-standing-military-tempts,,claim,"A large standing military tempts leaders to use it, drawing the country into conflicts it could have stayed out of.",,,country-generally-keep-its,,,,,,,,,,,,,,,,,,,,,,
military-contractors-military-bases,,claim,Military contractors and military bases spread across every region create political pressure to keep defense spending high whether or not the actual threat justifies it.,,,country-generally-keep-its,,,,,,,,,,,,,,,,,,,,,,
united-kingdom-rejoin-european,,belief,The United Kingdom should rejoin the European single market.,,countries,,,,,,,,,,,,,,,,,The disagreement turns on whether easier trade and access to workers outweigh the loss of control that comes with following rules made elsewhere.,,,,70,Moderate,
british-exporters-selling-into,,claim,"British exporters selling into the European Union now face paperwork, delays, and border checks that make trade with their nearest and largest market slower and more expensive than it was when the United Kingdom was inside the single market.",,,united-kingdom-rejoin-european,,,,,,,,,,,,,,,,,,,,,,
rejoining-european-single-market,,claim,"Rejoining the European single market would let workers from European Union countries take jobs in the United Kingdom freely again, which would help British farms, hospitals, care homes, and hospitality businesses fill jobs they have struggled to fill.",,,united-kingdom-rejoin-european,,,,,,,,,,,,,,,,,,,,,,
british-firms-sell-europe,,claim,"British firms that sell in Europe already make their goods to European Union product rules, so rejoining the European single market would give the United Kingdom full access to that market while changing little about the rules its exporters actually follow.",,,united-kingdom-rejoin-european,,,,,,,,,,,,,,,,,,,,,,
rejoining-european-single-market-2,,claim,"Rejoining the European single market without rejoining the European Union would mean the United Kingdom accepting European rules and court rulings with no vote on them, which is worse than either full membership or full independence.",,,united-kingdom-rejoin-european,,,,,,,,,,,,,,,,,,,,,,
rejoining-european-single-market-3,,claim,"Rejoining the European single market would require the United Kingdom to accept free movement of people from European Union countries again, taking away its power to decide for itself who can come to live and work there.",,,united-kingdom-rejoin-european,,,,,,,,,,,,,,,,,,,,,,
british-firms-face-second,,claim,"British firms would face a second costly round of changes to their paperwork, supply chains, and product standards if the United Kingdom rejoined the European single market after they have already adjusted to trading outside it.",,,united-kingdom-rejoin-european,,,,,,,,,,,,,,,,,,,,,,
japan-keep-immigration-low,,belief,Japan should keep immigration low even as its population shrinks.,,countries,,,,,,,,,,,,,,,,,"The disagreement turns on whether a shrinking, aging country can hold onto its social fabric and still keep its economy and public services running.",,,,-60,Moderate,
keeping-immigration-low-helps,,claim,Keeping immigration low helps Japan protect the high level of trust between neighbors and strangers that its widely shared customs and language make possible.,,,japan-keep-immigration-low,,,,,,,,,,,,,,,,,,,,,,
keeping-immigration-low-keeps,,claim,"Keeping immigration low keeps Japan's labor market tight, which pushes employers to raise wages, invest in automation, and bring more women and older people into work instead of hiring workers from abroad.",,,japan-keep-immigration-low,,,,,,,,,,,,,,,,,,,,,,
even-large-rise-immigration,,claim,"Even a large rise in immigration would only slow Japan's population decline and aging rather than stop them, so it would bring the strain of integrating many newcomers without solving the problem it is meant to solve.",,,japan-keep-immigration-low,,,,,,,,,,,,,,,,,,,,,,
japan-needs-more-immigrant,,claim,"Japan needs more immigrant workers because its care homes, construction sites, and farms already cannot find enough staff, and machines cannot yet bathe a patient or pick fruit well enough to close the gap.",,,japan-keep-immigration-low,,,,,,,,,,,,,,,,,,,,,,
more-young-immigrant-workers,,claim,"More young immigrant workers paying taxes in Japan would help cover the cost of pensions and health care for its growing number of retirees, easing the pressure to raise taxes or cut benefits.",,,japan-keep-immigration-low,,,,,,,,,,,,,,,,,,,,,,
rural-towns-across-japan,,claim,"Rural towns across Japan are emptying out and closing schools and clinics, and immigrants willing to settle in them are the only realistic way to keep those towns alive.",,,japan-keep-immigration-low,,,,,,,,,,,,,,,,,,,,,,
children-generally-do-best,,belief,Children generally do best when raised by two married parents.,,family,,,,,,,,,,,,,,,,,"The disagreement turns on whether marriage itself helps children or whether it is simply the household shape that stable, better-off adults tend to choose.",,,,60,Moderate,
marriage-ties-both-parents,,claim,"Marriage ties both parents to a child in law from birth, with no separate paternity step, so the child's claims to support and inheritance from both parents are settled from the start.",,,children-generally-do-best,,,,,,,,,,,,,,,,,,,,,,
marriage-public-promise-makes,,claim,"Marriage is a public promise that makes it harder to walk away during a bad year, and children benefit from adults who stayed.",,,children-generally-do-best,,,,,,,,,,,,,,,,,,,,,,
marriage-joins-two-extended,,claim,"Marriage joins two extended families, so a child of married parents gains grandparents, aunts, and uncles on both sides who treat the child as fully their own.",,,children-generally-do-best,,,,,,,,,,,,,,,,,,,,,,
what-helps-children-stability,,claim,"What helps children is stability and low conflict, and a bad marriage delivers neither while trapping everyone inside it.",,,children-generally-do-best,,,,,,,,,,,,,,,,,,,,,,
children-married-parents-do,,claim,"Children of married parents do better mostly because their households have more money and less stress, so the wedding is a sign of those advantages rather than their cause.",,,children-generally-do-best,,,,,,,,,,,,,,,,,,,,,,
what-children-need-enough,,claim,"What children need is enough steady, caring adults, and a single parent backed by grandparents or a committed co-parent living elsewhere can supply that without any marriage.",,,children-generally-do-best,,,,,,,,,,,,,,,,,,,,,,
adults-feel-free-build,,belief,Adults should feel free to build their family life around their own happiness rather than around tradition.,,family,,,,,,,,,,,,,,,,,The disagreement turns on whether a family exists mainly for the adults who form it or for the children and elders who depend on it and get no vote.,,,,-55,Moderate,
many-family-traditions-were,,claim,"Many family traditions were built on the assumption that a wife would depend on her husband's income, so they fit poorly now that both partners often work.",,,adults-feel-free-build,,,,,,,,,,,,,,,,,,,,,,
people-stuck-roles-never,,claim,"People stuck in roles they never chose make resentful partners and distracted parents, which serves no one, including the children.",,,adults-feel-free-build,,,,,,,,,,,,,,,,,,,,,,
whether-marry-have-children,,claim,"Whether to marry, have children, or live near relatives shapes an adult's whole life, so that choice belongs to the person who has to live with it.",,,adults-feel-free-build,,,,,,,,,,,,,,,,,,,,,,
families-exist-mostly-children,,claim,"Families exist mostly for children and the old, who do not get a vote when the adults decide to arrange things around adult happiness.",,,adults-feel-free-build,,,,,,,,,,,,,,,,,,,,,,
traditions-carry-hard-won,,claim,"Traditions carry hard-won lessons about what lasts and what does not, and people who discard them tend to relearn those lessons too late.",,,adults-feel-free-build,,,,,,,,,,,,,,,,,,,,,,
family-organized-around-adults,,claim,"A family organized around the adults' satisfaction lasts only as long as that satisfaction does, which leaves children and aging relatives exposed when it fades.",,,adults-feel-free-build,,,,,,,,,,,,,,,,,,,,,,
simple-life-exists-many,,belief,Simple life exists on many planets in our galaxy.,,astronomy,,,,,,,,,,,,,,,,,"It rests on whether plentiful planets and ingredients are enough, or whether the hard step from chemistry to a living cell and the harshness of many planets make life's start rare.",,,,60,Moderate,
planets-turn-out-orbit,,claim,"Planets turn out to orbit most stars, and many sit at distances where liquid water can exist, so the settings for life are abundant.",,,simple-life-exists-many,,,,,,,,,,,,,,,,,,,,,,
life-appeared-earth-soon,,claim,"Life appeared on Earth soon after the planet cooled enough to allow it, which suggests it starts easily when conditions permit.",,,simple-life-exists-many,,,,,,,,,,,,,,,,,,,,,,
chemical-building-blocks-life,,claim,"The chemical building blocks of life are found in comets, meteorites and clouds between the stars, so the ingredients are everywhere.",,,simple-life-exists-many,,,,,,,,,,,,,,,,,,,,,,
building-self-copying-cell,,claim,"Building a self-copying cell from simple chemicals takes many steps in the right order, and no one has managed it in a lab, which suggests life's start is a rare accident rather than a routine event.",,,simple-life-exists-many,,,,,,,,,,,,,,,,,,,,,,
most-stars-small-red,,claim,"Most stars are small red dwarfs whose violent flares can strip air and water from nearby planets, so many planets that look friendly may be too harsh for even simple life to begin.",,,simple-life-exists-many,,,,,,,,,,,,,,,,,,,,,,
all-living-things-earth,,claim,"All living things on Earth share a single origin, so even on a planet as friendly as ours life seems to have started only once, which suggests that starting life is a rare event even where conditions are good.",,,simple-life-exists-many,,,,,,,,,,,,,,,,,,,,,,
technology-building-intelligent-life,,belief,Technology-building intelligent life has arisen on very few worlds in our galaxy besides Earth.,,astronomy,,,,,,,,,,,,,,,,,The question turns on how much weight to put on our silence in the sky against how little of it we have searched and how many chances the galaxy has had.,,,,-55,Moderate,
if-intelligent-civilizations-were,,claim,"If intelligent civilizations were common, some would be far older than ours and their signals or works would likely have been noticed by now.",,,technology-building-intelligent-life,,,,,,,,,,,,,,,,,,,,,,
complex-life-earth-took,,claim,"Complex life on Earth took most of the planet's history to appear after simple life, and technology-building intelligence appeared only once, which suggests it is an unlikely outcome rather than a natural next step.",,,technology-building-intelligent-life,,,,,,,,,,,,,,,,,,,,,,
intelligence-requires-long-stretch,,claim,"Intelligence requires a long stretch of stable conditions, and most planets suffer collisions, radiation bursts or runaway climates before that time is up.",,,technology-building-intelligent-life,,,,,,,,,,,,,,,,,,,,,,
searches-radio-signals-other,,claim,"Searches for radio signals from other civilizations have covered only a tiny slice of the sky for a short time, so hearing nothing is weak evidence that such civilizations are rare.",,,technology-building-intelligent-life,,,,,,,,,,,,,,,,,,,,,,
evolution-earth-produced-problem,,claim,"Evolution on Earth produced problem-solving brains in unrelated lines, such as birds and octopuses, which suggests intelligence is a repeatable trick.",,,technology-building-intelligent-life,,,,,,,,,,,,,,,,,,,,,,
our-galaxy-holds-huge,,claim,"Our galaxy holds a huge number of planets and is far older than our solar system, so even if intelligence arises on only a tiny share of them, it should by now have arisen on many worlds.",,,technology-building-intelligent-life,,,,,,,,,,,,,,,,,,,,,,
museums-generally-return-human,,belief,Museums should generally return human remains and sacred objects to the communities descended from the people they belonged to or who made them.,,archaeology,,,,,,,,,,,,,,,,,"The disagreement turns on whether human remains and sacred objects belong first to the communities that claim them as their own dead and heritage, or to a wider public that can study and learn from them.",,,,-60,Moderate,
people-whose-ancestors-sit,,claim,"The people whose ancestors sit in a museum drawer have a stronger claim to those remains than a scholar who wants to study them, just as any family has a claim to its own dead.",,,museums-generally-return-human,,,,,,,,,,,,,,,,,,,,,,
many-human-remains-sacred,,claim,"Many of the human remains and sacred objects held in museums were taken during conquest or by grave robbing, so keeping them now continues a wrong rather than merely preserving history.",,,museums-generally-return-human,,,,,,,,,,,,,,,,,,,,,,
communities-receive-objects-back,,claim,"Communities that receive their objects back from museums often become partners in research, so returning them can expand knowledge instead of ending it.",,,museums-generally-return-human,,,,,,,,,,,,,,,,,,,,,,
descent-people-who-lived,,claim,"Descent from people who lived long ago is often uncertain, and rival groups sometimes claim the same remains, so a museum that returns them risks handing a people's dead to the wrong community.",,,museums-generally-return-human,,,,,,,,,,,,,,,,,,,,,,
museums-keep-human-remains,,claim,"Museums keep human remains and sacred objects under controlled conditions and make them available to researchers worldwide, while a returned object may be reburied and lost to study forever.",,,museums-generally-return-human,,,,,,,,,,,,,,,,,,,,,,
human-remains-sacred-objects,,claim,Human remains and sacred objects shown in large public museums teach far more people about other cultures than they would if each were returned to a single community.,,,museums-generally-return-human,,,,,,,,,,,,,,,,,,,,,,
archaeologists-generally-excavate-important,,belief,Archaeologists should generally excavate important sites now rather than leave them in the ground for future generations.,,archaeology,,,,,,,,,,,,,,,,,"The disagreement turns on whether a site left in the ground is being saved for better tools or slowly lost to construction, looting, and weather.",,,,50,Moderate,
archaeological-sites-destroyed-every,,claim,"Archaeological sites are destroyed every year by construction, farming, looting, and rising seas, so waiting to excavate often means losing the site entirely rather than saving it for later.",,,archaeologists-generally-excavate-important,,,,,,,,,,,,,,,,,,,,,,
knowledge-dug-out-archaeological,,claim,"Knowledge dug out of an archaeological site now can shape how living people understand human history, while a site left unexcavated teaches far less to anyone alive today.",,,archaeologists-generally-excavate-important,,,,,,,,,,,,,,,,,,,,,,
rescue-digs-threatened-sites,,claim,"Rescue digs at threatened sites are usually rushed and narrow, so they cannot give young archaeologists the training in careful, planned research that excavating important sites provides.",,,archaeologists-generally-excavate-important,,,,,,,,,,,,,,,,,,,,,,
digging-destroys-archaeological-site,,claim,"Digging destroys an archaeological site as it reveals it, and every generation's methods look crude to the next, so future tools will recover far more from an untouched site.",,,archaeologists-generally-excavate-important,,,,,,,,,,,,,,,,,,,,,,
much-excavated-material-never,,claim,"Much excavated material is never fully studied, so digging more adds to the storage backlog faster than it adds to knowledge.",,,archaeologists-generally-excavate-important,,,,,,,,,,,,,,,,,,,,,,
protecting-site-place-costs,,claim,"Protecting a site in place costs far less than excavating it and caring for its finds, so limited money saves more sites when spent on protection than on digging.",,,archaeologists-generally-excavate-important,,,,,,,,,,,,,,,,,,,,,,
we-defend-our-fundamental,,belief,"We should defend our fundamental freedoms, including freedom of speech.",,rights-and-liberty,,,,,,,,,,,,,,,,,,,,,,Strong,
open-dialogue-vital-informed,,claim,Open dialogue is vital for informed decision-making and for holding power accountable.,,,we-defend-our-fundamental,,,,,,,,,,,,,,,,,,,,,,
free-exchange-ideas-fosters,,claim,"The free exchange of ideas fosters creativity, scientific discovery, and cultural growth.",,,we-defend-our-fundamental,,,,,,,,,,,,,,,,,,,,,,
free-speech-lets-people,,claim,"Free speech lets people express themselves without fear, which preserves personal dignity and self-expression.",,,we-defend-our-fundamental,,,,,,,,,,,,,,,,,,,,,,
societies-strong-protections-speech,,claim,Societies with strong protections for speech have historically thrived in liberty and innovation.,,,we-defend-our-fundamental,,,,,,,,,,,,,,,,,,,,,,
defending-free-speech-upholds,,claim,Defending free speech upholds universal principles of liberty and individual dignity.,,,we-defend-our-fundamental,,,,,,,,,,,,,,,,,,,,,,
defending-free-speech-encourages,,claim,Defending free speech encourages accountability and resistance to authoritarianism.,,,we-defend-our-fundamental,,,,,,,,,,,,,,,,,,,,,,
defending-free-speech-promotes,,claim,"Defending free speech promotes a vibrant, informed society where ideas can flourish.",,,we-defend-our-fundamental,,,,,,,,,,,,,,,,,,,,,,
defending-free-speech-ensures,,claim,Defending free speech ensures long-term progress for society through dialogue and debate.,,,we-defend-our-fundamental,,,,,,,,,,,,,,,,,,,,,,
unchecked-speech-can-spread,,claim,"Unchecked speech can spread misinformation, incite violence, and perpetuate hate.",,,we-defend-our-fundamental,,,,,,,,,,,,,,,,,,,,,,
free-speech-protections-can,,claim,Free speech protections can be exploited by those in power to drown out marginalized voices.,,,we-defend-our-fundamental,,,,,,,,,,,,,,,,,,,,,,
defending-free-speech-may,,claim,Defending free speech may allow harmful or false narratives to go unchecked.,,,we-defend-our-fundamental,,,,,,,,,,,,,,,,,,,,,,
defending-free-speech-risks,,claim,Defending free speech risks perpetuating systemic inequalities by empowering harmful speech.,,,we-defend-our-fundamental,,,,,,,,,,,,,,,,,,,,,,
defending-free-speech-could,,claim,Defending free speech could foster division or harm vulnerable populations.,,,we-defend-our-fundamental,,,,,,,,,,,,,,,,,,,,,,
defending-free-speech-may-2,,claim,Defending free speech may undermine trust in public institutions if misinformation spreads unchecked.,,,we-defend-our-fundamental,,,,,,,,,,,,,,,,,,,,,,
supporters-need-individual-liberties,,interest,"Journalists, protesters, and political dissidents need individual liberties preserved.",,,,,,,,,,,,,,,,,,,,,,,,,
supporters-need-accountability-transparency,,interest,Voters and the reporters who cover their governments need accountability and transparency in governance.,,,,,,,,,,,,,,,,,,,,,,,,,
supporters-need-open-dialogue,,interest,"Reform activists and political dissidents need open dialogue and resistance to authoritarian control, which they believe have the power to transform society.",,,,,,,,,,,,,,,,,,,,,,,,,
opponents-need-public-safety,,interest,Targets of online harassment and threats need public safety and mental well-being protected.,,,,,,,,,,,,,,,,,,,,,,,,,
opponents-need-free-speech,,interest,"People who are defamed, defrauded, or incited against need free speech kept from being exploited for harmful purposes.",,,,,,,,,,,,,,,,,,,,,,,,,
opponents-need-safer-more,,interest,"Members of religious and ethnic minorities who are the usual targets of hate speech need a safer, more inclusive society where speech does not endanger others.",,,,,,,,,,,,,,,,,,,,,,,,,
we-defend-freedom-religion,,belief,We should defend the freedom of religion and the freedom from religion.,,rights-and-liberty,,,,,,,,,,,,,,,,,,,,,,Moderate,
defending-freedom-religion-protects,,claim,Defending freedom of and from religion protects personal beliefs and practices from interference by other people or the government.,,,we-defend-freedom-religion,,,,,,,,,,,,,,,,,,,,,,
freedom-religion-allows-diverse,,claim,Freedom of and from religion allows diverse religions and worldviews to coexist peacefully.,,,we-defend-freedom-religion,,,,,,,,,,,,,,,,,,,,,,
defending-freedom-religion-prevents,,claim,Defending freedom of and from religion prevents the government from imposing or endorsing religious practices.,,,we-defend-freedom-religion,,,,,,,,,,,,,,,,,,,,,,
defending-both-freedom-religion,,claim,Defending both freedom of religion and freedom from religion balances the rights of religious and non-religious people.,,,we-defend-freedom-religion,,,,,,,,,,,,,,,,,,,,,,
defending-freedom-religion-respects,,claim,Defending freedom of and from religion respects individual autonomy and diverse worldviews.,,,we-defend-freedom-religion,,,,,,,,,,,,,,,,,,,,,,
defending-freedom-religion-prevents-2,,claim,Defending freedom of and from religion prevents coercion and encourages an environment of voluntary belief and expression.,,,we-defend-freedom-religion,,,,,,,,,,,,,,,,,,,,,,
defending-freedom-religion-encourages,,claim,Defending freedom of and from religion encourages mutual respect and coexistence in diverse societies.,,,we-defend-freedom-religion,,,,,,,,,,,,,,,,,,,,,,
defending-freedom-religion-preserves,,claim,Defending freedom of and from religion preserves the basic principle that government stays neutral toward religion.,,,we-defend-freedom-religion,,,,,,,,,,,,,,,,,,,,,,
defending-freedom-religion-means,,claim,"Defending freedom of and from religion means balancing religious freedoms against secular interests, which can lead to disagreements and legal battles.",,,we-defend-freedom-religion,,,,,,,,,,,,,,,,,,,,,,
religious-groups-can-exploit,,claim,Religious groups can exploit religious freedoms to justify harmful practices.,,,we-defend-freedom-religion,,,,,,,,,,,,,,,,,,,,,,
defending-freedom-religion-can,,claim,Defending freedom of and from religion can blur the line between government neutrality toward religion and government hostility to religion.,,,we-defend-freedom-religion,,,,,,,,,,,,,,,,,,,,,,
complete-freedom-religion-could,,claim,Complete freedom from religion could marginalize cultural traditions rooted in faith.,,,we-defend-freedom-religion,,,,,,,,,,,,,,,,,,,,,,
defending-freedom-religion-may,,claim,Defending freedom of and from religion may be seen as sidelining religious expression in public life.,,,we-defend-freedom-religion,,,,,,,,,,,,,,,,,,,,,,
defending-freedom-religion-could,,claim,Defending freedom of and from religion could let secularism dominate cultural norms and make society less inclusive for religious groups.,,,we-defend-freedom-religion,,,,,,,,,,,,,,,,,,,,,,
defending-freedom-religion-risks,,claim,Defending freedom of and from religion risks weakening the cultural and moral values historically rooted in religion.,,,we-defend-freedom-religion,,,,,,,,,,,,,,,,,,,,,,
defending-freedom-religion-may-2,,claim,Defending freedom of and from religion may foster division by putting secularism ahead of religious traditions.,,,we-defend-freedom-religion,,,,,,,,,,,,,,,,,,,,,,
supporters-need-individual-liberties-2,,interest,Members of minority faiths and people of no faith need individual liberties protected and society kept harmonious.,,,,,,,,,"Equality, personal autonomy, and democratic principles",,,,,,,,,,,,,,,,
supporters-need-government-stay,,interest,"Atheists, agnostics, and members of minority religions need the government to stay neutral in matters of faith.",,,,,,,,,"Equality, personal autonomy, and democratic principles",,,,,,,,,,,,,,,,
opponents-need-dominant-cultural,,interest,Churchgoing members of the majority faith need dominant cultural or religious traditions upheld.,,,,,,,,,"Societal cohesion, morality, and traditional values",,,,,,,,,,,,,,,,
opponents-need-religious-freedoms,,interest,"Religious business owners, clergy, and faith-based school operators need religious freedoms protected from what they see as secular overreach.",,,,,,,,,"Societal cohesion, morality, and traditional values",,,,,,,,,,,,,,,,
united-states-stop-outsourcing,,belief,The United States should stop outsourcing and become a manufacturing superpower.,,trade,,,,,,,,,,,,,,,,,,,,,,Total,
making-critical-goods-home,,claim,Making critical goods at home reduces United States dependence on foreign nations.,,,united-states-stop-outsourcing,,,,,,,,,,,,,,,,,,,,,,
bringing-manufacturing-home-creates,,claim,Bringing manufacturing home creates high-paying jobs and strengthens the middle class.,,,united-states-stop-outsourcing,,,,,,,,,,,,,,,,,,,,,,
domestic-production-ensures-secure,,claim,Domestic production ensures a secure supply of essential items such as medical equipment and defense materials.,,,united-states-stop-outsourcing,,,,,,,,,,,,,,,,,,,,,,
producing-more-goods-home,,claim,Producing more goods at home for export reduces the trade deficit.,,,united-states-stop-outsourcing,,,,,,,,,,,,,,,,,,,,,,
bringing-manufacturing-home-encourages,,claim,Bringing manufacturing home encourages investment in automation and innovation so that American industry can compete globally.,,,united-states-stop-outsourcing,,,,,,,,,,,,,,,,,,,,,,
push-bring-manufacturing-home,,claim,The push to bring manufacturing home focuses on fair wages and better working conditions for American workers.,,,united-states-stop-outsourcing,,,,,,,,,,,,,,,,,,,,,,
curbing-outsourcing-reduces-exploitation,,claim,Curbing outsourcing reduces the exploitation of workers in low-wage countries.,,,united-states-stop-outsourcing,,,,,,,,,,,,,,,,,,,,,,
manufacturing-revival-promotes-fair,,claim,A manufacturing revival promotes fair economic opportunity and reduces wealth gaps.,,,united-states-stop-outsourcing,,,,,,,,,,,,,,,,,,,,,,
manufacturing-revival-strengthens-united,,claim,A manufacturing revival strengthens the United States economy in a way that benefits all citizens.,,,united-states-stop-outsourcing,,,,,,,,,,,,,,,,,,,,,,
domestic-production-often-more,,claim,"Domestic production is often more expensive because of higher wages and regulations, which raises consumer prices.",,,united-states-stop-outsourcing,,,,,,,,,,,,,,,,,,,,,,
reducing-outsourcing-harms-economies,,claim,Reducing outsourcing harms economies that depend on United States contracts and could strain international relations.,,,united-states-stop-outsourcing,,,,,,,,,,,,,,,,,,,,,,
united-states-lacks-enough,,claim,The United States lacks enough skilled labor for a large-scale manufacturing revival.,,,united-states-stop-outsourcing,,,,,,,,,,,,,,,,,,,,,,
increased-domestic-manufacturing-could,,claim,Increased domestic manufacturing could lead to higher carbon emissions and resource depletion.,,,united-states-stop-outsourcing,,,,,,,,,,,,,,,,,,,,,,
protectionist-policies-end-outsourcing,,claim,"Protectionist policies to end outsourcing may disrupt global trade, harm international partnerships, and provoke retaliation that hurts United States exports.",,,united-states-stop-outsourcing,,,,,,,,,,,,,,,,,,,,,,
policies-discourage-outsourcing-may,,claim,Policies that discourage outsourcing may violate free trade principles.,,,united-states-stop-outsourcing,,,,,,,,,,,,,,,,,,,,,,
curbing-outsourcing-could-harm,,claim,Curbing outsourcing could harm foreign workers who depend on outsourced jobs to survive.,,,united-states-stop-outsourcing,,,,,,,,,,,,,,,,,,,,,,
domestic-manufacturing-could-raise,,claim,Domestic manufacturing could raise consumer costs in a way that falls hardest on low-income families.,,,united-states-stop-outsourcing,,,,,,,,,,,,,,,,,,,,,,
pushing-become-manufacturing-superpower,,claim,Pushing to become a manufacturing superpower risks fostering nationalism at the expense of global cooperation.,,,united-states-stop-outsourcing,,,,,,,,,,,,,,,,,,,,,,
supporters-need-economic-growth,,interest,Workers in towns that lost their factories to overseas plants need economic growth through job creation and infrastructure investment.,,,,,,,,,,,,,,,,,,,,,,,,,
supporters-need-national-security,,interest,Military planners who buy parts for weapons systems need national security and industrial independence protected.,,,,,,,,,,,,,,,,,,,,,,,,,
supporters-need-self-sufficiency,,interest,"Factory workers whose plants compete with Chinese imports need self-sufficiency, economic justice, and less reliance on foreign powers such as China.",,,,,,,,,Self-sufficiency and economic justice,,,,,,,,,,,,,,,,
opponents-need-lower-costs,,interest,"Families on tight budgets who buy imported clothing, electronics, and household goods need lower costs for goods and services, which globalization provides.",,,,,,,,,,,,,,,,,,,,,,,,,
opponents-need-strong-international,,interest,"American farmers who export soybeans, corn, and pork need strong international trade partnerships maintained.",,,,,,,,,,,,,,,,,,,,,,,,,
opponents-need-global-economic,,interest,Automakers and other manufacturers who build products from parts made in several countries need global economic interdependence and efficiency.,,,,,,,,,Global interdependence and efficiency,,,,,,,,,,,,,,,,
ranked-choice-voting-produces-2,,belief,Ranked-choice voting produces better electoral outcomes than plurality voting.,,democracy-and-rule-of-law,,,,,,,,,,,,,,,,,"The evidence gives ranked-choice voting a moderate advantage. The case that it removes the spoiler effect is strong and the record in Maine, Alaska and Australia is real; the strongest live objections are ballot exhaustion and the documented non-monotonicity failure in Burlington.",,,,55,Moderate,
ranked-choice-voting-eliminates,,claim,Ranked-choice voting eliminates the spoiler effect.,,,ranked-choice-voting-produces-2,,,,,,,,,,,,,,,,,,,,,,
ranked-choice-voting-produces-3,,claim,Ranked-choice voting produces winners backed by a majority of voters.,,,ranked-choice-voting-produces-2,,,,,,,,,,,,,,,,,,,,,,
ranked-choice-voting-rewards,,claim,Ranked-choice voting rewards candidates who build coalitions.,,,ranked-choice-voting-produces-2,,,,,,,,,,,,,,,,,,,,,,
ranked-choice-voting-makes,,claim,Ranked-choice voting makes third parties more viable.,,,ranked-choice-voting-produces-2,,,,,,,,,,,,,,,,,,,,,,
ranked-choice-voting-causes,,claim,Ranked-choice voting causes voter confusion and ballot errors.,,,ranked-choice-voting-produces-2,,,,,,,,,,,,,,,,,,,,,,
under-ranked-choice-voting,,claim,"Under ranked-choice voting, ballots become exhausted and stop counting before the final round.",,,ranked-choice-voting-produces-2,,,,,,,,,,,,,,,,,,,,,,
ranked-choice-voting-non,,claim,"Ranked-choice voting is non-monotonic, so ranking a candidate higher can cause that candidate to lose.",,,ranked-choice-voting-produces-2,,,,,,,,,,,,,,,,,,,,,,
ranked-choice-voting-adds,,claim,Ranked-choice voting adds cost and complexity to running elections.,,,ranked-choice-voting-produces-2,,,,,,,,,,,,,,,,,,,,,,
maine-has-run-statewide,,claim,Maine has run statewide ranked-choice voting in federal elections since 2018 with no chaotic or fraudulent outcomes.,,,ranked-choice-voting-produces-2,,,,,,,,,,,,,,,,,,,,,,
australia-has-used-preferential,,claim,Australia has used preferential voting for its federal House since 1918 with stable majority outcomes.,,,ranked-choice-voting-produces-2,,,,,,,,,,,,,,,,,,,,,,
academic-simulations-find-ranked,,claim,"Academic simulations find that ranked-choice voting picks the candidate who would beat every rival head to head (the Condorcet winner) about 94% of the time, compared with about 70% for plurality voting.",,,ranked-choice-voting-produces-2,,,,,,,,,,,,,,,,,,,,,,
roughly-15-us-congressional,,claim,"Roughly 15 US congressional races from 1992 to 2022 were decided by a spoiler, and ranked-choice voting would have changed several of them.",,,ranked-choice-voting-produces-2,,,,,,,,,,,,,,,,,,,,,,
2021-new-york-city,,claim,"In the 2021 New York City mayoral primary, 14.9% of ballots were exhausted by the final round.",,,ranked-choice-voting-produces-2,,,,,,,,,,,,,,,,,,,,,,
burlington-vermont-s-2009,,claim,"In Burlington, Vermont's 2009 election, the candidate who would have beaten every rival head to head (the Condorcet winner) was eliminated early, and voters repealed ranked-choice voting in 2010.",,,ranked-choice-voting-produces-2,,,,,,,,,,,,,,,,,,,,,,
australian-invalid-ballot-rates,,claim,"Australian invalid-ballot rates run 2 to 5%, which indicates a real learning curve.",,,ranked-choice-voting-produces-2,,,,,,,,,,,,,,,,,,,,,,
jurisdictions-adopt-ranked-choice,,claim,"Jurisdictions that adopt ranked-choice voting document higher up-front equipment, training, and tabulation costs.",,,ranked-choice-voting-produces-2,,,,,,,,,,,,,,,,,,,,,,
supporters-ranked-choice-voting,,interest,Third-party and independent candidates need to break the two-party lock on elections.,,,,,,,,,Representation,,,,,,,,,,,,,,,,
supporters-ranked-choice-voting-2,,interest,Voters whose first choice is a third-party or independent candidate need to vote sincerely without wasting their vote.,,,,,,,,,Representation,,,,,,,,,,,,,,,,
opponents-ranked-choice-voting,,interest,Sitting officeholders and Democratic and Republican party leaders need to protect the advantage of incumbents and major parties.,,,,,,,,,,,,,,,,,,,,,,,,,
opponents-ranked-choice-voting-2,,interest,County and municipal election officials need to keep elections cheap and simple to administer.,,,,,,,,,Simplicity and trust,,,,,,,,,,,,,,,,
voter-error-rates-fall,,claim,Voter error rates fall after the first ranked-choice voting cycle in a jurisdiction.,,,ranked-choice-voting-produces-2,,,,,,,,,,,,,,,,,,,,,,
jurisdictions-using-ranked-choice,,claim,Jurisdictions using ranked-choice voting show more majority winners and fewer spoiler outcomes than comparable jurisdictions using plurality voting.,,,ranked-choice-voting-produces-2,,,,,,,,,,,,,,,,,,,,,,
jurisdiction-adopts-ranked-choice,,claim,"In a jurisdiction that adopts ranked-choice voting, the cost of running each election falls after the initial outlay for ranked-choice voting equipment.",,,ranked-choice-voting-produces-2,,,,,,,,,,,,,,,,,,,,,,
jurisdictions-using-ranked-choice-2,,claim,"Jurisdictions using ranked-choice voting show no rise in majority winners, persistently high ballot exhaustion, or falling turnout that does not recover.",,,ranked-choice-voting-produces-2,,,,,,,,,,,,,,,,,,,,,,
everyone-treated-respect-dignity,,belief,Everyone should be treated with respect and dignity.,,rights-and-liberty,,,,,,,,,,,,,,,,,Treating people with dignity does not mean shielding them from the truth. It means inviting them into it.,,,,,Total,
workers-get-tax-cuts,,belief,"Workers should get tax cuts, and tips should not be taxed as income.",,taxes,,,,,,,,,,,,,,,,,,,,,,Strong,
cutting-taxes-workers-exempting,,claim,Cutting taxes on workers and exempting tips from tax gives workers immediate financial relief.,,,workers-get-tax-cuts,,,,,,,,,,,,,,,,,,,,,,
tipped-workers-often-earn,,claim,"Tipped workers often earn below minimum wage before tips, so cutting taxes on workers and exempting tips from tax would help level the playing field for them.",,,workers-get-tax-cuts,,,,,,,,,,,,,,,,,,,,,,
cutting-taxes-workers-exempting-2,,claim,"Cutting taxes on workers and exempting tips from tax would leave more money in workers' pockets, which could lead to more consumer spending and economic growth.",,,workers-get-tax-cuts,,,,,,,,,,,,,,,,,,,,,,
removing-tips-taxable-income,,claim,Removing tips from taxable income makes tax filing simpler for tipped workers.,,,workers-get-tax-cuts,,,,,,,,,,,,,,,,,,,,,,
cutting-taxes-workers-exempting-3,,claim,Cutting taxes on workers and exempting tips from tax reduces financial stress for workers whose income is already precarious.,,,workers-get-tax-cuts,,,,,,,,,,,,,,,,,,,,,,
cutting-taxes-workers-exempting-4,,claim,Cutting taxes on workers and exempting tips from tax is consistent with the values of fairness and economic equity.,,,workers-get-tax-cuts,,,,,,,,,,,,,,,,,,,,,,
cutting-taxes-workers-exempting-5,,claim,Cutting taxes on workers and exempting tips from tax helps close the gap between low-income and middle-income earners.,,,workers-get-tax-cuts,,,,,,,,,,,,,,,,,,,,,,
cutting-taxes-workers-exempting-6,,claim,Cutting taxes on workers and exempting tips from tax strengthens local economies by increasing consumer spending.,,,workers-get-tax-cuts,,,,,,,,,,,,,,,,,,,,,,
cutting-taxes-workers-exempting-7,,claim,Cutting taxes on workers and exempting tips from tax could create budget deficits for governments that rely on that revenue.,,,workers-get-tax-cuts,,,,,,,,,,,,,,,,,,,,,,
exempting-tips-tax-may,,claim,Exempting tips from tax may encourage people to underreport income or make fraudulent claims.,,,workers-get-tax-cuts,,,,,,,,,,,,,,,,,,,,,,
exempting-tips-tax-could,,claim,Exempting tips from tax could encourage tax avoidance or fraudulent reporting.,,,workers-get-tax-cuts,,,,,,,,,,,,,,,,,,,,,,
workers-industries-without-tips,,claim,Workers in industries without tips may see exempting tips from tax as unfair preferential treatment.,,,workers-get-tax-cuts,,,,,,,,,,,,,,,,,,,,,,
exempting-tips-tax-could-2,,claim,Exempting tips from tax could disproportionately favor one group of workers over others.,,,workers-get-tax-cuts,,,,,,,,,,,,,,,,,,,,,,
exempting-tips-tax-may-2,,claim,Exempting tips from tax may create perceptions of unfairness among workers who do not receive tips.,,,workers-get-tax-cuts,,,,,,,,,,,,,,,,,,,,,,
cutting-taxes-workers-exempting-8,,claim,Cutting taxes on workers and exempting tips from tax may not significantly improve workers' overall financial stability without broader wage reforms.,,,workers-get-tax-cuts,,,,,,,,,,,,,,,,,,,,,,
even-though-financial-relief,,claim,"Even though financial relief for workers is a good goal, cutting taxes on workers and exempting tips from tax is the wrong way to reach it, because it could undermine the tax system's equity and fiscal sustainability and create long-term economic problems.",,,workers-get-tax-cuts,,,,,,,,,,,,,,,,,,,,,,
tax-revenue-lost-cutting,,claim,"The tax revenue lost by cutting taxes on workers and exempting tips may harm public services, and that harm would ultimately fall on the same workers.",,,workers-get-tax-cuts,,,,,,,,,,,,,,,,,,,,,,
low-income-workers-need,,interest,Low-income workers need financial relief.,,,,,,,,,,,,,,,,,,,,,,,,,
economy-needs-stimulation-comes,,interest,The economy needs the stimulation that comes from increased consumer spending.,,,,,,,,,,,,,,,,,,,,,,,,,
tipped-employees-need-fairer,,interest,Tipped employees need fairer treatment.,,,,,,,,,,,,,,,,,,,,,,,,,
governments-need-preserve-tax,,interest,Governments need to preserve tax revenue to fund essential public services.,,,,,,,,,,,,,,,,,,,,,,,,,
workers-every-income-category,,interest,Workers in every income category need to be treated fairly by the tax system.,,,,,,,,,,,,,,,,,,,,,,,,,
when-government-pays-have,,belief,"When a government pays to have software built for public services, its source code should, by default, be made public for anyone to read.",,software,,,,,,,,,,,,,,,,,"The disagreement turns on whether public scrutiny of code makes it safer and cheaper, or whether it mainly helps attackers and scares off the vendors government relies on.",,,,65,Moderate,
taxpayers-paid-software-runs,,claim,"Taxpayers paid for the software that runs government services, so they should be able to see what it does, in the same way they can read the laws it enforces.",,,when-government-pays-have,,,,,,,,,,,,,,,,,,,,,,
bugs-security-flaws-government,,claim,"Bugs and security flaws in government software are found faster when its code is public and many outside eyes can look, and a hidden flaw in a tax or benefits system harms real people.",,,when-government-pays-have,,,,,,,,,,,,,,,,,,,,,,
when-one-government-agency,,claim,"When one government agency publishes the code for its software, another agency can reuse it instead of paying a vendor to build the same thing again.",,,when-government-pays-have,,,,,,,,,,,,,,,,,,,,,,
publishing-code-behind-government,,claim,"Publishing the code behind government software shows attackers exactly where to look, and government systems are targets that cannot afford to give their enemies a head start.",,,when-government-pays-have,,,,,,,,,,,,,,,,,,,,,,
companies-build-software-government,,claim,"Companies that build software for government often reuse the same code for other clients, and a rule forcing it open shrinks the pool of willing suppliers.",,,when-government-pays-have,,,,,,,,,,,,,,,,,,,,,,
preparing-government-software-code,,claim,Preparing government software code for public release costs staff time that could instead go to improving the public service the software runs.,,,when-government-pays-have,,,,,,,,,,,,,,,,,,,,,,
phone-makers-allowed-require,,belief,Phone makers should be allowed to require that every app on their devices pass through an app store they review.,,software,,,,,,,,,,,,,,,,,The disagreement turns on whether the protection a mandatory reviewed store offers is worth handing one company control over what everyone can install.,,,,-45,Moderate,
single-review-checkpoint-every,,claim,A single review checkpoint that every phone app must pass catches malware and scams before they reach millions of people who would never spot them on their own.,,,phone-makers-allowed-require,,,,,,,,,,,,,,,,,,,,,,
when-every-phone-app,,claim,"When every phone app must come through the phone maker's reviewed store, the maker can hold all apps to the same privacy and refund rules, so users get the same protections no matter which app they use.",,,phone-makers-allowed-require,,,,,,,,,,,,,,,,,,,,,,
when-every-phone-app-2,,claim,"When every phone app comes through one store, the phone maker is answerable for what is on it and can pull a harmful app from every phone as soon as it is discovered.",,,phone-makers-allowed-require,,,,,,,,,,,,,,,,,,,,,,
phone-maker-reviews-apps,,claim,"A phone maker that reviews apps and also sells its own apps competes with the developers it judges, so it can reject or delay rivals for business reasons and call it safety.",,,phone-makers-allowed-require,,,,,,,,,,,,,,,,,,,,,,
app-store-review-phone,,claim,"App store review by phone makers still lets harmful apps through, so the sense of safety is partly false while the loss of choice is real.",,,phone-makers-allowed-require,,,,,,,,,,,,,,,,,,,,,,
people-own-phones-decide,,claim,"People own their phones and should decide what runs on them, just as they choose what programs to install on a personal computer, and a phone maker should not get to veto that choice after the sale.",,,phone-makers-allowed-require,,,,,,,,,,,,,,,,,,,,,,
radio-remains-essential-news,,belief,Radio remains an essential news source during emergencies and for people who lack reliable internet access.,,radio,,,,,,,,,,,,,,,,,"The disagreement turns on whether radio is still the one source people can count on when power, phones, and home internet fail them, or whether phone alerts and other cheap options have taken over that job.",,,,50,Moderate,
during-storms-fires-blackouts,,claim,"During storms, fires, and blackouts, a battery or car radio keeps working after phones die and cell towers go down.",,,radio-remains-essential-news,,,,,,,,,,,,,,,,,,,,,,
radio-news-free-anyone,,claim,"Radio news is free to anyone with a cheap receiver, so it serves people who cannot afford a smartphone or a monthly internet bill.",,,radio-remains-essential-news,,,,,,,,,,,,,,,,,,,,,,
radio-signals-reach-remote,,claim,"Radio signals reach remote and rural areas where broadband and cell coverage are weak or missing, so for people living there it is often the only live news they can get.",,,radio-remains-essential-news,,,,,,,,,,,,,,,,,,,,,,
emergency-alerts-now-push,,claim,"Emergency alerts now push straight to most phones in an area, and that system does not depend on anyone owning a radio.",,,radio-remains-essential-news,,,,,,,,,,,,,,,,,,,,,,
people-without-home-internet,,claim,"People without home internet can usually still get news from broadcast television, prepaid phones, or free access at public libraries, so radio is seldom their only option.",,,radio-remains-essential-news,,,,,,,,,,,,,,,,,,,,,,
consolidation-station-ownership-has,,claim,"Consolidation of station ownership has thinned local radio newsrooms, so what comes over the air in a crisis may be national programming rather than news about the listener's own town.",,,radio-remains-essential-news,,,,,,,,,,,,,,,,,,,,,,
talk-radio-generally-does,,belief,Talk radio generally does more to drive its listeners apart from people who disagree with them than to inform them.,,radio,,,,,,,,,,,,,,,,,The disagreement turns on whether a host who speaks plainly and takes calls is giving ordinary people a voice or keeping them angry at the other side for the ratings.,,,,-45,Moderate,
talk-radio-rewards-host,,claim,"Talk radio rewards a host who can keep listeners angry for hours, because anger holds an audience better than explanation does.",,,talk-radio-generally-does,,,,,,,,,,,,,,,,,,,,,,
talk-radio-hosts-held,,claim,"Talk radio hosts are not held to the correction and sourcing standards that newsrooms follow, so a false claim can run for weeks unchallenged.",,,talk-radio-generally-does,,,,,,,,,,,,,,,,,,,,,,
because-talk-radio-host,,claim,"Because a talk radio host picks which callers get on the air and can cut anyone off, listeners mostly hear the host's side win, which hardens their views instead of informing them.",,,talk-radio-generally-does,,,,,,,,,,,,,,,,,,,,,,
talk-radio-gives-platform,,claim,"Talk radio gives a platform to views that mainstream outlets ignore or dismiss, which is exactly the diversity a free press is supposed to allow.",,,talk-radio-generally-does,,,,,,,,,,,,,,,,,,,,,,
talk-radio-explains-public,,claim,"Talk radio explains public issues in plain, everyday language, which helps listeners who find newspapers and newscasts hard to follow understand what is at stake.",,,talk-radio-generally-does,,,,,,,,,,,,,,,,,,,,,,
call-shows-let-ordinary,,claim,"Call-in shows let ordinary people speak on the air at length and disagree with the host and with each other, and hearing that open disagreement informs listeners in a way a reporter's one-sentence quote does not.",,,talk-radio-generally-does,,,,,,,,,,,,,,,,,,,,,,
paid-random-rewards-video,,belief,Paid random rewards in video games should be regulated the way gambling is.,,games,,,,,,,,,,,,,,,,,"The disagreement turns on whether receiving a guaranteed item of uncertain value is different in kind from a bet, or different only in name.",,,,60,Moderate,
paying-money-unknown-prize,,claim,"Paying money for an unknown prize is the same act as pulling a slot machine lever, and calling it a game feature does not change what it does to the brain.",,,paid-random-rewards-video,,,,,,,,,,,,,,,,,,,,,,
paid-random-rewards-built,,claim,"Paid random rewards are built into games marketed to children, who are exactly the people gambling laws exist to protect.",,,paid-random-rewards-video,,,,,,,,,,,,,,,,,,,,,,
game-makers-tune-odds,,claim,"Game makers tune the odds and the timing of paid random reward offers to get the most spending out of players, which shows they know they are selling a chance rather than an item.",,,paid-random-rewards-video,,,,,,,,,,,,,,,,,,,,,,
players-who-buy-random,,claim,"Players who buy a random reward in a game always receive something for their money, unlike a bettor who can walk away with nothing, and that difference is the legal core of what gambling means.",,,paid-random-rewards-video,,,,,,,,,,,,,,,,,,,,,,
random-reward-game-same,,claim,"A random reward in a game is the same kind of purchase as a sealed pack of trading cards or a blind-bag toy, which most places sell freely to children, so putting only the game version under gambling rules would treat the same product differently just because it is digital.",,,paid-random-rewards-video,,,,,,,,,,,,,,,,,,,,,,
gambling-regulation-brings-licensing,,claim,"Gambling regulation brings licensing, age checks and heavy compliance costs that small studios cannot bear, so treating random rewards in games as gambling would hand the market to the largest companies.",,,paid-random-rewards-video,,,,,,,,,,,,,,,,,,,,,,
violent-content-video-games,,belief,Violent content in video games generally needs no government rules beyond the age ratings the game industry already puts on its products.,,games,,,,,,,,,,,,,,,,,"The disagreement turns on whether violent games do enough harm to justify rules, and whether industry age ratings already give families enough control.",,,,-50,Moderate,
games-have-become-far,,claim,"Games have become far more violent and far more common while youth violence in most wealthy countries has not risen along with them, so there is no growing harm for new rules to fix.",,,violent-content-video-games,,,,,,,,,,,,,,,,,,,,,,
players-can-tell-violence,,claim,"Players can tell violence in a game from violence in real life, so acting out a fight on a screen does not teach them to fight in the street.",,,violent-content-video-games,,,,,,,,,,,,,,,,,,,,,,
age-ratings-already-tell,,claim,"Age ratings already tell parents what a game contains, and parents who know their own children are better placed to decide what they can handle than a government office is.",,,violent-content-video-games,,,,,,,,,,,,,,,,,,,,,,
violent-games-reward-players,,claim,"Violent games reward players for violent acts over and over across thousands of hours, and repeated rewarded practice is one of the strongest ways people build habits, so the effect on players is too large to leave to an industry-run label.",,,violent-content-video-games,,,,,,,,,,,,,,,,,,,,,,
age-ratings-judge-only,,claim,"Age ratings judge only the game as it ships, so they say nothing about the violent chat, videos and player-made content children run into during online play, and only outside rules can reach that gap.",,,violent-content-video-games,,,,,,,,,,,,,,,,,,,,,,
most-games-now-bought,,claim,"Most games are now bought and downloaded online, where an age check is often just a birthdate the child types in, a gift card or a shared family account, so industry age ratings do little to keep the most violent games away from children who want them.",,,violent-content-video-games,,,,,,,,,,,,,,,,,,,,,,
popular-destinations-generally-cap,,belief,Popular destinations should generally cap the number of tourists they admit.,,travel,,,,,,,,,,,,,,,,,It turns on whether crowding is best handled by turning visitors away or by pricing them and spreading them out.,,,,-55,Moderate,
more-visitors-town-admits,,claim,"The more visitors a town admits, the more homes are turned into short-term rentals that price local workers out of the neighborhoods they grew up in.",,,popular-destinations-generally-cap,,,,,,,,,,,,,,,,,,,,,,
crowds-wear-down-very,,claim,"Crowds wear down the very trails, old streets and monuments people come to see, so unlimited visitors destroy the thing being sold.",,,popular-destinations-generally-cap,,,,,,,,,,,,,,,,,,,,,,
town-s-water-roads,,claim,"A town's water, roads and waste systems can serve only so many people at once, and past that point every extra visitor brings shortages and breakdowns that residents pay for.",,,popular-destinations-generally-cap,,,,,,,,,,,,,,,,,,,,,,
cap-visitor-numbers-makes,,claim,"A cap on visitor numbers makes entry scarce, and scarce entry tends to end up with whoever can pay more or book earlier, so ordinary families are the ones shut out.",,,popular-destinations-generally-cap,,,,,,,,,,,,,,,,,,,,,,
tourism-main-income-hotel,,claim,"Tourism is the main income for hotel workers, guides, drivers and cooks in many places, and every visitor turned away is a paycheck lost.",,,popular-destinations-generally-cap,,,,,,,,,,,,,,,,,,,,,,
spreading-visitors-off-season,,claim,"Spreading visitors to off-season months and quieter neighborhoods, and charging more at peak times, fixes crowding without shutting the door.",,,popular-destinations-generally-cap,,,,,,,,,,,,,,,,,,,,,,
most-people-probably-need,,belief,Most people probably need not cut back on their vacation flights for the climate's sake.,,travel,,,,,,,,,,,,,,,,,It turns on whether one person flying less matters more as a share of the world's emissions or as a signal that changes what others do.,,,,35,Modest,
air-travel-small-slice,,claim,"Air travel is a small slice of total emissions, and one person flying less changes the total by so little that the sacrifice buys almost nothing.",,,most-people-probably-need,,,,,,,,,,,,,,,,,,,,,,
vacation-flights-people-take,,claim,"The vacation flights people take now give them rest, time with faraway family and experiences they value for life, and those gains are worth more than the climate harm the flights add.",,,most-people-probably-need,,,,,,,,,,,,,,,,,,,,,,
cleaner-fuels-better-rules,,claim,"Cleaner fuels and better rules are what will actually fix aviation, and asking individuals to fly less puts the burden on travelers and lets the industry and governments off the hook.",,,most-people-probably-need,,,,,,,,,,,,,,,,,,,,,,
single-long-flight-can,,claim,"A single long flight can outweigh many of a household's other everyday climate efforts, so how often a person flies is not a small choice within one person's life.",,,most-people-probably-need,,,,,,,,,,,,,,,,,,,,,,
cleaner-planes-fuels-still,,claim,"Cleaner planes and fuels are still far from ready at large scale, so for years to come the only way to cut the pollution from vacation flights is for people to take fewer of them.",,,most-people-probably-need,,,,,,,,,,,,,,,,,,,,,,
when-many-people-choose,,claim,"When many people choose to fly less for the climate, airlines and governments respond to what travelers demand, so cutting back on vacation flights is how the larger climate fixes get started.",,,most-people-probably-need,,,,,,,,,,,,,,,,,,,,,,
we-tax-property-value,,belief,"We should tax property by the value of the land itself, independent of what is or is not built on it.",,taxes,,,,,,,,,,,,,,,,,"The evidence indicates significant promise if a land value tax is done right, and significant pitfalls if it is done poorly.",,,,,Moderate,
taxing-land-whether-developed,,claim,Taxing land whether or not it is developed encourages efficient land use and discourages holding land for speculation.,,,we-tax-property-value,,,,,,,,,,,,,,,,,,,,,,
land-value-tax-discourages,,claim,A land value tax discourages leaving land idle by creating immediate carrying costs for vacant or underused properties.,,,we-tax-property-value,,,,,,,,,,,,,,,,,,,,,,
land-value-tax-removes,,claim,A land value tax removes the incentive to hold prime locations without developing them.,,,we-tax-property-value,,,,,,,,,,,,,,,,,,,,,,
land-value-tax-pushes,,claim,A land value tax pushes landowners to make the most productive use of their land or sell it to someone who will.,,,we-tax-property-value,,,,,,,,,,,,,,,,,,,,,,
land-value-tax-fair,,claim,A land value tax is a fair revenue source because it captures value created by public investment instead of taxing labor or capital.,,,we-tax-property-value,,,,,,,,,,,,,,,,,,,,,,
land-value-tax-returns,,claim,A land value tax returns land value increases generated by the community to the public that created them.,,,we-tax-property-value,,,,,,,,,,,,,,,,,,,,,,
land-value-tax-reduces,,claim,A land value tax reduces free-riding by landowners who benefit from public infrastructure without contributing to it.,,,we-tax-property-value,,,,,,,,,,,,,,,,,,,,,,
land-value-tax-creates,,claim,A land value tax creates a more economically efficient tax base that causes very little economic waste (deadweight loss).,,,we-tax-property-value,,,,,,,,,,,,,,,,,,,,,,
land-value-tax-can,,claim,"A land value tax can lower housing costs by encouraging development of underused land, which increases housing supply.",,,we-tax-property-value,,,,,,,,,,,,,,,,,,,,,,
land-value-tax-mobilizes,,claim,A land value tax mobilizes vacant and underused parcels for development.,,,we-tax-property-value,,,,,,,,,,,,,,,,,,,,,,
land-value-tax-reduces-2,,claim,A land value tax reduces the artificial land scarcity that drives up prices.,,,we-tax-property-value,,,,,,,,,,,,,,,,,,,,,,
land-value-tax-eliminates,,claim,A land value tax eliminates tax penalties on building improvements that add to the housing stock.,,,we-tax-property-value,,,,,,,,,,,,,,,,,,,,,,
land-value-tax-avoids,,claim,A land value tax avoids the distortions found in most other forms of taxation.,,,we-tax-property-value,,,,,,,,,,,,,,,,,,,,,,
land-value-tax-does,,claim,A land value tax does not penalize or discourage productive economic activity.,,,we-tax-property-value,,,,,,,,,,,,,,,,,,,,,,
land-value-tax-cannot,,claim,A land value tax cannot be avoided through offshoring or accounting practices.,,,we-tax-property-value,,,,,,,,,,,,,,,,,,,,,,
land-value-tax-aligns,,claim,A land value tax aligns private economic incentives with the land use that is best for society.,,,we-tax-property-value,,,,,,,,,,,,,,,,,,,,,,
under-land-value-tax,,claim,"Under a land value tax, building new homes or businesses does not raise the owner's tax bill, which can spur construction and renovation.",,,we-tax-property-value,,,,,,,,,,,,,,,,,,,,,,
holding-idle-land-costs,,claim,"Holding idle land costs money under a land value tax, which deters investors from sitting on vacant land waiting for its value to rise.",,,we-tax-property-value,,,,,,,,,,,,,,,,,,,,,,
much-land-s-value,,claim,"Much of a land's value comes from the community rather than the owner's efforts, so taxing land value recovers unearned value for public use.",,,we-tax-property-value,,,,,,,,,,,,,,,,,,,,,,
land-cannot-hidden-moved,,claim,"Land cannot be hidden or moved and taxing it does not reduce the supply of land, so a land tax is hard to evade and causes less economic distortion.",,,we-tax-property-value,,,,,,,,,,,,,,,,,,,,,,
land-value-tax-provides,,claim,A land value tax provides a steady revenue base for local governments to fund services.,,,we-tax-property-value,,,,,,,,,,,,,,,,,,,,,,
accurately-assessing-unimproved-land,,claim,"Accurately assessing unimproved land value separately from buildings is contentious and technically difficult, which makes a land value tax hard to administer.",,,we-tax-property-value,,,,,,,,,,,,,,,,,,,,,,
land-value-tax-requires,,claim,A land value tax requires sophisticated and ongoing valuation systems.,,,we-tax-property-value,,,,,,,,,,,,,,,,,,,,,,
land-value-tax-creates-2,,claim,A land value tax creates potential for assessment disputes and litigation.,,,we-tax-property-value,,,,,,,,,,,,,,,,,,,,,,
land-value-tax-may,,claim,A land value tax may involve prohibitive administrative costs in areas without existing assessment capacity.,,,we-tax-property-value,,,,,,,,,,,,,,,,,,,,,,
land-value-tax-may-2,,claim,A land value tax may create significant financial hardship for low-income landowners in areas with high land values who have limited cash flow to pay it.,,,we-tax-property-value,,,,,,,,,,,,,,,,,,,,,,
land-value-tax-forces,,claim,A land value tax forces farmers near developing areas to intensify production or sell their farmland.,,,we-tax-property-value,,,,,,,,,,,,,,,,,,,,,,
land-value-tax-creates-3,,claim,A land value tax creates impossible tax burdens for elderly homeowners on fixed incomes in appreciating neighborhoods.,,,we-tax-property-value,,,,,,,,,,,,,,,,,,,,,,
land-value-tax-disconnects,,claim,"A land value tax disconnects tax obligations from ability to pay, particularly for residential owners.",,,we-tax-property-value,,,,,,,,,,,,,,,,,,,,,,
land-value-tax-risks,,claim,"A land value tax risks unintended consequences such as rapid gentrification, community displacement, or environmentally harmful overdevelopment.",,,we-tax-property-value,,,,,,,,,,,,,,,,,,,,,,
land-value-tax-accelerates,,claim,A land value tax accelerates neighborhood turnover and could destroy established communities.,,,we-tax-property-value,,,,,,,,,,,,,,,,,,,,,,
land-value-tax-creates-4,,claim,A land value tax creates pressure to develop natural areas or open spaces that have development potential.,,,we-tax-property-value,,,,,,,,,,,,,,,,,,,,,,
land-value-tax-may-3,,claim,"A land value tax may encourage rushed, poor-quality development to generate immediate income.",,,we-tax-property-value,,,,,,,,,,,,,,,,,,,,,,
land-value-tax-faces,,claim,A land value tax faces substantial political obstacles from entrenched interests and from concerns about dramatic shifts in who pays.,,,we-tax-property-value,,,,,,,,,,,,,,,,,,,,,,
resistance-powerful-landowners-makes,,claim,Resistance from powerful landowners makes a land value tax hard to enact.,,,we-tax-property-value,,,,,,,,,,,,,,,,,,,,,,
land-value-tax-faces-2,,claim,A land value tax faces political resistance because it challenges deeply held beliefs about property rights.,,,we-tax-property-value,,,,,,,,,,,,,,,,,,,,,,
land-value-tax-politically,,claim,A land value tax is politically hard to pass because its losses fall heavily on specific groups while its benefits are spread thinly across many people.,,,we-tax-property-value,,,,,,,,,,,,,,,,,,,,,,
mistakes-infrequent-updates-land,,claim,Mistakes or infrequent updates in land valuation can lead to unfair taxes or sudden changes in tax bills.,,,we-tax-property-value,,,,,,,,,,,,,,,,,,,,,,
rapid-increases-land-value,,claim,Rapid increases in land value could produce steep tax hikes that force owners who cannot afford the new tax to sell or move.,,,we-tax-property-value,,,,,,,,,,,,,,,,,,,,,,
some-regions-have-laws,,claim,"Some regions have laws requiring uniform property taxes, which complicates a land-only tax.",,,we-tax-property-value,,,,,,,,,,,,,,,,,,,,,,
land-value-tax-set,,claim,A land value tax set very high could discourage development or investment in some cases.,,,we-tax-property-value,,,,,,,,,,,,,,,,,,,,,,
land-value-tax-will,,claim,"A land value tax will likely lower market land values, so current landowners lose some of their wealth.",,,we-tax-property-value,,,,,,,,,,,,,,,,,,,,,,
if-only-one-city,,claim,"If only one city or region adopts a land value tax, landowners may lobby against local improvements that would raise their land values.",,,we-tax-property-value,,,,,,,,,,,,,,,,,,,,,,
land-value-tax-has,,claim,"A land value tax has not been widely adopted in modern times, which suggests that real-world constraints and pushback have kept it rare.",,,we-tax-property-value,,,,,,,,,,,,,,,,,,,,,,
harrisburg-pennsylvania-which-taxed,,claim,"In Harrisburg, Pennsylvania, which taxed land at a higher rate than buildings, the number of vacant structures dropped from over 4,200 in 1982 to under 500 by 2001.",,,we-tax-property-value,,,,,,,,,,,,,,,,,,,,,,
harrisburg-s-mayor-credited,,claim,Harrisburg's mayor credited the land-focused tax as one key factor in attracting over $1.2 billion in new investment and reversing decades of decline.,,,we-tax-property-value,,,,,,,,,,,,,,,,,,,,,,
after-allentown-pennsylvania-shifted,,claim,"After Allentown, Pennsylvania shifted to a land-heavy tax, 70% of homeowners got a tax cut and building permits in previously stagnant neighborhoods increased by 32%.",,,we-tax-property-value,,,,,,,,,,,,,,,,,,,,,,
after-allentown-voters-approved,,claim,"After Allentown voters approved taxing land at five times the rate on buildings in the mid-1990s, the city did not need to raise taxes for several years.",,,we-tax-property-value,,,,,,,,,,,,,,,,,,,,,,
when-several-pennsylvania-cities,,claim,"When several Pennsylvania cities adopted a land-weighted tax, absentee owners of vacant lots shouldered much more of the burden while many homeowners and active businesses saw tax cuts.",,,we-tax-property-value,,,,,,,,,,,,,,,,,,,,,,
milton-friedman-called-tax,,claim,Milton Friedman called a tax on unimproved land the least bad tax.,,,we-tax-property-value,,,,,,,,,,,,,,,,,,,,,,
imf-oecd-have-supported,,claim,The IMF and the OECD have supported land value taxation in principle as a tax that does not hinder economic activity.,,,we-tax-property-value,,,,,,,,,,,,,,,,,,,,,,
mirrlees-review-uk-tax,,claim,The Mirrlees Review of the UK tax system recommended land value taxation as a sensible reform.,,,we-tax-property-value,,,,,,,,,,,,,,,,,,,,,,
economic-model-suggested-replacing,,claim,An economic model suggested that replacing other taxes with a combination of a land tax and a consumption tax could significantly boost economic output.,,,we-tax-property-value,,,,,,,,,,,,,,,,,,,,,,
studies-pittsburgh-s-split,,claim,"Studies of Pittsburgh's split-rate tax, in place from 1913 to 2001, found that it encouraged building activity in the city.",,,we-tax-property-value,,,,,,,,,,,,,,,,,,,,,,
estonia-s-national-land,,claim,"Estonia's national land tax, introduced in the 1990s and still funding local governments today, is cited as a relatively successful implementation, though at modest rates and not without controversies over valuation.",,,we-tax-property-value,,,,,,,,,,,,,,,,,,,,,,
2001-reassessment-pittsburgh-sharply,,claim,"A 2001 reassessment in Pittsburgh sharply raised assessed land values, homeowners got unexpected tax hikes, and the city repealed its two-rate tax that year.",,,we-tax-property-value,,,,,,,,,,,,,,,,,,,,,,
built-up-neighborhoods-land,,claim,"In built-up neighborhoods land rarely sells on its own, so assessors must estimate how much of each property's value comes from the land versus the structure.",,,we-tax-property-value,,,,,,,,,,,,,,,,,,,,,,
uk-proposal-consider-land,,claim,"In the UK, a proposal to consider land value taxation was attacked as a tax on gardens, which made politicians wary.",,,we-tax-property-value,,,,,,,,,,,,,,,,,,,,,,
numerous-uk-studies-commissions,,claim,"Numerous UK studies and commissions have recommended a land value tax, yet the political will to adopt one has been lacking.",,,we-tax-property-value,,,,,,,,,,,,,,,,,,,,,,
supporters-need-sustainable-urban,,interest,Residents of fast-growing cities need sustainable urban development.,,,,,,,,,,,,,,,,,,,,,,,,,
supporters-need-housing-more,,interest,Renters and first-time homebuyers need housing to be more affordable and easier to access.,,,,,,,,,,,,,,,,,,,,,,,,,
supporters-need-wealth-inequality,,interest,Working families who rent rather than own land need wealth inequality reduced through more equitable taxation.,,,,,,,,,,,,,,,,,,,,,,,,,
supporters-need-tax-systems,,interest,Builders and small-business owners who pay more tax when they improve their property need tax systems that are economically efficient.,,,,,,,,,,,,,,,,,,,,,,,,,
opponents-need-traditional-ownership,,interest,Longtime homeowners and multigenerational family landholders need traditional ownership models protected.,,,,,,,,,,,,,,,,,,,,,,,,,
opponents-need-asset-rich,,interest,"Retirees on fixed incomes who own their homes outright need asset-rich, cash-poor owners protected from financial hardship.",,,,,,,,,,,,,,,,,,,,,,,,,
opponents-need-agricultural-rural,,interest,Farmers and ranchers who own the land they work need agricultural and rural land to stay viable.,,,,,,,,,,,,,,,,,,,,,,,,,
opponents-need-community-stability,,interest,Longtime residents of neighborhoods where land values are rising need community stability preserved and displacement prevented.,,,,,,,,,,,,,,,,,,,,,,,,,
competition-educational-opportunities-such,,belief,"Competition in educational opportunities, such as charter schools and school vouchers, makes traditional public schools better.",,k-12,,,,,,,,,,,,,,,,,,,,,,Moderate,
monopolies-can-stifle-innovation,,claim,"Monopolies can stifle innovation and efficiency in any industry, and allowing competition in education encourages traditional public schools to improve and adapt to meet students' needs more effectively.",,,competition-educational-opportunities-such,,,,,,,,,,,,,,,,,,,,,,
when-parents-kids-free,,claim,"When parents and kids are free to choose their school, everyone benefits.",,,competition-educational-opportunities-such,,,,,,,,,,,,,,,,,,,,,,
just-competition-ups-fedex,,claim,"Just as competition from UPS and FedEx led to improvements in the USPS, Airbus makes Boeing better, and Toyota made Ford build more fuel-efficient cars, competition in education encourages all educational institutions to raise their standards.",,,competition-educational-opportunities-such,,,,,,,,,,,,,,,,,,,,,,
competition-drives-schools-excel,,claim,"Competition drives schools to excel and innovate, benefiting the people they serve, just as it does for sports teams and for the automotive and aerospace industries.",,,competition-educational-opportunities-such,,,,,,,,,,,,,,,,,,,,,,
introducing-competition-into-education,,claim,Introducing competition into education can foster an adversarial us-versus-them mentality that puts winning ahead of cooperative learning and community building.,,,competition-educational-opportunities-such,,,,,,,,,,,,,,,,,,,,,,
competitive-framework-education-might,,claim,A competitive framework in education might not only divide communities but also lead to heightened tensions and conflicts that detract from the educational experience and its goals.,,,competition-educational-opportunities-such,,,,,,,,,,,,,,,,,,,,,,
empirical-studies-show-school,,claim,Empirical studies show that school vouchers lead to improvements in public schools because of the competitive pressure they create.,,,competition-educational-opportunities-such,,,,,,,,,,,,,,,,,,,,,,
areas-where-charter-schools,,claim,"In areas where charter schools and vouchers are common, public schools often see a decrease in funding, which hurts their ability to provide quality education and maintain infrastructure.",,,competition-educational-opportunities-such,,,,,,,,,,,,,,,,,,,,,,
supporters-need-excellence-valued,,interest,Parents of high-achieving students need excellence to be valued over equality.,,,,,,,,,Excellence,,,,,,,,,,,,,,,,
supporters-need-least-motivated,,interest,Parents of motivated students zoned to failing schools need at least the motivated students to be able to escape broken schools.,,,,,,,,,,,,,,,,,,,,,,,,,
supporters-need-schools-compete,,interest,Charter school founders and operators need schools to compete for students as a driver of excellence.,,,,,,,,,Excellence,,,,,,,,,,,,,,,,
supporters-need-competition-push,,interest,"Parents of children in low-performing district schools need competition to push schools to improve teaching methods, curricula, and student services in order to attract and keep students.",,,,,,,,,Educational quality,,,,,,,,,,,,,,,,
supporters-need-parents-students,,interest,Families who cannot afford to move into a better school district need parents and students to have the freedom to choose schools that best meet their educational needs and preferences rather than being confined to schools based on where they live.,,,,,,,,,Individual choice,,,,,,,,,,,,,,,,
supporters-need-innovative-teaching,,interest,"Education technology entrepreneurs and charter school founders need innovative teaching practices and technologies to be introduced and spread, which they believe happens more readily in competitive environments.",,,,,,,,,Innovation,,,,,,,,,,,,,,,,
supporters-need-schools-accountable,,interest,Taxpayers in districts with low test scores need schools to be accountable for student outcomes and to be efficient and responsive to community needs.,,,,,,,,,Accountability and efficiency,,,,,,,,,,,,,,,,
supporters-need-free-market,,interest,Private and charter school operators need free-market principles to be trusted to drive innovation and improvement.,,,,,,,,,Free markets,,,,,,,,,,,,,,,,
supporters-need-relief-what,,interest,Parents who have hit bureaucratic walls in their local school district need relief from what they see as the inefficiencies and rigidities of traditional public school systems.,,,,,,,,,,,,,,,,,,,,,,,,,
supporters-need-school-system,,interest,"Employers who hire high school graduates need a school system that adequately prepares students for future success, which they believe the current system fails to do.",,,,,,,,,,,,,,,,,,,,,,,,,
opponents-need-equality-valued,,interest,Parents of students who struggle academically need equality to be valued over potential excellence.,,,,,,,,,Equality,,,,,,,,,,,,,,,,
opponents-need-avoid-all,,interest,Teachers and principals in neighborhood public schools need to avoid all the motivated students going to charter schools and leaving less motivated students behind.,,,,,,,,,,,,,,,,,,,,,,,,,
opponents-need-education-remain,,interest,"Career public school teachers need education to remain a field without competition, which is part of why they entered it.",,,,,,,,,,,,,,,,,,,,,,,,,
opponents-need-public-schools,,interest,"Families in low-income school districts need public schools to keep the funding that charter schools and voucher programs would draw away, because that loss falls hardest on schools in low-income areas and widens the gap in educational quality between affluent and disadvantaged communities.",,,,,,,,,Equity and access,,,,,,,,,,,,,,,,
opponents-need-public-schools-2,,interest,"Parents in racially and economically mixed neighborhoods need public schools to remain community hubs where students from diverse backgrounds learn together rather than being sorted by class, race, or religion.",,,,,,,,,Community and social cohesion,,,,,,,,,,,,,,,,
opponents-need-taxpayer-money,,interest,Elected school board members need taxpayer money to stay with schools that have transparent accountability rather than shift to private entities with less oversight.,,,,,,,,,Public investment and accountability,,,,,,,,,,,,,,,,
opponents-need-essential-services,,interest,"Parents of children with disabilities and families who rely on free school meals need essential services that public schools are required to provide, such as special education, free or reduced-price meals, and psychological counseling, to stay uniformly available to all students, especially those with special needs, which they fear a competitive school system might not ensure.",,,,,,,,,Comprehensive support services,,,,,,,,,,,,,,,,
opponents-need-education-privatized,,interest,Public school teachers' union members need education not to be privatized or turned into a commodity.,,,,,,,,,,,,,,,,,,,,,,,,,
opponents-need-resources-attention,,interest,Principals and teachers at struggling neighborhood public schools need resources and attention to stay focused on improving all public schools.,,,,,,,,,,,,,,,,,,,,,,,,,
opponents-need-education-treated,,interest,Voters in local school board elections need education to be treated as a public good controlled by democratically accountable institutions.,,,,,,,,,Public good,,,,,,,,,,,,,,,,
opponents-need-educational-opportunities,,interest,"Parents of students in high-poverty, racially segregated schools need educational opportunities not to become more segregated and unequal.",,,,,,,,,Equality,,,,,,,,,,,,,,,,
america-adopt-comprehensive-scorecard,,belief,"America should adopt a comprehensive scorecard that measures national progress across human development, economic vitality, environmental health, and social cohesion, not just GDP.",,evidence-and-process,,,,,,,,,,,,,,,,,"The American Scorecard addresses a real problem, the limits of GDP, with a comprehensive solution, but its success depends on careful implementation, institutional safeguards, and sustained political will.",,,,,Moderate,
gdp-measures-economic-activity,,claim,"GDP measures economic activity, not human well-being, and its own architect warned against using it as a measure of welfare.",,,america-adopt-comprehensive-scorecard,,,,,,,,,,,,,,,,,,,,,,
comprehensive-metrics-reveal-declining,,claim,Comprehensive metrics reveal declining national vital signs that GDP growth hides.,,,america-adopt-comprehensive-scorecard,,,,,,,,,,,,,,,,,,,,,,
comprehensive-scorecard-enable-evidence,,claim,"A comprehensive scorecard would enable evidence-based policymaking, and decisions driven by data are better than decisions driven by ideology.",,,america-adopt-comprehensive-scorecard,,,,,,,,,,,,,,,,,,,,,,
clear-metrics-let-citizens,,claim,Clear metrics let citizens judge how well their leaders are performing.,,,america-adopt-comprehensive-scorecard,,,,,,,,,,,,,,,,,,,,,,
surveys-show-people-care,,claim,"Surveys show that people care more about health, happiness, and community than about GDP.",,,america-adopt-comprehensive-scorecard,,,,,,,,,,,,,,,,,,,,,,
other-nations-use-broader,,claim,Other nations that use broader measures of progress have seen their policies improve.,,,america-adopt-comprehensive-scorecard,,,,,,,,,,,,,,,,,,,,,,
comprehensive-scorecard-too-complex,,claim,A comprehensive scorecard is too complex for the public and policymakers to use effectively.,,,america-adopt-comprehensive-scorecard,,,,,,,,,,,,,,,,,,,,,,
many-proposed-metrics-hard,,claim,Many of the proposed metrics are hard to measure objectively or consistently.,,,america-adopt-comprehensive-scorecard,,,,,,,,,,,,,,,,,,,,,,
comprehensive-scorecard-become-political,,claim,A comprehensive scorecard would become a political football rather than an objective tool.,,,america-adopt-comprehensive-scorecard,,,,,,,,,,,,,,,,,,,,,,
creating-maintaining-comprehensive-measurement,,claim,Creating and maintaining a comprehensive measurement system would be expensive and bureaucratic.,,,america-adopt-comprehensive-scorecard,,,,,,,,,,,,,,,,,,,,,,
scorecard-only-measure-problems,,claim,"A scorecard would only measure problems without addressing their root causes, because knowing problems exist does not solve them without actual policy changes.",,,america-adopt-comprehensive-scorecard,,,,,,,,,,,,,,,,,,,,,,
gdp-has-flaws-but,,claim,"GDP has flaws, but it already provides a consistent, internationally comparable measure.",,,america-adopt-comprehensive-scorecard,,,,,,,,,,,,,,,,,,,,,,
simon-kuznets-gdp-s,,claim,"Simon Kuznets, GDP's architect, is quoted as saying that the welfare of a nation can scarcely be inferred from a measurement of national income.",,,america-adopt-comprehensive-scorecard,,,,,,,,,,,,,,,,,,,,,,
united-states-gdp-has,,claim,"In the United States, GDP has risen while life expectancy has fallen.",,,america-adopt-comprehensive-scorecard,,,,,,,,,,,,,,,,,,,,,,
stock-market-gains-concentrated,,claim,Stock market gains are concentrated while median household wealth is stagnant.,,,america-adopt-comprehensive-scorecard,,,,,,,,,,,,,,,,,,,,,,
spending-environmental-cleanup-counts,,claim,"Spending on environmental cleanup counts as GDP growth, so environmental damage can show up as growth.",,,america-adopt-comprehensive-scorecard,,,,,,,,,,,,,,,,,,,,,,
u-s-life-expectancy,,claim,U.S. life expectancy declined from 2015 to 2017 and declined sharply from 2020 to 2022.,,,america-adopt-comprehensive-scorecard,,,,,,,,,,,,,,,,,,,,,,
infant-mortality-rates-united,,claim,Infant mortality rates in the United States are higher than those of peer nations.,,,america-adopt-comprehensive-scorecard,,,,,,,,,,,,,,,,,,,,,,
social-trust-united-states,,claim,Social trust in the United States is at historic lows.,,,america-adopt-comprehensive-scorecard,,,,,,,,,,,,,,,,,,,,,,
u-s-infrastructure-crumbling,,claim,U.S. infrastructure is crumbling even though the U.S. economy has grown.,,,america-adopt-comprehensive-scorecard,,,,,,,,,,,,,,,,,,,,,,
countries-use-broader-measures,,claim,"Countries that use broader measures of progress, such as Bhutan's Gross National Happiness and New Zealand's Living Standards Framework, report better policy alignment.",,,america-adopt-comprehensive-scorecard,,,,,,,,,,,,,,,,,,,,,,
studies-business-education-find,,claim,Studies in business and education find that performance metrics increase accountability.,,,america-adopt-comprehensive-scorecard,,,,,,,,,,,,,,,,,,,,,,
happiness-research-finds-relationships,,claim,"Happiness research finds that relationships, health, and purpose matter more than income once income passes a certain level.",,,america-adopt-comprehensive-scorecard,,,,,,,,,,,,,,,,,,,,,,
research-information-overload-finds,,claim,Research on information overload finds that adding more information yields diminishing returns.,,,america-adopt-comprehensive-scorecard,,,,,,,,,,,,,,,,,,,,,,
survey-based-metrics-subject,,claim,Survey-based metrics are subject to response bias.,,,america-adopt-comprehensive-scorecard,,,,,,,,,,,,,,,,,,,,,,
gdp-methodology-standardized-across,,claim,GDP methodology is standardized across the world.,,,america-adopt-comprehensive-scorecard,,,,,,,,,,,,,,,,,,,,,,
gdp-makes-historical-comparisons,,claim,GDP makes historical comparisons possible.,,,america-adopt-comprehensive-scorecard,,,,,,,,,,,,,,,,,,,,,,
citizens-need-better-visibility,,interest,"Citizens need better visibility into real well-being, policies that match their needs, and stronger democratic accountability.",,,,,,,,,,,,,,,,,,,,,,,,,
vulnerable-populations-need-mental,,interest,"Vulnerable populations need mental health, substance abuse, and poverty made visible, and need policy attention to overlooked problems.",,,,,,,,,,,,,,,,,,,,,,,,,
future-generations-need-environmental,,interest,Future generations need environmental sustainability and debt sustainability tracked and long-term thinking encouraged.,,,,,,,,,,,,,,,,,,,,,,,,,
local-communities-need-infrastructure,,interest,"Local communities need their infrastructure and livability measured, their community engagement valued, and their regional differences made visible.",,,,,,,,,,,,,,,,,,,,,,,,,
reform-minded-politicians-need,,interest,"Reform-minded politicians need evidence for their policy priorities, an accountability tool, and a counter to a pure GDP focus.",,,,,,,,,,,,,,,,,,,,,,,,,
politicians-invested-status-quo,,interest,Politicians invested in the status quo need to avoid added accountability and keep performance failures from becoming visible.,,,,,,,,,,,,,,,,,,,,,,,,,
businesses-focused-short-term,,interest,Businesses focused on short-term GDP need to keep their environmental and social costs from being made visible and to avoid pressure for sustainable practices.,,,,,,,,,,,,,,,,,,,,,,,,,
ideological-extremes-need-protect,,interest,Ideological extremes need to protect purely ideological positions that an evidence-based approach would threaten.,,,,,,,,,,,,,,,,,,,,,,,,,
government-agencies-facing-scrutiny,,interest,Government agencies facing scrutiny need to avoid having performance failures exposed and new resource demands placed on them.,,,,,,,,,,,,,,,,,,,,,,,,,
good-end-does-justify,,belief,A good end does not justify using means that would otherwise be wrong.,,core-principles,,,,,,,,,,,,,,,,,"The claim is strongest understood as a default rule that blocks self-serving excuses, not as an absolute ban that overrides all judgment about context. The alternative, judging actions by their outcomes alone, performs far worse in both theory and practice.",,,,75,Strong,
society-laws-person-s,,claim,"In a society with laws, a person's goals do not justify breaking the law to reach them.",,,good-end-does-justify,,,,,,,,,,,,,,,,,,,,,,
both-goals-methods-action,,claim,"Both the goals and the methods of an action must be judged, not only the outcome.",,,good-end-does-justify,,,,,,,,,,,,,,,,,,,,,,
having-specific-rules-about,,claim,Having specific rules about acceptable methods produces better outcomes than telling everyone to judge by results.,,,good-end-does-justify,,,,,,,,,,,,,,,,,,,,,,
person-who-relies-law,,claim,A person who relies on the law for protection but breaks it for their own vision of the greater good is a hypocrite.,,,good-end-does-justify,,,,,,,,,,,,,,,,,,,,,,
if-everyone-believed-ends,,claim,"If everyone believed the ends justify the means, the world would be dramatically worse.",,,good-end-does-justify,,,,,,,,,,,,,,,,,,,,,,
calculating-final-result-all,,claim,"Calculating the final result of all of one's actions is impossible, so rules about methods produce good outcomes more reliably than judging each case by its expected results.",,,good-end-does-justify,,,,,,,,,,,,,,,,,,,,,,
if-ends-justify-means,,claim,"If the ends justify the means, there is no meaningful difference between consequences that are foreseen and consequences that are intended, which would erase the distinctions between negligence, recklessness, and intent that any working justice system depends on.",,,good-end-does-justify,,,,,,,,,,,,,,,,,,,,,,
selfish-goals-do-justify,,claim,"Selfish goals do not justify actions that hurt others, and most people who say the ends justify the means are not pursuing humanity's greatest good but rationalizing something they already wanted to do.",,,good-end-does-justify,,,,,,,,,,,,,,,,,,,,,,
some-extreme-cases-such,,claim,"That some extreme cases, such as lethal force in genuine self-defense, change which methods are justified does not show that all ends justify all means.",,,good-end-does-justify,,,,,,,,,,,,,,,,,,,,,,
god-will-require-people,,claim,God will not require people to do evil in order to defeat evil.,,,good-end-does-justify,,,,,,,,,,,,,,,,,,,,,,
sometimes-ends-do-justify,,claim,"Sometimes the ends do justify the means, because a blanket rule against it ignores morally relevant facts about the size of the harm, the chance of success, and the alternatives available.",,,good-end-does-justify,,,,,,,,,,,,,,,,,,,,,,
worst-mass-killings-20th,,claim,"The worst mass killings of the 20th century (Soviet collectivization, the Maoist purges, the Holocaust) were carried out by people who genuinely believed they were pursuing a necessary good.",,,good-end-does-justify,,,,,,,,,,,,,,,,,,,,,,
john-stuart-mill-s,,claim,"John Stuart Mill's rule utilitarianism holds that following rules produces better long-run outcomes than judging each act by its consequences, because rules resist self-serving rationalization.",,,good-end-does-justify,,,,,,,,,,,,,,,,,,,,,,
under-social-contract-theory,,claim,"Under social contract theory (Locke, Hobbes, Rawls), constitutional government rests on the idea that people give up some freedom to act by any means they choose in exchange for legal protection, so reasoning that the ends justify the means is a one-sided breach of that contract.",,,good-end-does-justify,,,,,,,,,,,,,,,,,,,,,,
research-motivated-reasoning-consistently,,claim,Research on motivated reasoning consistently shows that people are much better at spotting ends-justify-the-means reasoning in their opponents than in themselves.,,,good-end-does-justify,,,,,,,,,,,,,,,,,,,,,,
philosophers-foot-thomson-have,,claim,Philosophers from Foot to Thomson have built trolley problem and lifeboat scenarios in which strict adherence to rules about methods produces outcomes that almost everyone judges as worse.,,,good-end-does-justify,,,,,,,,,,,,,,,,,,,,,,
just-war-theory-endorsed,,claim,"Just War Theory, endorsed by international law, most religious traditions, and nearly all moral philosophers, holds that some ends such as stopping genocide or repelling invasion can justify killing that would otherwise be prohibited.",,,good-end-does-justify,,,,,,,,,,,,,,,,,,,,,,
rosa-parks-gandhi-broke,,claim,"Rosa Parks and Gandhi broke the law, and most people now judge their illegal methods as justified by their goals.",,,good-end-does-justify,,,,,,,,,,,,,,,,,,,,,,
supporters-need-live-under,,interest,Members of religious and ethnic minorities need to live under a predictable rule of law that protects everyone equally.,,,,,,,,,,,,,,,,,,,,,,,,,
supporters-need-protection-being,,interest,Civilians living in war zones need protection from being treated as an acceptable casualty of someone else's greater good.,,,,,,,,,,,,,,,,,,,,,,,,,
supporters-need-moral-systems,,interest,Criminal defendants and prisoners need moral systems that cannot be easily gamed by anyone who claims good intentions.,,,,,,,,,,,,,,,,,,,,,,,,,
supporters-need-principled-constraints,,interest,"Police officers and prosecutors need principled constraints on methods, rather than case-by-case calculation, for the sake of better long-run outcomes.",,,,,,,,,,,,,,,,,,,,,,,,,
opponents-need-flexibility-respond,,interest,Emergency room doctors and first responders need the flexibility to respond to genuine moral emergencies.,,,,,,,,,,,,,,,,,,,,,,,,,
opponents-need-rules-do,,interest,Judges bound by mandatory sentencing laws need rules that do not produce obviously bad outcomes in edge cases.,,,,,,,,,,,,,,,,,,,,,,,,,
opponents-need-moral-philosophy,,interest,Military commanders and intelligence officers need a moral philosophy that matches moral intuition in extreme situations.,,,,,,,,,,,,,,,,,,,,,,,,,
opponents-need-keep-rigid,,interest,"Civil servants and soldiers need to keep rigid rule-following from becoming a form of moral cowardice (""I was just following the rules"").",,,,,,,,,,,,,,,,,,,,,,,,,
movements-regimes-adopt-explicit,,claim,Movements and regimes that adopt explicit ends-justify-the-means doctrines show higher rates of atrocity and abuse than comparable rule-constrained ones.,,,good-end-does-justify,,,,,,,,,,,,,,,,,,,,,,
coercive-methods-justified-emergency,,claim,"Coercive methods justified as emergency necessity, such as torture for time-sensitive intelligence, produce unreliable intelligence on the whole.",,,good-end-does-justify,,,,,,,,,,,,,,,,,,,,,,
institutions-granted-emergency-exception,,claim,Institutions granted emergency exception powers expand their use beyond the original emergency.,,,good-end-does-justify,,,,,,,,,,,,,,,,,,,,,,
people-rate-identical-ends,,claim,People rate identical ends-justify-the-means actions as more acceptable when their own side performs them.,,,good-end-does-justify,,,,,,,,,,,,,,,,,,,,,,
rule-bound-institutions-outperform,,claim,Rule-bound institutions outperform discretionary ones on long-run outcomes and on resistance to capture.,,,good-end-does-justify,,,,,,,,,,,,,,,,,,,,,,
some-identifiable-class-agents,,claim,Some identifiable class of agents reliably predicts consequences accurately enough that judging by outcomes alone beats following rules.,,,good-end-does-justify,,,,,,,,,,,,,,,,,,,,,,
removing-constraint-methods-real,,claim,Removing a constraint on methods in a real domain demonstrably improves outcomes without increasing abuse.,,,good-end-does-justify,,,,,,,,,,,,,,,,,,,,,,
emergency-exception-powers-once,,claim,"Emergency exception powers, once granted, do not expand beyond their original justification.",,,good-end-does-justify,,,,,,,,,,,,,,,,,,,,,,
we-defend-united-states,,belief,We should defend the United States Constitution.,,democracy-and-rule-of-law,,,,,,,,,,,,,,,,,,,,,,Moderate,
constitution-s-counter-majoritarian,,claim,The Constitution's counter-majoritarian features entrench minority preferences regardless of whether those preferences are good ideas.,,,we-defend-united-states,,,,,,,,,,,,,,,,,,,,,,
ratification-13th-17th-19th,,claim,"The ratification of the 13th, 17th, 19th, and 21st Amendments shows the system has repeatedly repaired fundamental errors through its own amendment channel.",,,we-defend-united-states,,,,,,,,,,,,,,,,,,,,,,
united-states-has-had,,claim,"The United States has had roughly 250 years of mostly peaceful transfers of power, which is rare among written constitutions, and this shows that when losing is survivable, fights over who takes power next turn into campaigns.",,,we-defend-united-states,,,,,,,,,,,,,,,,,,,,,,
state-policy-experiments-spread,,claim,"State policy experiments spread to other states when their results are positive, which shows that the states really do work as laboratories for testing policies under the Constitution's split of power.",,,we-defend-united-states,,,,,,,,,,,,,,,,,,,,,,
no-amendment-proposed-after,,claim,"No amendment proposed after 1971 has been ratified, and the 27th Amendment took 203 years, so the repair channel may be frozen under modern polarization.",,,we-defend-united-states,,,,,,,,,,,,,,,,,,,,,,
most-presidential-constitutions-modeled,,claim,"Most presidential constitutions modeled on the US design collapsed into instability or autocracy, so the design travels badly.",,,we-defend-united-states,,,,,,,,,,,,,,,,,,,,,,
democratic-backsliding-proceeds-inside,,claim,"Democratic backsliding proceeds inside formally intact constitutional structures, so a written constitution without supporting norms does not hold.",,,we-defend-united-states,,,,,,,,,,,,,,,,,,,,,,
supporters-need-rule-law,,interest,Small-business owners who sign multiyear leases and contracts need the rule of law and stability.,,,,,,,,,Rule of law and stability,,,,,,,,,,,,,,,,
supporters-need-liberty-secured,,interest,Voters whose party is out of power in Washington need liberty secured through distributed power.,,,,,,,,,Liberty secured through distributed power,,,,,,,,,,,,,,,,
opponents-need-justice-equality,,interest,Black Americans whose ancestors the original Constitution counted as property need justice and equality.,,,,,,,,,Justice and equality,,,,,,,,,,,,,,,,
opponents-need-government-responds,,interest,Voters in high-population states such as California and Texas need government that responds to actual majorities.,,,,,,,,,Democratic responsiveness to actual majorities,,,,,,,,,,,,,,,,
congressional-term-limits-reduce,,belief,Congressional term limits would reduce corruption and improve legislative quality.,,democracy-and-rule-of-law,,,,,,,,,,,,,,,,,The disagreement turns on whether weakening entrenched incumbents is worth losing experienced legislators and handing more of their work to lobbyists and staff.,,,,42,Strong,
term-limits-weaken-incumbents,,claim,"Term limits weaken incumbents' fundraising advantage, which reduces their dependence on corporate and special-interest donors.",,,congressional-term-limits-reduce,,,,,,,,,,,,,,,,,,,,,,
term-limits-end-practice,,claim,Term limits end the practice of donors investing in decade-long relationships with powerful committee chairs in expectation of returns.,,,congressional-term-limits-reduce,,,,,,,,,,,,,,,,,,,,,,
term-limits-do-eliminate,,claim,"Term limits do not eliminate PAC influence, because non-incumbent candidates attract outside spending just as much and the money only shifts toward open-seat races.",,,congressional-term-limits-reduce,,,,,,,,,,,,,,,,,,,,,,
inexperienced-legislators-more-vulnerable,,claim,"Inexperienced legislators are more vulnerable to lobbying and staff manipulation, so term limits increase dependence on outside expertise and lobbyist guidance.",,,congressional-term-limits-reduce,,,,,,,,,,,,,,,,,,,,,,
legislators-serving-final-term,,claim,"Legislators serving a final term imposed by term limits face fewer accountability constraints and may accept bribes without consequence, so term limits increase the risk of corruption.",,,congressional-term-limits-reduce,,,,,,,,,,,,,,,,,,,,,,
presidential-term-limits-under,,claim,"Presidential term limits under the 22nd Amendment succeeded in preventing the concentration of executive power, showing that fixed term limits can reduce the incentive to cling to power corruptly.",,,congressional-term-limits-reduce,,,,,,,,,,,,,,,,,,,,,,
cross-state-analysis-u,,claim,"A cross-state analysis of U.S. governors' term limits found that stricter limits were associated with a lower overall magnitude of corruption, and that shorter tenures impede the formation of extensive corrupt networks.",,,congressional-term-limits-reduce,,,,,,,,,,,,,,,,,,,,,,
term-limited-state-legislatures,,claim,"Term-limited state legislatures in Michigan, Ohio and Arkansas saw seniority shift to staff rather than legislators, with reduced deliberative capacity and greater dependence on lobbyist briefings for policy expertise.",,,congressional-term-limits-reduce,,,,,,,,,,,,,,,,,,,,,,
after-1994-republican-revolution,,claim,"After the 1994 Republican ""revolution,"" a class of new U.S. House members with ideological purity but weaker institutional experience led to gridlock and ineffective legislation, which cuts against the idea that term limits improve legislative quality.",,,congressional-term-limits-reduce,,,,,,,,,,,,,,,,,,,,,,
under-mexico-s-no,,claim,"Under Mexico's no-reelection rule, legislators could not serve consecutive terms, which made them lame ducks with an even higher risk of corruption and weakened their incentive to build a legislative reputation.",,,congressional-term-limits-reduce,,,,,,,,,,,,,,,,,,,,,,
theoretical-model-shows-legislators,,claim,"A theoretical model shows that legislators with known expiration dates have weaker reputational constraints, predicting that moral hazard and corruption increase as a term limit approaches.",,,congressional-term-limits-reduce,,,,,,,,,,,,,,,,,,,,,,
term-limits-increase-polarization,,claim,"Term limits increase polarization in state legislatures, with larger effects in more professional legislatures, and in term-limited states party committees increased their contributions to candidates, which intensified partisanship.",,,congressional-term-limits-reduce,,,,,,,,,,,,,,,,,,,,,,
supporters-need-money-s,,interest,Small-business owners who cannot match corporate lobbyists need money's influence in politics reduced by weakening incumbents' fundraising power.,,,,,,,,,Democratic Accountability,,,,,,,,,,,,,,,,
supporters-need-opportunities-challenger,,interest,Younger and minority candidates shut out by seniority systems need opportunities to run as challengers with a real chance of winning.,,,,,,,,,Equality,,,,,,,,,,,,,,,,
supporters-need-prevent-one,,interest,Minority-party voters in safe districts need to prevent one party from becoming entrenched in safe districts.,,,,,,,,,Democratic Accountability,,,,,,,,,,,,,,,,
supporters-need-restore-citizen,,interest,"Working people who would serve a few years in Congress and then go home need to restore a citizen legislature of part-time, non-professional politicians.",,,,,,,,,Liberty,,,,,,,,,,,,,,,,
some-republican-supporters-need,,interest,Some Republican supporters need the partisan advantage that comes from Democratic retirements in marginal districts.,,,,,,,,,,,,,,,,,,,,,,,,,
opponents-need-protect-voters,,interest,Constituents of long-serving representatives need to protect their right to reelect effective representatives for as long as they choose.,,,,,,,,,Liberty,,,,,,,,,,,,,,,,
opponents-need-legislative-expertise,,interest,Veterans and farmers who depend on complex federal programs need legislative expertise and institutional knowledge preserved for competent lawmaking.,,,,,,,,,Effective Governance,,,,,,,,,,,,,,,,
opponents-need-prevent-lame,,interest,Constituents of legislators serving a final term need to prevent the lame-duck problem in which legislators with nothing to lose act without consequence.,,,,,,,,,Reduced Corruption,,,,,,,,,,,,,,,,
opponents-need-continuity-committee,,interest,Residents of districts whose economies depend on federal bases and projects need continuity in committee leadership and in advocacy for district interests.,,,,,,,,,Effective Governance,,,,,,,,,,,,,,,,
sitting-legislators-need-keep,,interest,"Sitting legislators need to keep their seats, so they oppose any rule that threatens them.",,,,,,,,,,,,,,,,,,,,,,,,,
term-limited-state-legislatures-2,,claim,"Term-limited state legislatures show measurably lower corruption conviction rates than states without term limits, after controlling for size and party composition.",,,congressional-term-limits-reduce,,,,,,,,,,,,,,,,,,,,,,
first-term-legislators-commit,,claim,First-term legislators commit quid pro quo corruption at lower rates than legislators who have served several terms.,,,congressional-term-limits-reduce,,,,,,,,,,,,,,,,,,,,,,
after-term-limits-take,,claim,"After term limits take effect, lobbyist access to legislators decreases rather than increases.",,,congressional-term-limits-reduce,,,,,,,,,,,,,,,,,,,,,,
within-five-years-after,,claim,"Within five years after term limits are put in place, federal corruption convictions decline by 30 to 50 percent.",,,congressional-term-limits-reduce,,,,,,,,,,,,,,,,,,,,,,
first-election-cycle-after,,claim,"In the first election cycle after term limits are put in place, incumbents' fundraising advantage over challengers narrows by 40 to 60 percent.",,,congressional-term-limits-reduce,,,,,,,,,,,,,,,,,,,,,,
term-limited-legislatures-show,,claim,Term-limited legislatures show equal or higher corruption rates than legislatures without term limits.,,,congressional-term-limits-reduce,,,,,,,,,,,,,,,,,,,,,,
lame-duck-legislators-commit,,claim,Lame-duck legislators commit corruption at higher rates than first-term members.,,,congressional-term-limits-reduce,,,,,,,,,,,,,,,,,,,,,,
lobbyist-influence-pac-contributions,,claim,Lobbyist influence or PAC contributions increase disproportionately after term limits take effect.,,,congressional-term-limits-reduce,,,,,,,,,,,,,,,,,,,,,,
after-term-limits-take-2,,claim,"After term limits take effect, legislative output and quality decline significantly, and other reforms do not make up for the loss.",,,congressional-term-limits-reduce,,,,,,,,,,,,,,,,,,,,,,
mexico-s-experience-under,,claim,Mexico's experience under its strict no-reelection rule shows no reduction in corruption.,,,congressional-term-limits-reduce,,,,,,,,,,,,,,,,,,,,,,
representative-civic-juries-convened,,belief,"Representative civic juries should be convened, online and in person, to deliberate on key legislation.",,democracy-and-rule-of-law,,,,,,,,,,,,,,,,,"Give people facts, time, and structured debate, and democracy actually works.",,,,,Moderate,
civic-juries-replace-shallow,,claim,Civic juries replace shallow opinion polls with deep deliberation.,,,representative-civic-juries-convened,,,,,,,,,,,,,,,,,,,,,,
civic-juries-give-citizens,,claim,"Civic juries give citizens a way to provide structured input continuously, not only at elections.",,,representative-civic-juries-convened,,,,,,,,,,,,,,,,,,,,,,
civic-juries-let-citizens,,claim,Civic juries let citizens participate meaningfully whenever they choose to contribute.,,,representative-civic-juries-convened,,,,,,,,,,,,,,,,,,,,,,
civic-juries-give-randomly,,claim,"Civic juries give randomly selected, demographically representative jurors time, expert briefings, and structured deliberation so they can move from gut reactions to informed judgment.",,,representative-civic-juries-convened,,,,,,,,,,,,,,,,,,,,,,
civic-juries-make-harder,,claim,Civic juries make it harder for elected officials to ignore documented public reasoning.,,,representative-civic-juries-convened,,,,,,,,,,,,,,,,,,,,,,
online-civic-juries-let,,claim,Online civic juries let thousands of people contribute.,,,representative-civic-juries-convened,,,,,,,,,,,,,,,,,,,,,,
online-civic-juries-produce,,claim,Online civic juries produce better collective intelligence by bringing in more perspectives.,,,representative-civic-juries-convened,,,,,,,,,,,,,,,,,,,,,,
broader-representation-gives-civic,,claim,Broader representation gives a civic jury's recommendations greater legitimacy.,,,representative-civic-juries-convened,,,,,,,,,,,,,,,,,,,,,,
civic-juries-aim-transparent,,claim,"Civic juries aim for transparent reasoning rather than consensus, so elected officials and voters can see why people support or oppose policies.",,,representative-civic-juries-convened,,,,,,,,,,,,,,,,,,,,,,
mongolia-used-deliberative-polling,,claim,"Mongolia used deliberative polling to gather public input on constitutional reforms, and Parliament wrote the process into national law as a permanent part of its constitutional amendment process.",,,representative-civic-juries-convened,,,,,,,,,,,,,,,,,,,,,,
ireland-s-citizens-assembly,,claim,"Ireland's Citizens' Assembly of 99 randomly selected citizens deliberated on abortion rights, and a constitutional referendum driven by its recommendations legalized abortion.",,,representative-civic-juries-convened,,,,,,,,,,,,,,,,,,,,,,
ireland-legalized-same-sex,,claim,Ireland legalized same-sex marriage through a constitutional referendum driven by citizen assembly recommendations.,,,representative-civic-juries-convened,,,,,,,,,,,,,,,,,,,,,,
2019-america-one-room,,claim,"In the 2019 America in One Room experiment, political polarization dropped measurably among more than 500 demographically diverse Americans after a weekend of structured deliberation.",,,representative-civic-juries-convened,,,,,,,,,,,,,,,,,,,,,,
2019-america-one-room-2,,claim,"In the 2019 America in One Room experiment, participants' empathy for opposing viewpoints increased after a weekend of structured deliberation.",,,representative-civic-juries-convened,,,,,,,,,,,,,,,,,,,,,,
2019-america-one-room-3,,claim,"In the 2019 America in One Room experiment, participants shifted positions based on evidence rather than tribal loyalty.",,,representative-civic-juries-convened,,,,,,,,,,,,,,,,,,,,,,
2019-america-one-room-4,,claim,"In the 2019 America in One Room experiment, both conservative and liberal participants moderated extreme positions.",,,representative-civic-juries-convened,,,,,,,,,,,,,,,,,,,,,,
ireland-s-2024-referendums,,claim,Ireland's 2024 referendums on family definitions failed despite citizen assembly recommendations.,,,representative-civic-juries-convened,,,,,,,,,,,,,,,,,,,,,,
true-freedom-requires-balancing,,belief,True freedom requires balancing individual liberty with personal responsibility and active civic engagement.,,rights-and-liberty,,,,,,,,,,,,,,,,,"None of the three principles (liberty, responsibility, engagement) works without the others.",,,,,Strong,
liberty-personal-responsibility-civic,,claim,"Liberty, personal responsibility and civic engagement each become distorted when pursued on their own.",,,true-freedom-requires-balancing,,,,,,,,,,,,,,,,,,,,,,
liberty-without-responsibility-turns,,claim,"Liberty without responsibility turns into lawlessness, meaning freedom that contributes nothing and has no connection to other people.",,,true-freedom-requires-balancing,,,,,,,,,,,,,,,,,,,,,,
when-responsibility-cut-loose,,claim,"When responsibility is cut loose from liberty, the slogan ""personal responsibility"" gets used as a weapon to justify privilege and concentrate authority.",,,true-freedom-requires-balancing,,,,,,,,,,,,,,,,,,,,,,
absolute-liberty-without-shared,,claim,Absolute liberty without shared rules produces chaos in which only the powerful thrive.,,,true-freedom-requires-balancing,,,,,,,,,,,,,,,,,,,,,,
public-policy-driven-data,,belief,Public policy should be driven by data and measurable outcomes rather than by ideology.,,evidence-and-process,,,,,,,,,,,,,,,,,"There is a strong case for evidence as a necessary input to policy, and there are significant, legitimate objections to naive data-driven frameworks that ignore values, local knowledge, and data capture. The disagreement is rarely about whether data should matter; it is about which data, who interprets it, and whether ""evidence-based"" is a neutral standard or a rhetorical weapon.",,,,70,Strong,
policies-measurable-outcomes-can,,claim,"Policies with measurable outcomes can be corrected when they fail, and policies without them cannot.",,,public-policy-driven-data,,,,,,,,,,,,,,,,,,,,,,
track-record-ideology-driven,,claim,"The track record of ideology-driven policy, across the political spectrum, is substantially worse than that of evidence-driven alternatives.",,,public-policy-driven-data,,,,,,,,,,,,,,,,,,,,,,
good-policy-ideas-come,,claim,"Good policy ideas come from all parts of the political spectrum, and filtering ideas by ideology discards them.",,,public-policy-driven-data,,,,,,,,,,,,,,,,,,,,,,
when-reasoning-behind-policy,,claim,"When the reasoning behind a policy is laid out openly, with each claim linked to its evidence and the quality of that evidence shown, motivated reasoning becomes visible and can be corrected.",,,public-policy-driven-data,,,,,,,,,,,,,,,,,,,,,,
voters-can-only-hold,,claim,Voters can only hold officials accountable for outcomes they can measure.,,,public-policy-driven-data,,,,,,,,,,,,,,,,,,,,,,
label-evidence-based-regularly,,claim,"The label ""evidence-based"" is regularly used as a rhetorical weapon to favor some kinds of knowledge over others.",,,public-policy-driven-data,,,,,,,,,,,,,,,,,,,,,,
most-major-policy-disagreements,,claim,"Most major policy disagreements are about values rather than facts, and data cannot resolve disputes about values.",,,public-policy-driven-data,,,,,,,,,,,,,,,,,,,,,,
data-driven-policy-systems,,claim,Data-driven policy systems can be captured by the people who generate and control the data.,,,public-policy-driven-data,,,,,,,,,,,,,,,,,,,,,,
measurable-outcomes-create-own,,claim,"Measurable outcomes create their own distortions, because when a measure becomes a target it ceases to be a good measure (Goodhart's Law).",,,public-policy-driven-data,,,,,,,,,,,,,,,,,,,,,,
expert-consensus-has-been,,claim,"Expert consensus has been wrong on important questions, sometimes systematically, so policy frameworks that defer excessively to it build in a systematic lag before correcting errors that independent political pressure might have caught sooner.",,,public-policy-driven-data,,,,,,,,,,,,,,,,,,,,,,
uk-s-national-institute,,claim,"The UK's National Institute for Health and Care Excellence, a standing body that reviews evidence and issues binding recommendations based on cost-effectiveness, is documented to save the NHS about 1.5 billion pounds a year compared with unevaluated adoption of new treatments, while improving patient outcomes.",,,public-policy-driven-data,,,,,,,,,,,,,,,,,,,,,,
education-programs-rated-strong,,claim,"Education programs rated ""strong evidence"" by the U.S. Department of Education's What Works Clearinghouse consistently outperform programs without evidence ratings.",,,public-policy-driven-data,,,,,,,,,,,,,,,,,,,,,,
police-departments-use-data,,claim,"Police departments that use data-driven deployment (crime hotspot analysis and predictive resource allocation) achieve measurably better crime reduction per dollar than departments using traditional patrol methods, with effect sizes of 15 to 30 percent in controlled comparisons.",,,public-policy-driven-data,,,,,,,,,,,,,,,,,,,,,,
cochrane-reviews-meta-analyses,,claim,Cochrane Reviews and meta-analyses of pharmaceutical research consistently find that industry-funded studies produce favorable results at two to three times the rate of independent studies of the same treatments.,,,public-policy-driven-data,,,,,,,,,,,,,,,,,,,,,,
measuring-policy-has-failed,,claim,"Measuring that a policy has failed does not by itself get the policy corrected: crime prevention programs such as D.A.R.E., Scared Straight and boot camps for juvenile offenders showed no effect or harmful effects in rigorous evaluations, yet kept running for decades on political popularity.",,,public-policy-driven-data,,,,,,,,,,,,,,,,,,,,,,
citizens-frustrated-gridlock-ideological,,interest,Citizens frustrated by gridlock and ideological performance need government to solve the problems it says it will solve.,,,,,,,,,"Pragmatism, Accountability",,,,,,,,,,,,,,,,
fiscally-minded-voters-need,,interest,Fiscally minded voters need demonstrated value for government spending.,,,,,,,,,"Stewardship, Accountability",,,,,,,,,,,,,,,,
reform-oriented-politicians-need,,interest,Reform-oriented politicians need an evidence standard to justify cross-partisan positions.,,,,,,,,,Cross-partisan cooperation,,,,,,,,,,,,,,,,
policy-researchers-evaluation-professionals,,interest,"Policy researchers and evaluation professionals need frameworks that validate their expertise, which evidence-based policy does.",,,,,,,,,"Humility about what we know, Professional standing",,,,,,,,,,,,,,,,
organizations-like-idea-stock,,interest,"Organizations like the Idea Stock Exchange need evidence-based norms to be adopted, because the value of their platforms depends on it.",,,,,,,,,"Humility about what we know, Self-interest",,,,,,,,,,,,,,,,
some-supporters-need-evidence,,interest,"Policy analysts at centrist think tanks and technocratic policy advisers need the ""evidence-based"" label to cast centrist or technocratic preferences as the neutral default and opponents as anti-science, which is a positioning move rather than a value.",,,,,,,,,"None (a positioning move, not a value)",,,,,,,,,,,,,,,,
community-advocates-need-policy,,interest,"Community advocates need policy to reflect what matters to the communities it affects, which they doubt quantitative metrics capture.",,,,,,,,,"Subsidiarity, Pluralism about what counts as knowledge",,,,,,,,,,,,,,,,
voters-representatives-need-value,,interest,Voters and representatives need value choices to stay with the electorate rather than with whoever runs the evaluation.,,,,,,,,,Democratic legitimacy,,,,,,,,,,,,,,,,
politicians-whose-brand-ideological,,interest,Politicians whose brand is ideological clarity rather than pragmatic problem-solving need to keep that brand intact.,,,,,,,,,Integrity (as consistency),,,,,,,,,,,,,,,,
interest-groups-whose-programs,,interest,Interest groups whose programs survive on political relationships need those programs to be judged on relationships rather than on demonstrated outcomes.,,,,,,,,,Self-preservation,,,,,,,,,,,,,,,,
ideological-partisans-whose-preferred,,interest,"Ideological partisans whose preferred policies fare poorly under evidence scrutiny, and people who benefit from the current opacity of policy reasoning, need that scrutiny kept away from their programs.",,,,,,,,,Loyalty (to faction),,,,,,,,,,,,,,,,
some-opponents-need-invoke,,interest,"Directors of nonprofit and government programs whose funding depends on ideologically committed donors or legislators need to invoke the idea that many kinds of knowledge count, or democratic legitimacy, to shield a program from any evaluation at all, which is ideological or donor protection dressed as principle.",,,,,,,,,None (ideological or donor protection dressed as principle),,,,,,,,,,,,,,,,
federal-programs-covered-2018,,claim,Federal programs covered by the 2018 Evidence Act's evaluation requirements are discontinued or redesigned after poor evaluations at higher rates than comparable programs were before the Act.,,,public-policy-driven-data,,,,,,,,,,,,,,,,,,,,,,
programs-pre-registered-outcome,,claim,Programs with pre-registered outcome metrics show smaller gaps between claimed and independently measured results than programs whose metrics were defined after launch.,,,public-policy-driven-data,,,,,,,,,,,,,,,,,,,,,,
matched-comparison-over-decade,,claim,"In a matched comparison over a decade, programs selected by evidence review outperform programs selected by political popularity in the same domain, on outcomes both sides named in advance.",,,public-policy-driven-data,,,,,,,,,,,,,,,,,,,,,,
agencies-under-statutory-evaluation,,claim,"Agencies under a statutory evaluation mandate discontinue or redesign evaluated failures at measurably higher rates than before the mandate, as shown in audit records rather than agency self-reports.",,,public-policy-driven-data,,,,,,,,,,,,,,,,,,,,,,
within-five-years-metric,,claim,"Within five years of a metric becoming a funding condition, the metric improves while the underlying outcome it was meant to track does not.",,,public-policy-driven-data,,,,,,,,,,,,,,,,,,,,,,
documented-case-shows-metrics,,claim,"A documented case shows a metrics-driven regime producing worse results on the outcome that mattered than the ideology-driven regime it replaced, with the Goodhart mechanism traced rather than assumed.",,,public-policy-driven-data,,,,,,,,,,,,,,,,,,,,,,
evidence-review-body-nice,,claim,An evidence-review body of the NICE type is shown to have been steered by industry-generated evidence into decisions with worse patient or fiscal outcomes than the unevaluated baseline.,,,public-policy-driven-data,,,,,,,,,,,,,,,,,,,,,,
america-strengthen-its-global,,belief,"America should strengthen its global leadership by modeling a strong, functioning democracy at home.",,evidence-and-process,,,,,,,,,,,,,,,,,"There is strong evidence that domestic democratic dysfunction damages America's global credibility, and moderate evidence that credibility is the deciding factor in whether alliances last.",,,,75,Moderate,
credibility-its-democratic-model,,claim,The credibility of its democratic model is America's primary geopolitical asset.,,,america-strengthen-its-global,,,,,,,,,,,,,,,,,,,,,,
january-6-2021-attack,,claim,"The January 6, 2021 attack on the Capitol produced measurable, documented damage to U.S. diplomatic credibility.",,,america-strengthen-its-global,,,,,,,,,,,,,,,,,,,,,,
alliances-last-longer-when,,claim,Alliances last longer when they are built on shared values than when they are built on transactional interests alone.,,,america-strengthen-its-global,,,,,,,,,,,,,,,,,,,,,,
alternative-u-s-democratic,,claim,"The alternative to U.S. democratic leadership is not a neutral vacuum but Chinese and Russian influence, which fills the space when the United States retreats from democratic credibility.",,,america-strengthen-its-global,,,,,,,,,,,,,,,,,,,,,,
domestic-democratic-institutions-such,,claim,"Domestic democratic institutions such as a free press, an independent judiciary, and peaceful transfers of power are what set U.S. leadership claims apart from those of any other powerful country.",,,america-strengthen-its-global,,,,,,,,,,,,,,,,,,,,,,
u-s-global-leadership,,claim,U.S. global leadership has always coexisted with serious domestic democratic failures without losing its effectiveness.,,,america-strengthen-its-global,,,,,,,,,,,,,,,,,,,,,,
many-countries-value-u,,claim,"Many countries that value U.S. partnership do not share or prioritize its democratic values, and do not need to.",,,america-strengthen-its-global,,,,,,,,,,,,,,,,,,,,,,
freedom-house-s-freedom,,claim,"Freedom House's Freedom in the World 2024 report, covering 195 countries, documents an 18th consecutive year of global democratic decline and finds that authoritarian governments explicitly cite U.S. democratic failures to justify their own practices.",,,america-strengthen-its-global,,,,,,,,,,,,,,,,,,,,,,
pew-research-global-attitudes,,claim,"Pew Research Global Attitudes surveys from 2021 through 2023 documented measurable declines in allied publics' confidence in U.S. democracy after January 6, with partial recovery by 2023, and a direct correlation between views of U.S. democratic health and willingness to support U.S.-led global initiatives.",,,america-strengthen-its-global,,,,,,,,,,,,,,,,,,,,,,
finding-democracies-rarely-go,,claim,"The finding that democracies rarely go to war with each other is the most consistently replicated result in international relations research, replicated across hundreds of studies since Doyle (1983) and Russett (1993).",,,america-strengthen-its-global,,,,,,,,,,,,,,,,,,,,,,
2022-carnegie-endowment-analysis,,claim,"A 2022 Carnegie Endowment analysis found significant, measurable effects of U.S. domestic democratic performance on its capacity to build and maintain democratic coalitions abroad.",,,america-strengthen-its-global,,,,,,,,,,,,,,,,,,,,,,
nato-remained-cohesive-through,,claim,"NATO remained cohesive through Watergate, the Vietnam War, and the Iraq War, all severe blows to U.S. democratic credibility.",,,america-strengthen-its-global,,,,,,,,,,,,,,,,,,,,,,
roughly-70-u-s,,claim,Roughly 70% of U.S.-supported transitions to democracy since 1980 have failed or regressed within 10 years.,,,america-strengthen-its-global,,,,,,,,,,,,,,,,,,,,,,
allied-nations-need-u,,interest,"Allied nations need the U.S. to stay committed to democratic norms, because their security depends on it.",,,,,,,,,,,,,,,,,,,,,,,,,
democracy-advocates-ngos-need,,interest,Democracy advocates and NGOs need U.S. credibility to advance democratic norms around the world.,,,,,,,,,,,,,,,,,,,,,,,,,
u-s-foreign-policy,,interest,The U.S. foreign policy establishment needs the democratic leadership it built its institutional identity on.,,,,,,,,,,,,,,,,,,,,,,,,,
citizens-countries-under-authoritarian,,interest,Citizens of countries under authoritarian pressure need a U.S. democracy they can look to as a reference point.,,,,,,,,,,,,,,,,,,,,,,,,,
u-s-businesses-investors,,interest,"U.S. businesses and investors need the rule-of-law environments that democracy tends to produce, because they benefit from them.",,,,,,,,,,,,,,,,,,,,,,,,,
isolationists-need-fewer-u,,interest,"Isolationists need fewer U.S. global commitments, whatever the health of democracy at home.",,,,,,,,,,,,,,,,,,,,,,,,,
some-partisans-need-significance,,interest,"Some partisans need the significance of January 6 and democratic backsliding kept small, because minimizing it benefits their domestic political position.",,,,,,,,,,,,,,,,,,,,,,,,,
some-countries-including-allies,,interest,"Some countries, including allies, need less U.S. democratic activism, because that activism complicates their own domestic politics.",,,,,,,,,,,,,,,,,,,,,,,,,
we-make-america-dominant,,belief,"We should make America the dominant energy producer in the world, by far.",,energy,,,,,,,,,,,,,,,,,,,,,,Strong,
making-america-dominant-energy,,claim,"Making America the dominant energy producer would create jobs in energy production, distribution, and infrastructure.",,,we-make-america-dominant,,,,,,,,,,,,,,,,,,,,,,
becoming-dominant-energy-producer,,claim,Becoming the dominant energy producer would raise American GDP through domestic and international energy sales.,,,we-make-america-dominant,,,,,,,,,,,,,,,,,,,,,,
dominant-american-energy-production,,claim,Dominant American energy production would reduce reliance on foreign oil and energy imports.,,,we-make-america-dominant,,,,,,,,,,,,,,,,,,,,,,
dominant-domestic-energy-production,,claim,Dominant domestic energy production would shield the American economy from swings in global energy prices.,,,we-make-america-dominant,,,,,,,,,,,,,,,,,,,,,,
energy-exports-dominant-american,,claim,Energy exports from a dominant American energy sector would strengthen alliances and weaken adversaries.,,,we-make-america-dominant,,,,,,,,,,,,,,,,,,,,,,
being-dominant-energy-producer,,claim,Being the dominant energy producer allows the United States to control energy pricing and policy.,,,we-make-america-dominant,,,,,,,,,,,,,,,,,,,,,,
pursuing-energy-dominance-drive,,claim,"Pursuing energy dominance would drive innovation in renewable energy, batteries, and fossil fuel technologies.",,,we-make-america-dominant,,,,,,,,,,,,,,,,,,,,,,
energy-dominance-position-united,,claim,Energy dominance would position the United States as a leader in the green energy transition.,,,we-make-america-dominant,,,,,,,,,,,,,,,,,,,,,,
american-energy-dominance-built,,claim,American energy dominance built on innovation in renewable energy technologies could reduce the world's dependence on fossil fuels.,,,we-make-america-dominant,,,,,,,,,,,,,,,,,,,,,,
american-energy-dominance-provide,,claim,American energy dominance would provide global energy stability and reduce energy poverty.,,,we-make-america-dominant,,,,,,,,,,,,,,,,,,,,,,
american-energy-dominance-strategy,,claim,An American energy dominance strategy built on over-reliance on fossil fuels would increase greenhouse gas emissions and worsen climate change.,,,we-make-america-dominant,,,,,,,,,,,,,,,,,,,,,,
expanding-energy-extraction-infrastructure,,claim,Expanding energy extraction and infrastructure to make America the dominant energy producer would damage the environment.,,,we-make-america-dominant,,,,,,,,,,,,,,,,,,,,,,
flooding-global-markets-u,,claim,Flooding global markets with U.S. energy could harm international relationships and destabilize economies that depend on energy exports.,,,we-make-america-dominant,,,,,,,,,,,,,,,,,,,,,,
prioritizing-american-energy-dominance,,claim,Prioritizing American energy dominance may harm cooperative global efforts to fight climate change.,,,we-make-america-dominant,,,,,,,,,,,,,,,,,,,,,,
overproducing-energy-pursuit-american,,claim,"Overproducing energy in pursuit of American energy dominance could use up non-renewable resources faster than necessary, leaving future generations at a disadvantage.",,,we-make-america-dominant,,,,,,,,,,,,,,,,,,,,,,
expanding-fossil-fuel-production,,claim,Expanding fossil fuel production to achieve American energy dominance is unethical because of the environmental damage it causes.,,,we-make-america-dominant,,,,,,,,,,,,,,,,,,,,,,
building-energy-infrastructure-american,,claim,"Building energy infrastructure for American energy dominance can displace communities, which raises human rights concerns.",,,we-make-america-dominant,,,,,,,,,,,,,,,,,,,,,,
american-energy-dominance-speed,,claim,"American energy dominance would speed up climate change and the loss of biodiversity, which harms people around the world.",,,we-make-america-dominant,,,,,,,,,,,,,,,,,,,,,,
economic-benefits-american-energy,,claim,The economic benefits of American energy dominance may disproportionately favor corporations over citizens.,,,we-make-america-dominant,,,,,,,,,,,,,,,,,,,,,,
supporters-need-economic-gains,,interest,"Workers and small-business owners in oil, gas, and coal towns need the economic gains that come from more jobs and revenue.",,,,,,,,,,,,,,,,,,,,,,,,,
supporters-need-stronger-national,,interest,U.S. diplomats and military planners who bargain with oil and gas exporters need stronger national security and greater influence in world affairs.,,,,,,,,,,,,,,,,,,,,,,,,,
supporters-need-united-states,,interest,Engineers and researchers at American energy companies and national laboratories need the United States to lead innovation in the energy sector.,,,,,,,,,,,,,,,,,,,,,,,,,
opponents-need-environmental-protection,,interest,"Families living near drilling sites, refineries, and pipelines need environmental protection and sustainable development.",,,,,,,,,,,,,,,,,,,,,,,,,
opponents-need-global-cooperation,,interest,Residents of low-lying coastal communities facing rising seas need global cooperation on energy and climate issues.,,,,,,,,,,,,,,,,,,,,,,,,,
america-invest-energy-research,,belief,America should invest in energy research.,,energy,,,,,,,,,,,,,,,,,"The security and public-goods arguments for research investment outweigh the fiscal and government-failure arguments against it, but the margin depends on program design: the case holds only for milestone-accountable research, not for deployment subsidies.",,,,35,Moderate,
reducing-america-s-dependence,,claim,Reducing America's dependence on energy from hostile exporters directly cuts off a funding stream for regimes and groups that finance instability and extremism.,,,america-invest-energy-research,,,,,,,,,,,,,,,,,,,,,,
mastering-next-generation-energy,,claim,"Mastering next-generation energy technologies such as fusion, advanced storage and new nuclear positions the United States as the dominant exporter of the technologies that will power the global economy for the rest of this century.",,,america-invest-energy-research,,,,,,,,,,,,,,,,,,,,,,
energy-research-deserves-higher,,claim,"Energy research deserves a higher survival priority than other discretionary research budgets during periods of high debt, because its returns directly address two of the largest drains on national resources: military commitments tied to oil-producing regions and the long-term cost of energy itself.",,,america-invest-energy-research,,,,,,,,,,,,,,,,,,,,,,
federal-government-has-repeatedly,,claim,"The federal government has repeatedly produced transformative technology through directed investment when the strategic stakes were high and private returns alone could not attract enough capital, as with the Manhattan Project, the Apollo program, DARPA and the interstate highway system.",,,america-invest-energy-research,,,,,,,,,,,,,,,,,,,,,,
united-states-cannot-responsibly,,claim,The United States cannot responsibly add new spending programs while national debt as a share of the economy (the debt-to-GDP ratio) is at historically high levels and interest payments consume a growing share of the federal budget.,,,america-invest-energy-research,,,,,,,,,,,,,,,,,,,,,,
public-spending-energy-research,,claim,"Public spending on energy research may reduce private investment by signaling that government will bear the risk, subsidize incumbent firms, and distort the process of choosing which energy technologies to develop.",,,america-invest-energy-research,,,,,,,,,,,,,,,,,,,,,,
federal-energy-research-programs,,claim,"Federal energy research programs get captured by constituencies and keep funding technologies that have failed commercially, because canceling them is politically costly.",,,america-invest-energy-research,,,,,,,,,,,,,,,,,,,,,,
when-government-picks-which,,claim,"When government picks which energy technologies to fund, it freezes the field around the political priorities of the moment instead of letting market competition find the lowest-cost path.",,,america-invest-energy-research,,,,,,,,,,,,,,,,,,,,,,
historical-returns-public-energy,,claim,Historical returns on public energy research investment exceeded cost across multiple technology categories from 1978 to 2020.,,,america-invest-energy-research,,,,,,,,,,,,,,,,,,,,,,
increases-domestic-energy-production,,claim,Increases in domestic energy production correlate with improvement in the U.S. trade balance.,,,america-invest-energy-research,,,,,,,,,,,,,,,,,,,,,,
petrodollar-revenues-flow-into,,claim,Petrodollar revenues flow into instability and extremist financing through documented pathways.,,,america-invest-energy-research,,,,,,,,,,,,,,,,,,,,,,
arpa-e-program-evaluations,,claim,"ARPA-E program evaluations document that its investment has produced multiple commercially deployed technologies, measured against the dollars invested.",,,america-invest-energy-research,,,,,,,,,,,,,,,,,,,,,,
current-national-debt-interest,,claim,Current national debt and interest payment projections constrain new discretionary spending.,,,america-invest-energy-research,,,,,,,,,,,,,,,,,,,,,,
private-venture-capital-outperforms,,claim,Private venture capital outperforms government programs on technology selection accuracy and time to commercialization.,,,america-invest-energy-research,,,,,,,,,,,,,,,,,,,,,,
shale-revolution-largest-u,,claim,"The shale revolution, the largest U.S. energy production increase in history, was driven by private investment and horizontal drilling, not by government research programs.",,,america-invest-energy-research,,,,,,,,,,,,,,,,,,,,,,
defense-national-security-establishment,,interest,The defense and national security establishment needs energy independence to reduce military exposure in oil-producing regions.,,,,,,,,,National security,,,,,,,,,,,,,,,,
citizens-industries-need-relief,,interest,Citizens and industries need relief from energy price volatility.,,,,,,,,,Prosperity / lower cost of living,,,,,,,,,,,,,,,,
domestic-energy-technology-manufacturers,,interest,Domestic energy technology manufacturers and their workers need economic opportunity.,,,,,,,,,Economic opportunity,,,,,,,,,,,,,,,,
universities-national-laboratories-need,,interest,Universities and national laboratories need research funding.,,,,,,,,,Scientific progress,,,,,,,,,,,,,,,,
climate-policy-advocates-need,,interest,"Climate policy advocates need the path to decarbonization with the least conflict, and they see energy research as that path.",,,,,,,,,Stewardship,,,,,,,,,,,,,,,,
fiscal-hawks-deficit-reduction,,interest,Fiscal hawks and deficit reduction advocates need to block any new discretionary spending.,,,,,,,,,Fiscal responsibility,,,,,,,,,,,,,,,,
principled-free-market-advocates,,interest,Principled free-market advocates need government kept out of choosing technologies.,,,,,,,,,Free-market efficiency / limited government,,,,,,,,,,,,,,,,
taxpayers-need-assurance-documented,,interest,Taxpayers need assurance that documented program failures will not be repeated.,,,,,,,,,Government accountability,,,,,,,,,,,,,,,,
technology-categories-receive-milestone,,claim,Technology categories that receive milestone-based federal research funding will reach commercial deployment at higher rates than matched unfunded categories.,,,america-invest-energy-research,,,,,,,,,,,,,,,,,,,,,,
private-research-investment-will,,claim,"Private research investment will visibly retreat from categories announced for public funding, and energy technology progress will be indistinguishable between funded and unfunded categories.",,,america-invest-energy-research,,,,,,,,,,,,,,,,,,,,,,
we-give-our-outdated,,belief,We should give our outdated weapons to democratic allies trying to defend their territory.,,military,,,,,,,,,,,,,,,,,,,,,,Moderate,
we-prevent-genocide-protect,,claim,"We should prevent genocide and protect civilian populations by improving our allies' defense, when the benefit to our ally is much greater than the value of the outdated equipment.",,,we-give-our-outdated,,,,,,,,,,,,,,,,,,,,,,
we-support-democracies-under,,claim,We should support democracies under siege when doing so deters future aggression and reinforces international norms without requiring significant new spending.,,,we-give-our-outdated,,,,,,,,,,,,,,,,,,,,,,
surplus-defense-systems-donated,,claim,Surplus defense systems should be donated when responsible local actors can use them to uphold sovereignty and minimize civilian harm.,,,we-give-our-outdated,,,,,,,,,,,,,,,,,,,,,,
we-give-military-aid,,claim,"We should not give military aid to an ally when the symbolic or strategic consequences, such as provoking a nuclear power, pose a greater risk than the benefits to that ally.",,,we-give-our-outdated,,,,,,,,,,,,,,,,,,,,,,
we-intervene-foreign-wars,,claim,We should not intervene in foreign wars unless there is direct evidence that our aid will not prolong the conflict or cause civilian blowback.,,,we-give-our-outdated,,,,,,,,,,,,,,,,,,,,,,
exporting-weapons-without-long,,claim,Exporting weapons without long-term accountability plans is unwise because those weapons may later fuel instability or repression.,,,we-give-our-outdated,,,,,,,,,,,,,,,,,,,,,,
russian-war-crimes-ukraine,,claim,Russian war crimes in Ukraine have been documented.,,,we-give-our-outdated,,,,,,,,,,,,,,,,,,,,,,
u-s-military-aid,,claim,"U.S. military aid has been effective in past conflicts, such as the WWII Lend-Lease program.",,,we-give-our-outdated,,,,,,,,,,,,,,,,,,,,,,
weapons-sent-conflict-zones,,claim,Weapons sent to conflict zones have been reported diverted from their intended recipients.,,,we-give-our-outdated,,,,,,,,,,,,,,,,,,,,,,
supporters-need-democratic-values,,interest,Ukrainians and Taiwanese living under the threat of invasion need democratic values and national sovereignty to be upheld worldwide.,,,,,,,,,,,,,,,,,,,,,,,,,
supporters-need-genocidal-outcomes,,interest,Civilians living in towns near the front lines of an invasion need genocidal outcomes prevented and civilians protected.,,,,,,,,,,,,,,,,,,,,,,,,,
supporters-need-global-balance,,interest,"Estonians, Latvians, Lithuanians, and Poles living next door to Russia need the global balance of power maintained and authoritarian expansion deterred.",,,,,,,,,,,,,,,,,,,,,,,,,
opponents-need-avoid-military,,interest,Enlisted American soldiers and their families need to avoid military escalation and entanglement in foreign wars.,,,,,,,,,,,,,,,,,,,,,,,,,
opponents-need-national-resources,,interest,American taxpayers who foot the bill for weapons transfers need national resources focused at home rather than on international causes.,,,,,,,,,,,,,,,,,,,,,,,,,
opponents-need-avoid-unintended,,interest,"Civilians in countries neighboring the war zone, where diverted arms tend to resurface, need to avoid unintended consequences and misuse of military aid.",,,,,,,,,,,,,,,,,,,,,,,,,
strong-america-good-planet,,belief,A strong America is good for the planet.,,military,,,,,,,,,,,,,,,,,,,,,85,Strong,
credible-u-s-deterrence,,claim,"Credible U.S. deterrence discourages aggression, and visible U.S. retreat has come before major invasions, as when Russia's 2022 invasion of Ukraine followed a widely perceived U.S. and NATO retreat from Afghanistan.",,,strong-america-good-planet,,,,,,,,,,,,,,,,,,,,,,
u-s-military-economic,,claim,"U.S. military and economic power was decisive in defeating the three totalitarian projects of the 20th century: Nazi Germany, Imperial Japan, and, at the end of the Cold War, the Soviet Union.",,,strong-america-good-planet,,,,,,,,,,,,,,,,,,,,,,
unlike-earlier-dominant-powers,,claim,"Unlike earlier dominant powers, the United States has not annexed foreign territory to expand its own borders after its wars, and its postwar goals have centered on market access and regional stability rather than colonization.",,,strong-america-good-planet,,,,,,,,,,,,,,,,,,,,,,
when-united-states-pulls,,claim,"When the United States pulls back from a region, rival authoritarian powers rather than peace have historically filled the vacuum, as with Russian and Iranian expansion into the space left by reduced U.S. presence in Syria.",,,strong-america-good-planet,,,,,,,,,,,,,,,,,,,,,,
interventions-justified-u-s,,claim,"Interventions justified by U.S. strength have repeatedly produced long-term instability instead of the promised order, as in Vietnam, the 2003 Iraq War, and the 2011 Libya intervention.",,,strong-america-good-planet,,,,,,,,,,,,,,,,,,,,,,
preserve-regional-order-united,,claim,"To preserve regional order, the United States has armed, funded, or diplomatically shielded authoritarian governments against their own populations, such as Gulf monarchies and Cold War-era Latin American juntas.",,,strong-america-good-planet,,,,,,,,,,,,,,,,,,,,,,
sustained-trillion-dollar-scale,,claim,"Sustained, trillion-dollar-scale U.S. global military commitments compete directly with domestic investment in infrastructure, health care, and education.",,,strong-america-good-planet,,,,,,,,,,,,,,,,,,,,,,
u-s-backed-security,,claim,"The U.S.-backed security order is one contested cause, alongside nuclear deterrence and economic interdependence, of the historically unusual absence of any direct war between great powers since 1945.",,,strong-america-good-planet,,,,,,,,,,,,,,,,,,,,,,
u-s-navy-has,,claim,"The U.S. Navy has patrolled major global shipping lanes for decades, a public good widely credited with supporting globalization and poverty reduction.",,,strong-america-good-planet,,,,,,,,,,,,,,,,,,,,,,
after-1953-u-s,,claim,"After 1953, a U.S.-protected democratic South Korea and a famine-prone autocratic North Korea diverged sharply on every major human-development measure.",,,strong-america-good-planet,,,,,,,,,,,,,,,,,,,,,,
2003-u-s-intervention,,claim,"The 2003 U.S. intervention in Iraq destabilized the region and contributed to the rise of ISIS, with death-toll estimates ranging widely, from roughly 200,000 documented violent deaths (Iraq Body Count) to over 650,000 excess deaths (2006 Lancet study).",,,strong-america-good-planet,,,,,,,,,,,,,,,,,,,,,,
declassified-records-document-cia,,claim,"Declassified records document CIA funding and training of Afghan Mujahideen fighters in the 1980s, a program that contributed to the conditions from which Al-Qaeda later emerged.",,,strong-america-good-planet,,,,,,,,,,,,,,,,,,,,,,
supporters-need-national-security-2,,interest,"Taiwanese, South Koreans, and residents of the Baltic states need national security guaranteed by forward deterrence and credible alliances.",,,,,,,,,,,,,,,,,,,,,,,,,
supporters-need-open-predictable,,interest,"American farmers who export grain and soybeans, U.S. manufacturers who sell abroad, and merchant shipping crews need open, predictable global trade routes and markets for U.S. goods and investment.",,,,,,,,,,,,,,,,,,,,,,,,,
supporters-need-rival-authoritarian,,interest,"Taiwanese, Ukrainians, and Israelis need rival authoritarian powers (China, Russia, Iran) kept from dominating their regions.",,,,,,,,,,,,,,,,,,,,,,,,,
opponents-need-fewer-u,,interest,"Enlisted service members, military spouses and children, and American taxpayers need fewer U.S. troop casualties and less financial exposure in conflicts far from U.S. borders.",,,,,,,,,,,,,,,,,,,,,,,,,
opponents-need-federal-spending,,interest,"Medicaid patients, public school students and teachers, and commuters who rely on aging roads and transit need federal spending directed toward domestic priorities such as infrastructure, health care, and education.",,,,,,,,,,,,,,,,,,,,,,,,,
opponents-need-avoid-entanglement,,interest,Americans wary of foreign entanglements need their country kept clear of complicity in human-rights abuses by allied and client states.,,,,,,,,,,,,,,,,,,,,,,,,,
homelessness-crime-low-mass,,belief,"Homelessness, crime, and low mass transit use in cities like Denver are holding back urban density.",,cities,,,,,,,,,,,,,,,,,"Addressing homelessness, crime, and underused public transit together is essential to promoting urban density and meeting environmental goals in Denver.",,,,,Moderate,
high-rates-homelessness-crime,,claim,"High rates of homelessness and crime in downtown Denver have increased commercial vacancies, making urban living less attractive and working against efforts to promote density.",,,homelessness-crime-low-mass,,,,,,,,,,,,,,,,,,,,,,
environmental-advocates-need-less,,interest,Environmental advocates need less urban sprawl and more sustainable living.,,,,,,,,,,,,,,,,,,,,,,,,,
urban-planners-need-efficient,,interest,"Urban planners need efficient, livable city spaces.",,,,,,,,,,,,,,,,,,,,,,,,,
public-transit-authorities-need,,interest,Public transit authorities need higher ridership to justify their investments and to reduce traffic congestion.,,,,,,,,,,,,,,,,,,,,,,,,,
residents-concerned-about-safety,,interest,"Residents concerned about safety need crime and homelessness addressed, and may oppose densification that does not address them.",,,,,,,,,,,,,,,,,,,,,,,,,
students-failing-schools-able,,belief,Students in failing schools should be able to exercise school choice.,,k-12,,,,,,,,,,,,,,,,,,,,,,Moderate,
fair-poor-kids-have,,claim,It is not fair that poor kids have no option but to go to failing schools.,,,students-failing-schools-able,,,,,,,,,,,,,,,,,,,,,,
parents-students-need-better,,interest,Parents and students need better educational opportunities.,,,,,,,,,,,,,,,,,,,,,,,,,
advocates-market-based-solutions,,interest,"Parents of children assigned to failing public schools need schools to face competition, which they believe can improve school quality.",,,,,,,,,,,,,,,,,,,,,,,,,
charter-private-school-administrators,,interest,"Charter and private school administrators need enrollment and funding, which they stand to gain from school choice.",,,,,,,,,,,,,,,,,,,,,,,,,
public-school-advocates-educators,,interest,Public school advocates and educators need funds to stay in public schools rather than be diverted elsewhere.,,,,,,,,,,,,,,,,,,,,,,,,,
critics-segregation-inequality-need,,interest,"Low-income families whose children stay behind in the neighborhood public school need educational disparities not to grow, and they argue that school choice can make those disparities worse.",,,,,,,,,,,,,,,,,,,,,,,,,
supporters-community-based-solutions,,interest,Teachers and staff at failing neighborhood schools need schools to be improved through more funding and community involvement rather than through alternatives that might only benefit a few.,,,,,,,,,,,,,,,,,,,,,,,,,
america-encourage-legal-immigration,,belief,America should encourage legal immigration.,,immigration,,,,,,,,,,,,,,,,,"The talent, growth, and rule-of-law arguments for encouraging legal immigration outweigh the wage and fiscal concerns, which bear mostly on who is selected, how fast, and how the program is designed rather than on whether legal channels should be encouraged at all.",,,,60,Moderate,
working-legal-immigration-system,,claim,"A working legal immigration system lets America turn its unmatched worldwide pull on ambitious people into founders, workers, and citizens.",,,america-encourage-legal-immigration,,,,,,,,,,,,,,,,,,,,,,
america-streamline-its-legal,,claim,"America should streamline its legal immigration system to recruit and retain highly skilled workers, because every engineer, physician, or founder turned away by backlogs and process friction is productive capacity transferred directly to competitor economies.",,,america-encourage-legal-immigration,,,,,,,,,,,,,,,,,,,,,,
encouraging-legal-immigration-half,,claim,"Encouraging legal immigration is half of ending illegal immigration, because a generous, working legal pathway and a secure border work together rather than replace each other: when the legal line actually moves, migrants join it and enforcement regains public legitimacy.",,,america-encourage-legal-immigration,,,,,,,,,,,,,,,,,,,,,,
welcoming-best-brightest-international,,claim,"Welcoming the best and brightest international students to American universities benefits America, because those who stay found companies and file patents and those who return home carry American ties, training, and norms with them.",,,america-encourage-legal-immigration,,,,,,,,,,,,,,,,,,,,,,
native-birth-rates-below,,claim,"With native birth rates below replacement, legal immigration is the main policy tool that keeps the workforce growing, the dependency ratio manageable, and entitlement programs solvent.",,,america-encourage-legal-immigration,,,,,,,,,,,,,,,,,,,,,,
increased-labor-supply-immigration,,claim,"Increased labor supply from immigration can depress wages and employment for native workers in directly exposed occupations, particularly workers without a high school degree, and for earlier immigrant groups, who are the closest labor-market substitutes for new arrivals.",,,america-encourage-legal-immigration,,,,,,,,,,,,,,,,,,,,,,
first-generation-immigrants-low,,claim,"First-generation immigrants with low education levels impose net fiscal costs on state and local governments for schooling and health services, and those costs land on specific communities even where the long-run federal ledger is positive.",,,america-encourage-legal-immigration,,,,,,,,,,,,,,,,,,,,,,
pace-admissions-can-outrun,,claim,"The pace of admissions can outrun the capacity of housing, schools, and civic institutions to absorb newcomers, and that strain erodes the public support any durable immigration policy depends on.",,,america-encourage-legal-immigration,,,,,,,,,,,,,,,,,,,,,,
nearly-half-fortune-500,,claim,Nearly half of Fortune 500 companies were founded by immigrants or their children.,,,america-encourage-legal-immigration,,,,,,,,,,,,,,,,,,,,,,
long-run-fiscal-contribution,,claim,"The long-run fiscal contribution of the average recent immigrant is positive, and the second generation is among the strongest net contributors of any group.",,,america-encourage-legal-immigration,,,,,,,,,,,,,,,,,,,,,,
percentage-point-increase-share,,claim,A percentage-point increase in the share of immigrant college graduates measurably raises patents per capita.,,,america-encourage-legal-immigration,,,,,,,,,,,,,,,,,,,,,,
international-students-contribute-tens,,claim,International students contribute tens of billions of dollars per year to the U.S. economy and support hundreds of thousands of jobs.,,,america-encourage-legal-immigration,,,,,,,,,,,,,,,,,,,,,,
during-bracero-era-expansions,,claim,"During the Bracero era, expansions of the legal guest-worker channel coincided with sharp declines in unauthorized crossings, and ending the program coincided with their rebound.",,,america-encourage-legal-immigration,,,,,,,,,,,,,,,,,,,,,,
first-generation-immigrants-especially,,claim,"First-generation immigrants, especially those with less than a high school education, are a net fiscal cost at the state and local level.",,,america-encourage-legal-immigration,,,,,,,,,,,,,,,,,,,,,,
reanalysis-mariel-boatlift-finds,,claim,A reanalysis of the Mariel boatlift finds wage declines for the least-educated native workers in the receiving labor market.,,,america-encourage-legal-immigration,,,,,,,,,,,,,,,,,,,,,,
immigration-concentrates-population-growth,,claim,"Immigration concentrates population growth in metro areas where housing supply is constrained, adding pressure to housing costs.",,,america-encourage-legal-immigration,,,,,,,,,,,,,,,,,,,,,,
consensus-estimates-find-immigration,,claim,"Consensus estimates find that immigration's overall effect on native wages is small, and that the effect it does have falls mainly on prior immigrants and workers without a high school degree.",,,america-encourage-legal-immigration,,,,,,,,,,,,,,,,,,,,,,
employers-technology-firms-need,,interest,Employers and technology firms need workers across the whole range of skill levels.,,,,,,,,,Opportunity / prosperity,,,,,,,,,,,,,,,,
immigrant-families-need-reunite,,interest,Immigrant families need to reunite through lawful channels.,,,,,,,,,Family,,,,,,,,,,,,,,,,
universities-need-recruit-international,,interest,Universities need to recruit international students and researchers.,,,,,,,,,Knowledge / excellence,,,,,,,,,,,,,,,,
entitlement-demographic-planners-need,,interest,Entitlement and demographic planners need a growing base of contributors.,,,,,,,,,Stewardship / solvency,,,,,,,,,,,,,,,,
citizens-who-see-being,,interest,Citizens who see being a nation of immigrants as core to American identity need that national identity respected.,,,,,,,,,National identity,,,,,,,,,,,,,,,,
some-employers-who-say,,interest,Some employers who say they need workers to fill a talent shortage actually need cheaper labor to hold down wages.,,,,,,,,,,,,,,,,,,,,,,,,,
workers-occupations-directly-exposed,,interest,Workers in occupations directly exposed to new labor supply need economic security.,,,,,,,,,Economic security,,,,,,,,,,,,,,,,
taxpayers-states-bearing-concentrated,,interest,Taxpayers in states bearing concentrated schooling and service costs need fiscal responsibility.,,,,,,,,,Fiscal responsibility,,,,,,,,,,,,,,,,
residents-high-arrival-communities,,interest,Residents of high-arrival communities need housing and local institutions that are not overstrained.,,,,,,,,,Social cohesion,,,,,,,,,,,,,,,,
enforcement-first-advocates-need,,interest,Enforcement-first advocates need proven border control before any expansion of legal immigration.,,,,,,,,,Rule of law,,,,,,,,,,,,,,,,
countries-expand-streamlined-skilled,,claim,"Countries that expand streamlined skilled-immigration systems, such as Canada's Express Entry and Australia's points system, will capture startups and researchers that U.S. process friction turns away.",,,america-encourage-legal-immigration,,,,,,,,,,,,,,,,,,,,,,
u-s-metro-areas,,claim,"U.S. metro areas receiving larger legal immigrant inflows will show worse native wage and employment trends than comparable metros, after standard controls.",,,america-encourage-legal-immigration,,,,,,,,,,,,,,,,,,,,,,
america-streamline-system-recruit,,belief,America should streamline the system to recruit and retain highly skilled workers.,,immigration,,,,,,,,,,,,,,,,,"The talent and retention arguments outscore the objections about employer bargaining power over pay and about fairness, but those objections target the current visa design rather than skilled recruitment itself: awarding visas by wage and letting visa holders change employers would answer most of the con side without touching the goal.",,,,50,Moderate,
more-smart-people-america,,claim,"The more smart people America can attract, the better its future, because highly skilled immigrants raise innovation, productivity, and the tax base, and each one recruited here is one not building a competitor's economy.",,,america-streamline-system-recruit,,,,,,,,,,,,,,,,,,,,,,
highly-skilled-immigrants-create,,claim,"Highly skilled immigrants create jobs by founding firms, filing patents, and expanding demand for the workers around them, so they complement American workers far more than they replace them.",,,america-streamline-system-recruit,,,,,,,,,,,,,,,,,,,,,,
america-educates-many-world,,claim,"America educates many of the world's best in its own universities and then makes them leave when their visas run out, which trains a competitor's workforce at American institutions, and the fix is to grant a green card along with the advanced degree.",,,america-streamline-system-recruit,,,,,,,,,,,,,,,,,,,,,,
canada-australia-united-kingdom,,claim,"Canada, Australia, and the United Kingdom run faster and clearer skilled immigration systems and are capturing founders and researchers whom American process friction turns away, so in the competition for mobile talent the slow system loses by default.",,,america-streamline-system-recruit,,,,,,,,,,,,,,,,,,,,,,
employment-based-green-card,,claim,"Employment-based green card waits stretch past a decade for applicants from large countries, pushing settled, employed, tax-paying skilled workers to give up on America mid-career, so the system fails to retain the workers it recruits.",,,america-streamline-system-recruit,,,,,,,,,,,,,,,,,,,,,,
fair-only-engineers-programmers,,claim,"It is not fair that only engineers and programmers must face immigrant competition through H-1B visas while other trades, such as lawyers, doctors, and actors, have kept immigrants out through licensing barriers, so streamlining would concentrate immigrant competition on the professions least protected from it.",,,america-streamline-system-recruit,,,,,,,,,,,,,,,,,,,,,,
frictionless-foreign-recruitment-reduces,,claim,"Frictionless foreign recruitment reduces employers' incentive to train and develop American workers into the same roles, letting the domestic skills pipeline wither behind an imported one.",,,america-streamline-system-recruit,,,,,,,,,,,,,,,,,,,,,,
majority-america-s-billion,,claim,A majority of America's billion-dollar startups have an immigrant founder or co-founder.,,,america-streamline-system-recruit,,,,,,,,,,,,,,,,,,,,,,
increases-immigrant-college-graduate,,claim,Increases in the immigrant college-graduate share measurably raise patents per capita.,,,america-streamline-system-recruit,,,,,,,,,,,,,,,,,,,,,,
employment-based-green-card-2,,claim,"Employment-based green card backlogs exceed a million applicants, with projected waits measured in decades for Indian nationals.",,,america-streamline-system-recruit,,,,,,,,,,,,,,,,,,,,,,
canada-s-express-entry,,claim,"Canada's Express Entry system processes skilled applications in months, and Toronto's technology workforce grew rapidly in the years when U.S. visa friction rose.",,,america-streamline-system-recruit,,,,,,,,,,,,,,,,,,,,,,
high-shares-u-s,,claim,"High shares of U.S. STEM doctorates are earned by international students, many of whom leave because there is no visa pathway for them.",,,america-streamline-system-recruit,,,,,,,,,,,,,,,,,,,,,,
multiple-years-largest-h,,claim,In multiple years the largest H-1B employers were outsourcing staffing firms paying near the prevailing-wage minimum.,,,america-streamline-system-recruit,,,,,,,,,,,,,,,,,,,,,,
firm-level-lottery-studies,,claim,"Firm-level lottery studies find that winning H-1B visas produces little of the claimed employment growth at winning firms, which is consistent with some substitution for native workers.",,,america-streamline-system-recruit,,,,,,,,,,,,,,,,,,,,,,
foreign-trained-physicians-must,,claim,"Foreign-trained physicians must repeat residency and foreign lawyers face bar-admission barriers, while no equivalent occupational shield exists for software engineers.",,,america-streamline-system-recruit,,,,,,,,,,,,,,,,,,,,,,
research-finds-firms-use,,claim,"Research finds that firms use skilled visas partly to replace older incumbent technical workers, not only to fill shortages.",,,america-streamline-system-recruit,,,,,,,,,,,,,,,,,,,,,,
technology-employers-startups-need,,interest,Technology employers and startups need scarce technical skills.,,,,,,,,,Technological leadership,,,,,,,,,,,,,,,,
skilled-immigrants-backlogged-applicants,,interest,Skilled immigrants and backlogged applicants need stability and mobility.,,,,,,,,,Opportunity,,,,,,,,,,,,,,,,
universities-research-labs-need,,interest,Universities and research labs need to retain the students they train.,,,,,,,,,Knowledge / excellence,,,,,,,,,,,,,,,,
national-competitiveness-advocates-need,,interest,National competitiveness advocates need to win the race against rival economies for talent.,,,,,,,,,National strength,,,,,,,,,,,,,,,,
american-engineers-programmers-need,,interest,American engineers and programmers need to protect wages and bargaining power that are directly exposed.,,,,,,,,,Fair reward for work,,,,,,,,,,,,,,,,
older-incumbent-technical-workers,,interest,"Older incumbent technical workers, who are the most at risk of being replaced by visa workers, need economic security.",,,,,,,,,Economic security,,,,,,,,,,,,,,,,
workers-displaced-outsourcing-staffing,,interest,"Workers displaced by the outsourcing-staffing model, sometimes made to train their replacements, need fair treatment and dignity.",,,,,,,,,Fairness / dignity,,,,,,,,,,,,,,,,
america-reform-its-immigration,,belief,America should reform its immigration laws.,,immigration,,,,,,,,,,,,,,,,,"The arguments support reform in one direction: shift admissions toward high-skilled, high-income immigrants so immigration expands innovation and competes at the top of the labor market instead of adding wage pressure at the bottom. The other side's warning is about who writes the reform, not its direction: a reform written by those who profit from cheap labor could be worse than the status quo.",,,,45,Moderate,
country-needs-enforceable-borders,,claim,"A country needs enforceable borders and workable immigration law to keep its sovereignty, and a system of lotteries, decades-long backlogs, and tolerated illegality fails that test, so the law itself needs reform and not just enforcement.",,,america-reform-its-immigration,,,,,,,,,,,,,,,,,,,,,,
anyone-who-believes-market,,claim,"For anyone who believes in market competition, reforming immigration law to increase competition at the top of the labor market, where wages and opportunities are already concentrated, is a more consistent application of that belief than concentrating competition at the bottom.",,,america-reform-its-immigration,,,,,,,,,,,,,,,,,,,,,,
reforming-immigration-law-so,,claim,"Reforming immigration law so that work comes into America instead of being outsourced would keep the jobs, production, taxes, and consumer spending inside the country, since the same global labor force does the work either way.",,,america-reform-its-immigration,,,,,,,,,,,,,,,,,,,,,,
immigration-reform-written-billionaires,,claim,"An immigration reform written by billionaires who have embraced layoffs and outsourcing would leave Americans worse off than doing nothing, because whoever writes the bill decides who bears the competition, and the best-funded voices at the table profit from cheap labor.",,,america-reform-its-immigration,,,,,,,,,,,,,,,,,,,,,,
changing-america-s-immigration,,claim,"Changing America's immigration laws risks deepening divisions and economic inequality, because a badly designed or poorly implemented change can entrench the very problems it claims to fix.",,,america-reform-its-immigration,,,,,,,,,,,,,,,,,,,,,,
immigration-s-measured-wage,,claim,"Immigration's measured wage effects fall mainly on workers without a high school degree and on earlier immigrants, who are the closest substitutes for new low-wage arrivals.",,,america-reform-its-immigration,,,,,,,,,,,,,,,,,,,,,,
increases-share-immigrants-who,,claim,Increases in the share of immigrants who are college graduates measurably raise patents per capita.,,,america-reform-its-immigration,,,,,,,,,,,,,,,,,,,,,,
countries-skills-weighted-selection,,claim,"Countries with skills-weighted selection, such as Canada and Australia, sustain broader public support for immigration than the United States does.",,,america-reform-its-immigration,,,,,,,,,,,,,,,,,,,,,,
natural-experiment-studies-beginning,,claim,"Natural-experiment studies, beginning with the 1990 Mariel study, find minimal effects on native wages even from large low-skill immigrant inflows, which weakens the claim that the mix of immigrants drives inequality.",,,america-reform-its-immigration,,,,,,,,,,,,,,,,,,,,,,
1986-immigration-reform-control,,claim,"The 1986 Immigration Reform and Control Act delivered legalization while its enforcement provisions went largely unrealized, the standard case of a reform carrying out only one side of its bargain.",,,america-reform-its-immigration,,,,,,,,,,,,,,,,,,,,,,
business-coalitions-materially-shape,,claim,"Business coalitions materially shape the visa provisions in immigration reform legislation, according to lobbying disclosures around each major reform attempt.",,,america-reform-its-immigration,,,,,,,,,,,,,,,,,,,,,,
supporters-need-immigration-law,,interest,"Residents of border towns in Texas and Arizona need immigration law that is actually followed and enforced, as a matter of national sovereignty and identity.",,,,,,,,,Sovereignty and rule of law,,,,,,,,,,,,,,,,
supporters-need-economic-growth-2,,interest,Employers who hire skilled immigrants need enough skilled workers to keep growing.,,,,,,,,,Growth and innovation,,,,,,,,,,,,,,,,
supporters-need-domestic-workers,,interest,"Construction, meatpacking, and farm workers born in the United States need domestic workers protected from wage suppression by changing what the immigration system competes for.",,,,,,,,,Economic fairness,,,,,,,,,,,,,,,,
supporters-need-legal-status,,interest,"Undocumented immigrants who have lived in the United States for years, and their citizen children, need the legal status of millions of people already in the country resolved.",,,,,,,,,Fairness / human dignity,,,,,,,,,,,,,,,,
opponents-need-prevent-corporate,,interest,American technology workers who compete with lower-paid visa holders for the same jobs need to prevent corporate exploitation of immigration reforms.,,,,,,,,,Economic fairness,,,,,,,,,,,,,,,,
opponents-need-existing-social,,interest,"Low-income families who rely on Medicaid, food assistance, and public housing need existing social safety nets and economic equality protected.",,,,,,,,,Solidarity,,,,,,,,,,,,,,,,
opponents-need-avoid-unnecessary,,interest,Longtime residents of small towns that have taken in large numbers of new arrivals in a short time need to avoid unnecessary cultural or political conflict.,,,,,,,,,Social cohesion,,,,,,,,,,,,,,,,
america-end-illegal-immigration,,belief,America should end illegal immigration.,,immigration,,,,,,,,,,,,,,,,,"The rule-of-law argument is close to airtight for the goal: either change the laws or enforce them, because unenforced law corrodes trust and the country itself. Every serious dispute on this page is about means, not the goal: enforcement only, legalization, and expanded legal channels are three different things that ""end illegal immigration"" can mean, and they score very differently.",,,,-70,Total,
america-either-change-its,,claim,"America should either change its immigration laws or enforce them, because keeping laws on the books that go unenforced destroys the rule of law, public trust, and eventually the country itself.",,,america-end-illegal-immigration,,,,,,,,,,,,,,,,,,,,,,
country-must-control-who,,claim,"A country must control who enters across its border, or no immigration law, generous or strict, means anything.",,,america-end-illegal-immigration,,,,,,,,,,,,,,,,,,,,,,
public-support-generous-legal,,claim,"Public support for a generous legal immigration system depends on people believing the system is under control, so ending illegal immigration is the political precondition for encouraging legal immigration.",,,america-end-illegal-immigration,,,,,,,,,,,,,,,,,,,,,,
illegal-immigration-sustains-shadow,,claim,"Illegal immigration sustains a shadow labor market in which employers pay below-legal wages under below-legal conditions, undercutting lawful workers and rewarding law-breaking employers over honest ones.",,,america-end-illegal-immigration,,,,,,,,,,,,,,,,,,,,,,
illegal-migration-channel-run,,claim,"The illegal migration channel is run by smugglers and traffickers and leaves people in a status that can be exploited, so ending it protects migrants themselves more than almost anyone else.",,,america-end-illegal-immigration,,,,,,,,,,,,,,,,,,,,,,
ending-illegal-immigration-abruptly,,claim,"Ending illegal immigration abruptly, without a legal replacement channel, would shrink industries such as agriculture, construction, and elder care that run on unauthorized labor today, and would raise prices before any offsetting adjustment.",,,america-end-illegal-immigration,,,,,,,,,,,,,,,,,,,,,,
slogan-end-illegal-immigration,,claim,"The slogan ""end illegal immigration"" is too vague to endorse, because enforcement only, legalizing the settled population, and expanding legal channels would each technically end it, and endorsing the slogan without choosing among them gives cover to versions that simply shrink all immigration.",,,america-end-illegal-immigration,,,,,,,,,,,,,,,,,,,,,,
unauthorized-population-has-stood,,claim,"The unauthorized population has stood between ten and twelve million for roughly two decades, a standing breach of law at population scale.",,,america-end-illegal-immigration,,,,,,,,,,,,,,,,,,,,,,
studies-state-level-mandatory,,claim,Studies of state-level mandatory E-Verify laws find measurable declines in unauthorized employment and presence where hiring is actually policed.,,,america-end-illegal-immigration,,,,,,,,,,,,,,,,,,,,,,
during-bracero-era-expansion,,claim,"During the Bracero era, expansion of the legal channel coincided with a collapse in unauthorized crossings, and the program's termination coincided with their rebound.",,,america-end-illegal-immigration,,,,,,,,,,,,,,,,,,,,,,
migrant-deaths-along-border,,claim,"Migrant deaths along the border number in the hundreds each year, and smuggling fees run to thousands of dollars per crossing.",,,america-end-illegal-immigration,,,,,,,,,,,,,,,,,,,,,,
roughly-four-ten-crop,,claim,Roughly four in ten crop farmworkers lack work authorization.,,,america-end-illegal-immigration,,,,,,,,,,,,,,,,,,,,,,
border-militarization-1990s-onward,,claim,"Border militarization from the 1990s onward interrupted circular migration and increased permanent unauthorized settlement, the opposite of its goal.",,,america-end-illegal-immigration,,,,,,,,,,,,,,,,,,,,,,
citizens-need-law-books,,interest,Citizens need the law on the books to be the law in force.,,,,,,,,,Rule of law,,,,,,,,,,,,,,,,
workers-need-protection-competing,,interest,Workers need protection from competing against below-legal wages in shadow-market sectors.,,,,,,,,,Fair reward for work,,,,,,,,,,,,,,,,
lawful-employers-need-level,,interest,Lawful employers need a level playing field against competitors who hire off the books.,,,,,,,,,Fair competition,,,,,,,,,,,,,,,,
legal-immigrants-applicants-who,,interest,Legal immigrants and applicants who followed the rules need assurance that the line will not be jumped.,,,,,,,,,Fairness,,,,,,,,,,,,,,,,
mixed-status-families-communities,,interest,Mixed-status families and communities need to stay together rather than face separation under removal-heavy enforcement.,,,,,,,,,Family / dignity,,,,,,,,,,,,,,,,
sectors-regions-depend-unauthorized,,interest,Sectors and regions that depend on unauthorized labor today need that workforce to keep operating.,,,,,,,,,Economic pragmatism,,,,,,,,,,,,,,,,
humanitarian-religious-advocates-need,,interest,Humanitarian and religious advocates need migrants themselves to be protected.,,,,,,,,,Compassion,,,,,,,,,,,,,,,,
civil-libertarians-need-avoid,,interest,Civil libertarians need to avoid the surveillance apparatus that interior enforcement requires.,,,,,,,,,Liberty,,,,,,,,,,,,,,,,
jurisdictions-pair-employment-verification,,claim,Jurisdictions that pair employment verification with accessible legal channels will show falling unauthorized presence and improving shadow-sector wages together.,,,america-end-illegal-immigration,,,,,,,,,,,,,,,,,,,,,,
demonstration-anywhere-workplace-enforcement,,claim,"A demonstration, anywhere, that workplace enforcement plus expanded legal channels drove an unauthorized population toward zero without a humanitarian or economic catastrophe would strengthen the case for ending illegal immigration.",,,america-end-illegal-immigration,,,,,,,,,,,,,,,,,,,,,,
causal-evidence-falling-supply,,claim,"Causal evidence that a falling supply of unauthorized labor raised wages and conditions in shadow-market sectors, rather than eliminating the work, would strengthen the case for ending illegal immigration.",,,america-end-illegal-immigration,,,,,,,,,,,,,,,,,,,,,,
enforcement-spending-will-keep,,claim,Enforcement spending will keep rising while the unauthorized population and sectoral dependence stay flat and harm measures such as deaths and smuggling fees climb.,,,america-end-illegal-immigration,,,,,,,,,,,,,,,,,,,,,,
sustained-evidence-every-tried,,claim,"Sustained evidence that every tried means of ending illegal immigration raises the human and economic toll while the population holds steady would weaken the case for ending it, suggesting the goal works only as a slogan.",,,america-end-illegal-immigration,,,,,,,,,,,,,,,,,,,,,,
evidence-sectoral-collapse-price,,claim,Evidence that sectoral collapse and price shocks from withdrawing unauthorized labor exceed the rule-of-law and worker-protection gains would weaken the case for ending illegal immigration.,,,america-end-illegal-immigration,,,,,,,,,,,,,,,,,,,,,,
america-grow-one-billion,,belief,America should grow to one billion citizens.,,immigration,,,,,,,,,,,,,,,,,America will need roughly one billion citizens to remain a peer competitor to China and India as global powers through the 21st century.,,,,75,Strong,
once-easy-productivity-gains,,claim,"Once easy productivity gains are used up, long-term U.S. economic and military competition with China is limited by population size, because the U.S. can raise output per worker only so far, and beyond that ceiling a country's total output tracks the size of its workforce.",,,america-grow-one-billion,,,,,,,,,,,,,,,,,,,,,,
because-united-states-already,,claim,"Because the United States is already pursuing productivity gains aggressively, further U.S. GDP growth increasingly depends on growing the working-age population.",,,america-grow-one-billion,,,,,,,,,,,,,,,,,,,,,,
population-advantage-was-decisive,,claim,"A population advantage was decisive in America's economic and military dominance over the Axis powers in World War II, which suggests population scale remains strategically decisive today.",,,america-grow-one-billion,,,,,,,,,,,,,,,,,,,,,,
continental-united-states-has,,claim,The continental United States has enough land to support roughly a billion residents at population densities still below Germany's or the European Union's today.,,,america-grow-one-billion,,,,,,,,,,,,,,,,,,,,,,
current-u-s-agricultural,,claim,"Current U.S. agricultural export volumes indicate the country could feed tens of millions of additional residents today without changing farming practices, and far more with efficiency gains.",,,america-grow-one-billion,,,,,,,,,,,,,,,,,,,,,,
integrating-new-residents-now,,claim,"Integrating new residents now, while the United States still holds a clear economic lead over China and India, will be politically and socially easier than doing so after that lead narrows.",,,america-grow-one-billion,,,,,,,,,,,,,,,,,,,,,,
every-major-u-s,,claim,"Every major U.S. immigrant wave (Irish, Polish, Italian) took roughly a generation to fully integrate, so large-scale U.S. population growth should start well before the population gap with China becomes decisive.",,,america-grow-one-billion,,,,,,,,,,,,,,,,,,,,,,
because-growing-u-s,,claim,"Because growing the U.S. population to one billion would come from people voluntarily choosing to move to America rather than from coercion or annexation, it would expand American influence without the human-rights costs China and Russia incur to expand theirs.",,,america-grow-one-billion,,,,,,,,,,,,,,,,,,,,,,
shared-national-project-reaching,,claim,A shared national project of reaching one billion U.S. citizens could give the country a unifying long-term goal that cuts across the current partisan divide.,,,america-grow-one-billion,,,,,,,,,,,,,,,,,,,,,,
rapid-u-s-population,,claim,"Rapid U.S. population growth toward one billion would strain housing, transportation, water, and other infrastructure faster than the United States could build capacity to match it.",,,america-grow-one-billion,,,,,,,,,,,,,,,,,,,,,,
integrating-hundreds-millions-new,,claim,Integrating hundreds of millions of new U.S. residents on a roughly 20-year timeline risks cultural fragmentation rather than assimilation.,,,america-grow-one-billion,,,,,,,,,,,,,,,,,,,,,,
tripling-u-s-population,,claim,"Tripling the U.S. population would substantially increase national carbon emissions, water consumption, and land conversion, worsening America's environmental footprint.",,,america-grow-one-billion,,,,,,,,,,,,,,,,,,,,,,
large-influx-new-workers,,claim,"A large influx of new workers would push down wages for existing lower- and middle-income American workers, at least in the near term.",,,america-grow-one-billion,,,,,,,,,,,,,,,,,,,,,,
western-u-s-states,,claim,"Western U.S. states already face documented water scarcity, such as the sustained overallocation of the Colorado River basin, and a much larger population would make that shortage worse.",,,america-grow-one-billion,,,,,,,,,,,,,,,,,,,,,,
case-growing-america-one,,claim,"The case for growing America to one billion citizens assumes GDP and population size are the primary measures of national power, but technological, institutional, and soft-power advantages, which do not require demographic transformation, may matter more.",,,america-grow-one-billion,,,,,,,,,,,,,,,,,,,,,,
building-housing-infrastructure-roughly,,claim,Building housing and infrastructure for roughly 700 million additional U.S. residents may not be economically or logistically achievable on any timeline.,,,america-grow-one-billion,,,,,,,,,,,,,,,,,,,,,,
1938-united-states-had,,claim,"By 1938 the United States had roughly 130 million people to Germany's roughly 80 million, and U.S. GDP exceeded the combined GDP of Germany, Japan, and Italy, though population advantage is one contested factor among several (industrial capacity, geography, timing of entry) in America's World War II dominance.",,,america-grow-one-billion,,,,,,,,,,,,,,,,,,,,,,
continental-united-states-has-2,,claim,"The continental United States has roughly 110 people per square mile, versus roughly 300 for the European Union, which remains a net food exporter at that density.",,,america-grow-one-billion,,,,,,,,,,,,,,,,,,,,,,
united-states-exports-roughly,,claim,"The United States exports roughly a quarter of what it grows, and a widely cited estimate suggests it could feed well over 400 million people by consuming domestically what it now exports, before counting any efficiency gains.",,,america-grow-one-billion,,,,,,,,,,,,,,,,,,,,,,
colorado-river-system-serving,,claim,The Colorado River system serving seven Western states has experienced sustained overallocation and multi-year drought stress.,,,america-grow-one-billion,,,,,,,,,,,,,,,,,,,,,,
studies-disagree-immigration-s,,claim,"Studies disagree on immigration's wage effects: some, such as George Borjas's, find measurable wage suppression for workers who are close substitutes for new immigrants, while others, such as David Card's and Giovanni Peri's, find minimal or no effect on average native-born wages.",,,america-grow-one-billion,,,,,,,,,,,,,,,,,,,,,,
supporters-need-america-keep,,interest,"American service members, diplomats, and exporters need America to keep its global dominance and influence relative to China and India.",,,,,,,,,,,,,,,,,,,,,,,,,
supporters-need-economic-growth-3,,interest,Owners and employees of American businesses that sell to domestic customers need economic growth and GDP expansion through larger domestic markets.,,,,,,,,,,,,,,,,,,,,,,,,,
supporters-need-national-security-3,,interest,Members of the American armed forces and their families need national security through population parity with rival powers.,,,,,,,,,,,,,,,,,,,,,,,,,
opponents-need-protect-current,,interest,"American renters and hourly wage workers need to protect current wages, housing costs, and living standards.",,,,,,,,,,,,,,,,,,,,,,,,,
opponents-need-preserve-cultural,,interest,Longtime residents of American small towns and established neighborhoods need to preserve cultural cohesion and a manageable pace of demographic change.,,,,,,,,,,,,,,,,,,,,,,,,,
opponents-need-environmental-conservation,,interest,"Farmers, ranchers, and residents of water-scarce Western states need environmental conservation and sustainability.",,,,,,,,,,,,,,,,,,,,,,,,,
we-cannot-stand-while,,belief,"We cannot stand by while cultures are subjected to genocide, as exemplified by Russia's invasion of Ukraine.",,military,,,,,,,,,,,,,,,,,"The principle of not standing by has broad support, but people debate whether Russia's actions count as genocide and what the right response is.",,,,,Strong,
un-documentation-shows-russian,,claim,"UN documentation shows that Russian forces in Ukraine have committed war crimes, including systematic attacks on civilians, mass graves and torture, and these crimes require a response.",,,we-cannot-stand-while,,,,,,,,,,,,,,,,,,,,,,
russia-s-systematic-destruction,,claim,Russia's systematic destruction of Ukrainian culture shows an intent to commit genocide.,,,we-cannot-stand-while,,,,,,,,,,,,,,,,,,,,,,
if-other-nations-stand,,claim,"If other nations stand by while Russia attacks Ukraine, other authoritarian states that are watching will be encouraged to launch similar attacks.",,,we-cannot-stand-while,,,,,,,,,,,,,,,,,,,,,,
international-law-obligates-nations,,claim,International law obligates nations to respond to genocide.,,,we-cannot-stand-while,,,,,,,,,,,,,,,,,,,,,,
ukraine-has-shown-capability,,claim,"Ukraine has shown the capability and will to resist Russia, so helping it defend itself does not impose an outside solution.",,,we-cannot-stand-while,,,,,,,,,,,,,,,,,,,,,,
intervening-ukraine-risks-escalation,,claim,Intervening in Ukraine risks escalation into a nuclear conflict.,,,we-cannot-stand-while,,,,,,,,,,,,,,,,,,,,,,
whether-russia-s-actions,,claim,Whether Russia's actions in Ukraine legally count as genocide is disputed by experts.,,,we-cannot-stand-while,,,,,,,,,,,,,,,,,,,,,,
economic-cost-supporting-ukraine,,claim,The economic cost of supporting Ukraine strains the nations paying for it.,,,we-cannot-stand-while,,,,,,,,,,,,,,,,,,,,,,
past-foreign-interventions-often,,claim,Past foreign interventions often failed and produced unintended consequences.,,,we-cannot-stand-while,,,,,,,,,,,,,,,,,,,,,,
un-human-rights-council,,claim,UN Human Rights Council reports have documented systematic Russian attacks on civilians in Ukraine.,,,we-cannot-stand-while,,,,,,,,,,,,,,,,,,,,,,
osce-has-documented-cultural,,claim,The OSCE has documented cultural sites destroyed in Ukraine.,,,we-cannot-stand-while,,,,,,,,,,,,,,,,,,,,,,
international-criminal-court-investigating,,claim,The International Criminal Court is investigating crimes against humanity in Ukraine.,,,we-cannot-stand-while,,,,,,,,,,,,,,,,,,,,,,
satellite-imagery-shows-civilian,,claim,Satellite imagery shows that civilian infrastructure in Ukraine was deliberately targeted.,,,we-cannot-stand-while,,,,,,,,,,,,,,,,,,,,,,
russia-has-systematically-targeted,,claim,Russia has systematically targeted Ukrainian language and cultural institutions.,,,we-cannot-stand-while,,,,,,,,,,,,,,,,,,,,,,
russia-has-deported-ukrainian,,claim,Russia has deported Ukrainian children to Russia on a mass scale.,,,we-cannot-stand-while,,,,,,,,,,,,,,,,,,,,,,
russian-forces-have-destroyed,,claim,Russian forces have destroyed Ukrainian historical monuments and museums.,,,we-cannot-stand-while,,,,,,,,,,,,,,,,,,,,,,
russian-forces-carried-out,,claim,Russian forces carried out the Bucha massacre and similar atrocities.,,,we-cannot-stand-while,,,,,,,,,,,,,,,,,,,,,,
russian-forces-have-carried,,claim,Russian forces have carried out systematic torture and rape in Ukraine.,,,we-cannot-stand-while,,,,,,,,,,,,,,,,,,,,,,
russian-officials-have-denied,,claim,Russian officials have denied that a Ukrainian national identity exists.,,,we-cannot-stand-while,,,,,,,,,,,,,,,,,,,,,,
putin-s-writings-claim,,claim,Putin's writings claim that Ukraine is not a real nation.,,,we-cannot-stand-while,,,,,,,,,,,,,,,,,,,,,,
un-has-confirmed-more,,claim,"The UN has confirmed more than 10,000 civilian deaths in Ukraine and millions of people displaced.",,,we-cannot-stand-while,,,,,,,,,,,,,,,,,,,,,,
unesco-has-recorded-more,,claim,UNESCO has recorded more than 300 heritage sites damaged or destroyed in Ukraine.,,,we-cannot-stand-while,,,,,,,,,,,,,,,,,,,,,,
more-than-70-percent,,claim,More than 70 percent of Ukraine's energy infrastructure was destroyed in the winter of 2022 to 2023.,,,we-cannot-stand-while,,,,,,,,,,,,,,,,,,,,,,
ukraine-successfully-defended-kyiv,,claim,Ukraine successfully defended Kyiv and Kharkiv and recaptured territory.,,,we-cannot-stand-while,,,,,,,,,,,,,,,,,,,,,,
donor-nations-have-committed,,claim,"Donor nations have committed about $200 billion to Ukraine, a significant sum that is still less than 1 percent of their GDP.",,,we-cannot-stand-while,,,,,,,,,,,,,,,,,,,,,,
legal-scholars-disagree-about,,claim,Legal scholars disagree about whether Russia's actions meet the legal definition of genocide.,,,we-cannot-stand-while,,,,,,,,,,,,,,,,,,,,,,
united-nations-has-formally,,claim,The United Nations has not formally declared Russia's actions in Ukraine a genocide.,,,we-cannot-stand-while,,,,,,,,,,,,,,,,,,,,,,
some-experts-dispute-russia,,claim,Some experts dispute that Russia intends to destroy the Ukrainian people in whole or in part.,,,we-cannot-stand-while,,,,,,,,,,,,,,,,,,,,,,
past-foreign-interventions-iraq,,claim,"Past foreign interventions in Iraq, Afghanistan, and Libya were failures.",,,we-cannot-stand-while,,,,,,,,,,,,,,,,,,,,,,
ukrainian-government-people-need,,interest,The Ukrainian government and people need their nation to survive.,,,,,,,,,National survival,,,,,,,,,,,,,,,,
nato-eu-members-need,,interest,NATO and EU members need a secure Europe and a Russia that is deterred from further attacks.,,,,,,,,,"European security, deterring Russia",,,,,,,,,,,,,,,,
defense-industry-needs-weapons,,interest,"The defense industry needs weapons sales, though this is not a primary driver of support.",,,,,,,,,Weapons sales (not a primary driver),,,,,,,,,,,,,,,,
human-rights-advocates-need,,interest,Human rights advocates need atrocities to be prevented.,,,,,,,,,Preventing atrocities,,,,,,,,,,,,,,,,
liberal-internationalists-need-rule,,interest,Liberal internationalists need a rule-based international order to hold.,,,,,,,,,Rule-based order,,,,,,,,,,,,,,,,
russia-needs-pursue-its,,interest,Russia needs to pursue its imperial ambitions and to keep a security buffer on its borders.,,,,,,,,,"Imperial ambitions, security buffer",,,,,,,,,,,,,,,,
anti-war-activists-need,,interest,Anti-war activists need escalation and suffering to be prevented.,,,,,,,,,Preventing escalation and suffering,,,,,,,,,,,,,,,,
fiscal-conservatives-need-government,,interest,Fiscal conservatives need government spending to be limited.,,,,,,,,,Limited government spending,,,,,,,,,,,,,,,,
china-needs-western-unity,,interest,China needs Western unity weakened and a precedent it can use for Taiwan.,,,,,,,,,"Weakening Western unity, precedent for Taiwan",,,,,,,,,,,,,,,,
isolationists-need-attention-resources,,interest,Isolationists need attention and resources focused on domestic issues.,,,,,,,,,Focus on domestic issues,,,,,,,,,,,,,,,,
some-global-south-nations,,interest,Some Global South nations need to stay non-aligned and keep trading with Russia.,,,,,,,,,"Non-alignment, trade with Russia",,,,,,,,,,,,,,,,
we-keep-men-out,,belief,We should keep men out of women's sports.,,sports,,,,,,,,,,,,,,,,,,,,,0,Total,
male-puberty-gives-advantages,,claim,"Male puberty gives advantages in bone density, lung capacity, and muscle mass that often last even after hormone therapy, which makes competition against women unfair.",,,we-keep-men-out,,,,,,,,,,,,,,,,,,,,,,
women-s-sports-protected,,claim,"Women's sports is a protected category, like a weight class or an age group, designed to let females compete fairly, not a way to validate gender identity.",,,we-keep-men-out,,,,,,,,,,,,,,,,,,,,,,
excluding-transgender-women-female,,claim,"Excluding transgender women from the female category in sports is discriminatory and denies them the social and psychological benefits of sport, treating their identity as invalid.",,,we-keep-men-out,,,,,,,,,,,,,,,,,,,,,,
studies-post-transition-physiology,,claim,Studies of post-transition physiology show that transgender women retain the bone density and biomechanical advantages (such as hip structure) they acquired during male puberty.,,,we-keep-men-out,,,,,,,,,,,,,,,,,,,,,,
performance-data-powerlifting-swimming,,claim,Performance data in powerlifting and swimming show that transgender women retain strength advantages after transition.,,,we-keep-men-out,,,,,,,,,,,,,,,,,,,,,,
long-term-studies-show,,claim,Long-term studies show that transgender women have significant decreases in hemoglobin and muscle cross-sectional area after 12 to 24 months of testosterone suppression.,,,we-keep-men-out,,,,,,,,,,,,,,,,,,,,,,
female-athletes-need-level,,interest,Female athletes need a level playing field.,,,,,,,,,,,,,,,,,,,,,,,,,
parents-need-scholarship-opportunities,,interest,Parents need scholarship opportunities for their daughters to be protected.,,,,,,,,,,,,,,,,,,,,,,,,,
sports-organizations-need-maintain,,interest,Sports organizations need to maintain competitive integrity and public trust.,,,,,,,,,,,,,,,,,,,,,,,,,
transgender-athletes-need-social,,interest,Transgender athletes need social integration and affirmation.,,,,,,,,,,,,,,,,,,,,,,,,,
activists-need-discrimination-prevented,,interest,Activists need discrimination to be prevented in all public spheres.,,,,,,,,,,,,,,,,,,,,,,,,,
sports-organizations-need-expand,,interest,Sports organizations need to expand participation and stay relevant.,,,,,,,,,,,,,,,,,,,,,,,,,
share-recorded-votes-cast,,claim,The share of recorded votes cast by members of Congress who hold stock in a company or industry directly affected by the vote is a fair measure of how often officials decide matters in which they have a personal financial stake.,,,barring-members-congress-president,,,,,,,,,,,,,,,,,,,,,,
how-well-members-congress,,claim,"How well members of Congress do on stock trades placed shortly before committee actions or closed briefings, compared with their trades placed at other times, is a fair measure of whether officials profit from information they get in office.",,,barring-members-congress-president,,,,,,,,,,,,,,,,,,,,,,
trading-spouse-dependent-child,,claim,"Trading in spouse and dependent-child accounts, measured before and after a member of Congress stops trading personally, is a fair measure of whether a ban on the official removes the conflict or moves it to the family.",,,barring-members-congress-president,,,,,,,,,,,,,,,,,,,,,,
study-matching-members-stock,,claim,A study matching members' stock holdings to their votes finds that members of Congress vote in the direction that benefits companies they own more often than similar members who do not own those companies.,,,barring-members-congress-president,,,,,,,,,,,,,,,,,,,,,,
study-finds-members-congress,,claim,A study finds that members of Congress who own stock in an industry vote no differently on bills affecting that industry than members who own none.,,,barring-members-congress-president,,,,,,,,,,,,,,,,,,,,,,
study-finds-members-stock,,claim,A study finds that members' stock trades placed just before closed briefings or committee actions earn no more than the same members' trades placed at other times.,,,barring-members-congress-president,,,,,,,,,,,,,,,,,,,,,,
comparing-states-where-board,,claim,Comparing states where a board or the legislature checks clemency with states where the governor acts alone is a fair test of whether a check on pardons reduces grants to the pardoner's own circle.,,,letting-congress-overturn-presidential,,,,,,,,,,,,,,,,,,,,,,
how-often-congress-has,,claim,How often Congress has overridden a presidential veto when the president's party held more than a third of either chamber is a fair guide to whether a two-thirds override of a pardon could ever pass.,,,letting-congress-overturn-presidential,,,,,,,,,,,,,,,,,,,,,,
share-federal-pardons-granted,,claim,The share of federal pardons granted without a recommendation from the Justice Department's Pardon Attorney is a fair measure of how often the pardon power is used outside a review on the merits.,,,letting-congress-overturn-presidential,,,,,,,,,,,,,,,,,,,,,,
study-states-finds-where,,claim,"A study of the states finds that where a board or the legislature can check clemency, governors grant fewer pardons to their relatives, donors and associates than governors who act alone.",,,letting-congress-overturn-presidential,,,,,,,,,,,,,,,,,,,,,,
public-records-show-people,,claim,"Public records show that people close to a president received money, donations or business favors from pardon recipients or their families shortly before the pardons were granted.",,,letting-congress-overturn-presidential,,,,,,,,,,,,,,,,,,,,,,
review-federal-pardons-across,,claim,"A review of federal pardons across several presidencies finds that grants to a president's own relatives, donors and associates are rare and nearly all had a case the Justice Department would have supported on the merits.",,,letting-congress-overturn-presidential,,,,,,,,,,,,,,,,,,,,,,
state-legislatures-boards-hold,,claim,"State legislatures and boards that hold a power to review or block clemency almost never use it, even against grants that both parties publicly condemned.",,,letting-congress-overturn-presidential,,,,,,,,,,,,,,,,,,,,,,
once-congressional-override-pardons,,claim,"Once a congressional override of pardons is in the Constitution, the first pardons granted to a president's relatives or donors draw a recorded vote in Congress.",,,letting-congress-overturn-presidential,,,,,,,,,,,,,,,,,,,,,,
once-congressional-override-pardons-2,,claim,"Once a congressional override of pardons exists, pardon recipients and their lawyers wait for the override window to close before relying on a grant, which delays releases and dismissed cases.",,,letting-congress-overturn-presidential,,,,,,,,,,,,,,,,,,,,,,
decade-after-congressional-override,,claim,"In the decade after a congressional override of pardons exists, fewer federal pardons go to the president's relatives, donors and business partners than in the decade before.",,,letting-congress-overturn-presidential,,,,,,,,,,,,,,,,,,,,,,
decade-after-congressional-override-2,,claim,"In the decade after a congressional override of pardons exists, presidents grant fewer pardons of every kind, including deserved ones, to avoid a fight in Congress.",,,letting-congress-overturn-presidential,,,,,,,,,,,,,,,,,,,,,,
president-who-knows-pardon,,claim,A president who knows a pardon could face a recorded vote in Congress will grant fewer pardons that serve the president's own interests.,,,letting-congress-overturn-presidential,,,,,,,,,,,,,,,,,,,,,,
enough-members-congress-will,,claim,Enough members of Congress will vote against a self-serving pardon on its merits even when the president who granted it leads their own party.,,,letting-congress-overturn-presidential,,,,,,,,,,,,,,,,,,,,,,
congress-more-likely-than,,claim,Congress is more likely than a president to judge a pardon by partisan passion or public anger rather than by the merits of the case.,,,letting-congress-overturn-presidential,,,,,,,,,,,,,,,,,,,,,,
harm-done-pardons-granted,,claim,The harm done by pardons granted to a president's allies is smaller than the harm of making every federal pardon uncertain until Congress has had its chance to vote.,,,letting-congress-overturn-presidential,,,,,,,,,,,,,,,,,,,,,,
justice-undone-clemency-decisions,,media,"Justice Undone: Clemency Decisions in the Clinton White House, House Committee on Government Reform, H. Rept. 107-454, 2002",,,letting-congress-overturn-presidential,,letting-congress-overturn-presidential,Report,,,,,"U.S. House of Representatives, Committee on Government Reform (published by the Government Publishing Office)",,,,,,,"The committee examined President Clinton's last-day pardons, including Marc Rich's, and concluded that some people received clemency they would not otherwise have gotten because they hired people close to the president, including relatives of the president and first lady, to lobby for them.","It documents a concrete case of access to a president shaping pardons, which supports the premise that the power can be used for private benefit, but it was written by a committee led by the president's opponents and it does not test whether a congressional override would have stopped those grants.",,,,,,
presidential-pardon-power-jeffrey,,media,"The Presidential Pardon Power, Jeffrey P. Crouch, 2009",,,letting-congress-overturn-presidential,,letting-congress-overturn-presidential,Book,,,,,University Press of Kansas,,,,,,,"Crouch argues that since Gerald Ford's pardon of Richard Nixon, presidents have increasingly used clemency to protect themselves, their aides and their supporters, citing the Iran-Contra pardons, the Marc Rich pardon and the Scooter Libby commutation, and he weighs proposed constitutional amendments to limit the power.","A careful scholarly history that deserves real weight on whether self-serving pardons are a growing problem, though it predates the most recent presidencies and weighs several remedies rather than proving that a two-thirds override is the one that works.",,,,,,
federalist-no-74-alexander,,media,"The Federalist No. 74, Alexander Hamilton, 1788",,,letting-congress-overturn-presidential,,letting-congress-overturn-presidential,Article,,,,,"The Federalist, first published in New York newspapers",,,,,,,"Hamilton argues that the pardon power belongs to one person rather than a body of men, because a single officer feels responsible for the choice while a legislature invites faction and can be swayed by the public mood.","The founding case for leaving Congress out of clemency deserves weight on the design question, though it was written before the modern record of pardons to a president's own circle.",,,,,,
ascent-administrative-state-demise,,media,"The Ascent of the Administrative State and the Demise of Mercy, Rachel E. Barkow, Harvard Law Review, vol. 121, 2008",,,letting-congress-overturn-presidential,,letting-congress-overturn-presidential,Article,,,,,Harvard Law Review,,,,,,,"Barkow argues that executive clemency has withered because modern American law distrusts any official choice not bound by rules and outside review, which suggests that adding a congressional vote on pardons would make presidents even less willing to grant deserved mercy.","A respected legal scholar's account of why clemency has shrunk deserves weight on the cost side of an override, though it is mainly about mercy for ordinary prisoners rather than grants to a president's own circle.",,,,,,
number-income-sources-lenders,,claim,"The number of income sources, lenders and business interests that appear on an official's published tax return but not on the same year's financial disclosure form is a fair measure of whether tax returns add conflict-relevant information.",,,requiring-president-members-congress,,,,,,,,,,,,,,,,,,,,,,
number-ethics-complaints-investigations,,claim,"The number of ethics complaints, investigations and news reports that cite information found only in a published tax return is a fair measure of whether anyone acts on what publication shows.",,,requiring-president-members-congress,,,,,,,,,,,,,,,,,,,,,,
change-officials-foreign-income,,claim,The change in officials' foreign income and outside business income after a publication requirement takes effect is a fair measure of whether publication changes how officials handle their money.,,,requiring-president-members-congress,,,,,,,,,,,,,,,,,,,,,,
review-presidential-tax-returns,,claim,A review of presidential tax returns released since the 1970s finds income sources or business dealings that did not appear on the same presidents' financial disclosure forms.,,,requiring-president-members-congress,,,,,,,,,,,,,,,,,,,,,,
officials-who-published-tax,,claim,Officials who published their tax returns voluntarily were later found to have used their office for private gain less often than comparable officials who did not publish.,,,requiring-president-members-congress,,,,,,,,,,,,,,,,,,,,,,
officials-who-published-tax-2,,claim,Officials who published their tax returns voluntarily faced ethics findings for using their office for private gain just as often as officials who kept their returns private.,,,requiring-president-members-congress,,,,,,,,,,,,,,,,,,,,,,
after-tax-return-publication,,claim,"After a tax return publication requirement takes effect, covered officials move their income into trusts and business entities whose returns are not published, so their personal returns show less than before.",,,requiring-president-members-congress,,,,,,,,,,,,,,,,,,,,,,
within-first-year-tax,,claim,"Within the first year of a tax return publication requirement, the House and Senate ethics committees receive complaints that cite information taken from published returns.",,,requiring-president-members-congress,,,,,,,,,,,,,,,,,,,,,,
over-decade-required-publication,,claim,"Over a decade of required publication, whether a presidential candidate will release tax returns stops being a campaign issue because release happens automatically.",,,requiring-president-members-congress,,,,,,,,,,,,,,,,,,,,,,
over-decade-required-publication-2,,claim,"Over a decade of required publication, people with complicated foreign or business finances become less likely to run for Congress or the presidency.",,,requiring-president-members-congress,,,,,,,,,,,,,,,,,,,,,,
officials-less-likely-use,,claim,Officials are less likely to use their office for private gain when they know the public can see where their income comes from.,,,requiring-president-members-congress,,,,,,,,,,,,,,,,,,,,,,
voters-reporters-ethics-investigators,,claim,"Voters, reporters or ethics investigators will actually read published tax returns and act on what they find.",,,requiring-president-members-congress,,,,,,,,,,,,,,,,,,,,,,
official-who-determined-profit,,claim,An official who is determined to profit from office can hide the gain in places that a personal tax return does not show.,,,requiring-president-members-congress,,,,,,,,,,,,,,,,,,,,,,
senator-ron-wyden-oregon,,claim,"Senator Ron Wyden of Oregon sponsored the Presidential Tax Transparency Act, a bill that would require presidents and major-party presidential nominees to release their tax returns.",,,requiring-president-members-congress,,,,,,,,,,,,,,,,,,,,,,
representative-anna-eshoo-california,,claim,"Representative Anna Eshoo of California introduced the House version of the Presidential Tax Transparency Act, which would require presidents and presidential nominees to make their tax returns public.",,,requiring-president-members-congress,,,,,,,,,,,,,,,,,,,,,,
california-governor-jerry-brown,,claim,"California Governor Jerry Brown vetoed a 2017 bill requiring presidential candidates to release their tax returns to appear on the state ballot, writing that it might not be constitutional and asking what a state would require next.",,,requiring-president-members-congress,,,,,,,,,,,,,,,,,,,,,,
long-concealed-records-show,,media,"Long-Concealed Records Show Trump's Chronic Losses and Years of Tax Avoidance, by Russ Buettner, Susanne Craig and Mike McIntire (2020)",,,requiring-president-members-congress,,requiring-president-members-congress,Article,,,,,"The New York Times, September 27, 2020",,,,,,,"Tax records obtained by reporters showed business losses, foreign income and large personal debts that a sitting president's public financial disclosure forms had not made clear, which is the kind of information a publication requirement would put in the open.","Strong evidence that tax returns contain conflict-relevant facts beyond the disclosure form, but it is one official's records and says nothing about whether publication changes behavior.",,,,,,
lucky-loser-how-donald,,media,"Lucky Loser: How Donald Trump Squandered His Father's Fortune and Created the Illusion of Success, by Russ Buettner and Susanne Craig (2024)",,,requiring-president-members-congress,,requiring-president-members-congress,Book,,,,,Penguin Press,,,,,,,"The book uses tax and financial records to show how far an officeholder's real finances can differ from the picture the public was given, which supports the claim that returns reveal what other documents hide.","Useful as a detailed case study of what tax records can reveal, but it concerns a single person and does not test whether required publication reduces private gain from office.",,,,,,
more-than-you-wanted,,media,"More Than You Wanted to Know: The Failure of Mandated Disclosure, by Omri Ben-Shahar and Carl E. Schneider (2014)",,,requiring-president-members-congress,,requiring-president-members-congress,Book,,,,,Princeton University Press,,,,,,,"The authors argue that across many fields, laws requiring disclosure rarely change outcomes because the people meant to use the information do not read or act on it, which challenges the idea that publishing tax returns would change what officials do.","A serious general challenge to disclosure as a remedy, though it mostly studies consumer disclosures rather than public officials watched by reporters and rivals, so it deserves moderate weight here.",,,,,,
full-disclosure-perils-promise,,media,"Full Disclosure: The Perils and Promise of Transparency, by Archon Fung, Mary Graham and David Weil (2007)",,,requiring-president-members-congress,,requiring-president-members-congress,Book,,,,,Cambridge University Press,,,,,,,"The authors find that disclosure policies work only when the information fits into decisions that users already make and when the disclosers respond to those users, conditions that raw tax returns may not meet.","Moderate weight: it does not reject disclosure, but it sets conditions that a tax return requirement would have to meet and gives reasons to doubt that publication alone is enough.",,,,,,
number-conflict-interest-inquiries,,claim,The number of conflict-of-interest inquiries involving an official's relative that inspectors general and ethics offices open each year is a fair measure of private gain through family roles in government.,,,barring-president-members-congress,,,,,,,,,,,,,,,,,,,,,,
federal-agencies-already-covered,,claim,Federal agencies already covered by the anti-nepotism statute show fewer conflict-of-interest findings involving officials' relatives than the White House Office does.,,,barring-president-members-congress,,,,,,,,,,,,,,,,,,,,,,
records-show-presidential-relative,,claim,Records show that a presidential relative holding an official role steered a government decision toward a business in which that relative had a financial stake.,,,barring-president-members-congress,,,,,,,,,,,,,,,,,,,,,,
after-relatives-president-leave,,claim,"After relatives of a president leave formal White House posts, records show they keep the same access to the president and the same influence over decisions, while filing no disclosures.",,,barring-president-members-congress,,,,,,,,,,,,,,,,,,,,,,
presidential-relatives-who-held,,claim,Presidential relatives who held formal White House roles are found to have followed federal ethics rules as closely as unrelated senior White House staff did.,,,barring-president-members-congress,,,,,,,,,,,,,,,,,,,,,,
within-year-two-bar,,claim,"Within a year or two of a bar on family members holding official roles, a lawsuit challenges whether Congress has the power to limit whom the president appoints to the White House Office.",,,barring-president-members-congress,,,,,,,,,,,,,,,,,,,,,,
within-year-two-bar-2,,claim,"Within a year or two of a bar on relatives performing official government functions, disputes arise over whether a president's relative who attends policy meetings or travels with a government delegation is performing an official function.",,,barring-president-members-congress,,,,,,,,,,,,,,,,,,,,,,
within-year-two-law,,claim,"Within a year or two of a law barring relatives of the president and members of Congress from official government functions, the Office of Government Ethics issues guidance on which activities by a relative, such as attending policy meetings or traveling with a government delegation, count as an official function.",,,barring-president-members-congress,,,,,,,,,,,,,,,,,,,,,,
official-title-gives-relative,,claim,An official title gives a relative of the president more power to benefit the family than informal access to the president does.,,,barring-president-members-congress,,,,,,,,,,,,,,,,,,,,,,
relative-s-influence-over,,claim,"A relative's influence over a president comes from the family tie rather than from a government title, so removing the title leaves the influence in place.",,,barring-president-members-congress,,,,,,,,,,,,,,,,,,,,,,
voters-rather-than-federal,,claim,"Voters, rather than a federal statute, are the right check on whom a president trusts with official work.",,,barring-president-members-congress,,,,,,,,,,,,,,,,,,,,,,
representative-ruben-gallego-arizona,,claim,"Representative Ruben Gallego of Arizona introduced the Security Clearance Family Review Act (H.R. 2314) in May 2017, a narrower measure that would have required an Office of Government Ethics review of foreign business ties before a relative of the president could receive a security clearance for federal employment.",,,barring-president-members-congress,,,,,,,,,,,,,,,,,,,,,,
representative-neal-smith-iowa,,claim,"Representative Neal Smith of Iowa sponsored the 1967 amendment that became the federal anti-nepotism statute, which bars a public official from appointing or promoting a relative in an agency the official serves in or controls.",,,barring-president-members-congress,,,,,,,,,,,,,,,,,,,,,,
nepotism-conflicts-interest-jared,,media,"Nepotism and Conflicts of Interest: Jared Kushner and Ivanka Trump, by Citizens for Responsibility and Ethics in Washington (2017)",,,barring-president-members-congress,,barring-president-members-congress,Report,,,,,"Citizens for Responsibility and Ethics in Washington (CREW), published April 25, 2017",,,,,,,"The report argues that the White House appointments of Jared Kushner and Ivanka Trump defeated the purpose of the federal anti-nepotism law, and it documents business holdings and trademark approvals from China that the two kept while serving as official advisers.","A watchdog group's advocacy report that documents specific conflicts in one administration, useful as a case record but not a comparison of formal roles against informal ones.",,,,,,
kushner-inc-greed-ambition,,media,"Kushner, Inc.: Greed. Ambition. Corruption. The Extraordinary Story of Jared Kushner and Ivanka Trump, by Vicky Ward (2019)",,,barring-president-members-congress,,barring-president-members-congress,Book,,,,,St. Martin's Press,,,,,,,"The book reports that Jared Kushner and Ivanka Trump pursued international dealings while serving as White House advisers, some of them without the knowledge of the State Department or the National Security Council.","A journalist's account of one family rather than a systematic study, so it illustrates how an official role can carry private interests but cannot show that a bar would prevent it.",,,,,,
praise-nepotism-natural-history,,media,"In Praise of Nepotism: A Natural History, by Adam Bellow (2003)",,,barring-president-members-congress,,barring-president-members-congress,Book,,,,,Doubleday,,,,,,,"The book argues that favoring relatives is an old and often useful practice in American public and business life, and that family ties can bring trust rather than only corruption.","A broad historical argument rather than a study of White House appointments, so it speaks to the values dispute more than to whether a bar would reduce private gain.",,,,,,
application-anti-nepotism-statute,,media,"Application of the Anti-Nepotism Statute to a Presidential Appointment in the White House Office, by Daniel L. Koffsky (2017)",,,barring-president-members-congress,,barring-president-members-congress,Report,,,,,"U.S. Department of Justice, Office of Legal Counsel, Opinions of the Office of Legal Counsel, Volume 41",,,,,,,"The opinion concludes that the anti-nepotism law does not reach the White House Office, and reasons that a president who appoints a relative, rather than consulting the relative informally, subjects that relative to federal conflict-of-interest laws.","An authoritative statement of what current law allows and of why formal appointment brings a relative under ethics rules, but it does not measure whether relatives in official roles gained privately.",,,,,,
qualified-blind-trust-already-removes,,claim,"A qualified blind trust already removes an official's knowledge of and control over individual holdings, so a ban adds enforcement cost without removing a conflict the trust has not already removed.",,public-office-private-gain,barring-members-congress-president,,,,,,,,,,,,,,,,,,,,,,
caitlin-clark-main-reason,,belief,Caitlin Clark is the main reason WNBA attendance and television ratings rose sharply in 2024 and 2025.,,caitlin-clark,,,,,,,,,,,,,,,,,"The Nielsen gap is not in dispute: in 2024 a national telecast with Caitlin Clark drew about three times the audience of one without her, and league ratings fell by more than half during her 2025 injury. What is thin is proof that the growth away from her, the record 2024 Finals, the Valkyries' 22 sellouts, and a league that set attendance records while she played 13 of 45 games, would have happened without the attention she brought. The fight is really over the word ""main,"" and the 2026 and 2027 seasons will settle it better than any argument.","In 2024, a nationally televised WNBA game with Caitlin Clark on the floor averaged 1.18 million viewers, and one without her averaged 394,000, according to Nielsen figures reported by Sportico.","Did Caitlin Clark cause most of the WNBA's attendance and television growth in 2024 and 2025, or did she arrive as the league was already taking off?","The page most needs a season-level Nielsen comparison of non-Fever WNBA telecasts in 2024 and 2025 on the same measurement basis, so the 2025 growth can be read without the Big Data plus Panel change.",60,Strong,
nationally-televised-wnba-games,,claim,Nationally televised WNBA games with Caitlin Clark playing in 2024 averaged about three times the audience of games without her.,,,caitlin-clark-main-reason,,,,,,,,,,,,,,,,"This deserves heavy weight because it is a direct Nielsen comparison within the same season and the same networks, with a gap of roughly 790,000 viewers per telecast.",,,,,,
league-wide-wnba-television,,claim,League-wide WNBA television ratings fell by more than half during the five games Caitlin Clark missed with a quad injury in June 2025.,,,caitlin-clark-main-reason,,,,,,,,,,,,,,,,"This deserves substantial weight because an injury is the closest thing to a controlled experiment the league has had, though five games is a small sample.",,,,,,
caitlin-clark-brought-ready,,claim,"Caitlin Clark brought a ready-made national audience to the WNBA, because her 2024 NCAA championship game drew more television viewers than the men's final that same weekend.",,,caitlin-clark-main-reason,,,,,,,,,,,,,,,,This deserves moderate weight because it explains where the new WNBA viewers came from rather than proving they stayed for her alone.,,,,,,
finance-professor-ryan-brewer,,claim,"Finance professor Ryan Brewer's model, which projected 2024 WNBA attendance from pre-Clark trends, attributes about 60 percent of the 2024 attendance increase to Caitlin Clark.",,,caitlin-clark-main-reason,,,,,,,,,,,,,,,,"This deserves moderate weight because it is a published model from a named researcher, but it is one model with assumptions anyone can dispute.",,,,,,
attendance-ticket-prices-fever,,claim,"Attendance and ticket prices for the Fever's road games in 2024 rose far above the host teams' other dates, which shows the new crowd followed Clark from city to city.",,,caitlin-clark-main-reason,,,,,,,,,,,,,,,,This deserves moderate weight because road-game spikes rule out the explanation that Indianapolis alone had a basketball awakening.,,,,,,
2024-regular-season-nationally,,claim,"In the 2024 regular season, nationally televised Indiana Fever games averaged 1.18 million viewers while all other WNBA national telecasts averaged 394,000.",,,caitlin-clark-main-reason,,,,,,,,,statistics,,,,,,,"Nielsen figures reported by a sports-business outlet, the strongest single piece of evidence on the page.",,,,,,
during-five-games-caitlin,,claim,"During the five games Caitlin Clark missed with a quad injury in June 2025, league-wide Nielsen ratings fell 55 percent and Fever national telecasts fell from an average of 1.81 million viewers to 847,000.",,,caitlin-clark-main-reason,,,,,,,,,statistics,,,,,,,"A short window and a secondhand report, so strong on direction and weaker on the exact size.",,,,,,
ryan-brewer-associate-professor,,claim,"Ryan Brewer, associate professor of finance at Indiana University Columbus, estimated that Caitlin Clark accounted for 26.5 percent of all WNBA economic activity in 2024 and about 60 percent of the league's attendance increase.",,,caitlin-clark-main-reason,,,,,,,,,expert_data,,,,,,,"A named researcher's model with a stated method, but one model that nobody has independently replicated.",,,,,,
2025-wnba-all-star,,claim,"The 2025 WNBA All-Star Game, which Caitlin Clark sat out injured, drew 2.19 million viewers, down 36 percent from the record 3.44 million for the 2024 game she played in.",,,caitlin-clark-main-reason,,,,,,,,,statistics,,,,,,,"Clean year-over-year comparison of the same event, though the 2025 game had a different format and date as well.",,,,,,
indiana-fever-games-caitlin,,claim,Indiana Fever games with Caitlin Clark on the floor in the 2026 regular season will average at least twice the national television audience of games not involving the Fever.,,,caitlin-clark-main-reason,,,,,,,,,,,,,,,,,,,,,,
indiana-fever-road-games,,claim,Indiana Fever road games in 2026 will draw at least 50 percent more fans than the host team's average for its other home dates.,,,caitlin-clark-main-reason,,,,,,,,,,,,,,,,,,,,,,
nielsen-analysis-showing-once,,claim,"A Nielsen analysis showing that, once the 2025 switch to Big Data plus Panel measurement is adjusted for, WNBA games without the Indiana Fever drew fewer viewers in 2025 than in 2024 would strengthen the belief.",,,caitlin-clark-main-reason,,,,,,,,,,,,,,,,,,,,,,
survey-new-2024-2025,,claim,A survey of new 2024 and 2025 season-ticket buyers at non-Fever teams in which a majority said Caitlin Clark was the reason they started watching the WNBA would strengthen the belief.,,,caitlin-clark-main-reason,,,,,,,,,,,,,,,,,,,,,,
comparing-nielsen-audiences-games,,claim,Comparing Nielsen audiences for games with Caitlin Clark against games without her in the same season fairly isolates her drawing power rather than the time slots and networks the Fever were given.,,,caitlin-clark-main-reason,,,,,,,,,,,,,,,,,,,,,,
without-caitlin-clark-wnba,,claim,"Without Caitlin Clark, WNBA viewership would have kept growing at roughly its 2023 pace of about 20 percent a year rather than roughly tripling.",,,caitlin-clark-main-reason,,,,,,,,,,,,,,,,,,,,,,
christine-brennan-usa-today,,claim,"Christine Brennan, the USA Today sports columnist, argues in her 2025 book On Her Game that Caitlin Clark's arrival did more than any other single event to turn the WNBA into a mainstream television product.",,,caitlin-clark-main-reason,,,,,,,,,,,,,,,,,,,,,,
lebron-james-said-mind,,claim,"LeBron James said on the Mind the Game podcast in May 2024 that the WNBA's growth was in large part because of Caitlin Clark, because more people wanted to watch and tune in when she played.",,,caitlin-clark-main-reason,,,,,,,,,,,,,,,,,,,,,,
ryan-brewer-finance-professor,,claim,"Ryan Brewer, a finance professor at Indiana University Columbus, concluded in an analysis for the Indianapolis Star in December 2024 that Caitlin Clark accounted for 26.5 percent of all WNBA economic activity in her rookie season.",,,caitlin-clark-main-reason,,,,,,,,,,,,,,,,,,,,,,
her-game-caitlin-clark,,media,"On Her Game: Caitlin Clark and the Revolution in Women's Sports, Christine Brennan, 2025",,,caitlin-clark-main-reason,,caitlin-clark-main-reason,Book,,,,,Scribner (Simon & Schuster),,,,,,,"Brennan, a veteran USA Today sports columnist, reports the 2024 season from the inside and argues that Clark's arrival, more than any other single event, turned the WNBA into a mainstream television product.","Deserves moderate weight: a well-sourced journalist's account, but it is openly a case for Clark rather than a neutral weighing, and it reads the 2024 season before the 2025 test of her absence.",,,,,,
wnba-national-viewership-was,,claim,"WNBA national viewership was already rising before Caitlin Clark arrived, with 2023 viewership up 21 percent over 2022 and the most-watched regular season in 21 years.",,,caitlin-clark-main-reason,,,,,,,,,,,,,,,,"This deserves heavy weight because a trend that predates a cause cannot be entirely explained by it, though 2024's jump was far larger than any earlier year's.",,,,,,
wnba-games-teams-no,,claim,"WNBA games and teams with no Fever involvement also set records, including the 2024 Finals, which averaged 1.6 million viewers, and the Golden State Valkyries, who out-drew the Fever at the gate in 2025.",,,caitlin-clark-main-reason,,,,,,,,,,,,,,,,This deserves heavy weight because it shows the audience will show up for the league when Clark is not on the floor.,,,,,,
2024-wnba-rookie-class,,claim,"The 2024 WNBA rookie class, especially Angel Reese, and established stars such as A'ja Wilson brought their own followings, and Clark's biggest television audiences came in Fever-Sky games built on her rivalry with Reese.",,,caitlin-clark-main-reason,,,,,,,,,,,,,,,,"This deserves moderate weight because a rivalry needs two people, so the Clark-Reese games cannot be credited to one of them.",,,,,,
more-wnba-games-were,,claim,"More WNBA games were available on broadcast and basic cable from 2023 onward, including the ION Friday package and more ABC and CBS windows, so more people could find the league whatever team was playing.",,,caitlin-clark-main-reason,,,,,,,,,,,,,,,,"This deserves moderate weight because distribution explains how new fans found games, but it does not explain why they chose Fever games far more often.",,,,,,
caitlin-clark-played-only,,claim,"Caitlin Clark played only 13 of the Fever's 45 games in 2025, yet the WNBA set an all-time attendance record and reported its most-watched regular season since 1998.",,,caitlin-clark-main-reason,,,,,,,,,,,,,,,,"This deserves substantial weight as a natural test, though Nielsen's measurement change in 2025 makes the viewership part of it hard to read.",,,,,,
2024-wnba-finals-between,,claim,"The 2024 WNBA Finals between the New York Liberty and Minnesota Lynx, a series with no Fever involvement, averaged 1.6 million viewers, up 115 percent from 2023 and the most-watched Finals in 25 years.",,,caitlin-clark-main-reason,,,,,,,,,statistics,,,,,,,Network-reported Nielsen figures; the strongest evidence that the 2024 audience stayed when Clark left the postseason.,,,,,,
wnba-national-viewership-2023,,claim,"WNBA national viewership in 2023, the season before Caitlin Clark was drafted, was up 21 percent over 2022 across ABC, CBS, ESPN and ESPN2, the most-watched regular season in 21 years.",,,caitlin-clark-main-reason,,,,,,,,,statistics,,,,,,,"A league press release, but the underlying Nielsen numbers were widely confirmed, and they show growth before Clark.",,,,,,
may-2024-new-york,,claim,"In May 2024, New York Liberty home games that did not involve the Fever averaged 10,593 fans against 7,247 for the same number of early home dates in 2023, and Connecticut Sun non-Fever dates averaged 6,901 against 5,201.",,,caitlin-clark-main-reason,,,,,,,,,statistics,,,,,,,"Team-reported attendance for a few early dates, useful for direction but a small sample from one month.",,,,,,
if-indiana-fever-2026,,claim,"If the Indiana Fever are not in the 2026 WNBA Finals, that series will still average at least 1.5 million viewers per game.",,,caitlin-clark-main-reason,,,,,,,,,,,,,,,,,,,,,,
least-four-wnba-teams,,claim,"At least four WNBA teams other than the Indiana Fever will average more than 12,000 fans per home game in the 2027 regular season.",,,caitlin-clark-main-reason,,,,,,,,,,,,,,,,,,,,,,
full-wnba-season-which,,claim,A full WNBA season in which Caitlin Clark misses most of the Fever's games while league-wide attendance and national viewership both rise on a like-for-like Nielsen basis would weaken the belief.,,,caitlin-clark-main-reason,,,,,,,,,,,,,,,,,,,,,,
nielsen-data-showing-national,,claim,Nielsen data showing that national telecasts without the Indiana Fever grew faster than Fever telecasts in both 2025 and 2026 would weaken the belief.,,,caitlin-clark-main-reason,,,,,,,,,,,,,,,,,,,,,,
rise-wnba-viewership-was,,claim,"A rise in WNBA viewership that was already under way in 2022 and 2023 would have continued without Caitlin Clark, because its causes (more broadcast windows, a stronger college pipeline, more marketing) were already in place.",,,caitlin-clark-main-reason,,,,,,,,,,,,,,,,,,,,,,
2024-rookie-class-whole,,claim,"The 2024 rookie class as a whole, especially Angel Reese, plus established stars like A'ja Wilson, would have drawn much of the same new audience even if Clark had never been drafted.",,,caitlin-clark-main-reason,,,,,,,,,,,,,,,,,,,,,,
wnba-s-2025-attendance,,claim,"The WNBA's 2025 attendance and viewership records, set while Caitlin Clark missed 32 of 45 Fever games, show that the league's growth now stands on its own.",,,caitlin-clark-main-reason,,,,,,,,,,,,,,,,,,,,,,
sheila-johnson-co-owner,,claim,"Sheila Johnson, co-owner of the Washington Mystics, said in December 2024 that the WNBA's growth could not be pinned on one player, that Angel Reese and the whole 2024 draft class deserved credit, and that Time should have put the entire league on its Athlete of the Year cover instead of Caitlin Clark alone.",,,caitlin-clark-main-reason,,,,,,,,,,,,,,,,,,,,,,
angel-reese-said-june,,claim,"Angel Reese said in June 2024 that the reason people were watching women's basketball was not just because of one person but because of her too, and that she wanted people to realize that.",,,caitlin-clark-main-reason,,,,,,,,,,,,,,,,,,,,,,
wnba-viewership-hits-high,,media,"WNBA viewership hits high largely without Clark, but with caveats, Jon Lewis, Sports Media Watch, September 2025",,,caitlin-clark-main-reason,,caitlin-clark-main-reason,Article,,,,,Sports Media Watch,,,,,,,"Lewis reports that the 2025 regular season averaged 969,000 viewers across ABC, ESPN, CBS and ION, the highest since 1998, in a year Clark played only 13 of the Fever's 45 games, while warning that Nielsen's switch to Big Data + Panel measurement could account for the 3 percent year-over-year rise.","Deserves heavy weight: it is the most direct evidence that the league's audience held without Clark, and it is honest about the measurement change that makes the comparison inexact.",,,,,,
wnba-2025-season-numbers,,media,"WNBA 2025 season in numbers: Did Caitlin Clark's absence impact engagement?, Josh Sim, SportsPro, October 16, 2025",,,caitlin-clark-main-reason,,caitlin-clark-main-reason,Article,,,,,SportsPro,,,,,,,"Sim's season review finds that total attendance reached 3.15 million (up 34 percent), the Golden State Valkyries averaged a record 18,064 fans, Disney networks grew 6 percent and CBS 17 percent, all in a season Clark mostly missed, with ION the one network that fell.","Deserves substantial weight: it gathers the attendance, viewership and sponsorship figures in one place and shows growth spread across many teams and networks, though it leans on league and network press releases for its numbers.",,,,,,
nielsen-46-billion-minutes,,media,"Nielsen: 46 Billion Minutes of Women's Sports were Consumed in 2025, Nielsen, 2026",,,caitlin-clark-main-reason,,caitlin-clark-main-reason,Report,,,,,Nielsen News Center,,,,,,,"Nielsen's year-end report shows women's sports growing across tennis, college basketball and soccer as well as the WNBA, whose 2025 season reached 220 million hours of viewing (up 16 percent) with Clark sidelined for most of it.","Deserves moderate weight: it shows a rising tide across women's sports that no single player can explain, but Nielsen measures what was watched, not why, and the 2025 figures use its new method.",,,,,,
indiana-fever-season-ticket,,interest,Indiana Fever season-ticket holders need the team's home games to stay sold out so their seats hold resale value and the arena atmosphere lasts.,,,caitlin-clark-main-reason,,caitlin-clark-main-reason,,,,Prosperity,Fever home sellouts per season and average resale ticket price,,,,,Sellouts and resale prices hold as long as Clark is healthy and fall when she is out.,Sellouts and prices hold whether or not Clark plays.,,,"Fever season-ticket holders have the most direct stake in Clark being the draw, and their interest is easy to measure at the gate.",,,,,,
ticket-sales-staff-eleven,,interest,Ticket-sales staff at the eleven other WNBA teams need Fever visits to fill their buildings so their season revenue targets are met.,,,caitlin-clark-main-reason,,caitlin-clark-main-reason,,,,Prosperity,attendance at Fever road games compared with the host team's other home dates,,,,,Fever dates sell out and other dates lag.,Attendance is similar across opponents.,,,"Road-game spikes in 2024 make this a real interest, though it fades as other teams' own crowds grow.",,,,,,
wnba-players-twelve-teams,,interest,WNBA players on the twelve teams other than the Fever need the league's new revenue credited to the whole league so the next collective bargaining agreement raises every salary.,,,caitlin-clark-main-reason,,caitlin-clark-main-reason,,,,Fairness,revenue share and minimum salary in the next collective bargaining agreement,,,,,Owners can argue the revenue rests on one player and resist league-wide raises.,Players can argue the growth belongs to all of them and bargain for a larger share.,,,This is the interest with the most money riding on how the growth is explained.,,,,,,
owners-who-paid-250,,interest,"Owners who paid 250 million dollars each for the Cleveland, Detroit and Philadelphia expansion teams need the WNBA's audience to belong to the league rather than to one player.",,,caitlin-clark-main-reason,,caitlin-clark-main-reason,,,,Prosperity,franchise valuations and first-season attendance in the three expansion cities,,,,,Valuations and attendance depend on Clark still playing when the teams launch.,Valuations and attendance hold on the league's own strength.,,,"The expansion fees are documented and the teams launch years from now, so this interest is large but slow to measure.",,,,,,
black-wnba-stars-such,,interest,Black WNBA stars such as A'ja Wilson and Angel Reese need their part in the league's growth recognized so endorsement money is not steered to one player.,,,caitlin-clark-main-reason,,caitlin-clark-main-reason,,,,Fairness,number and value of endorsement deals per player,,,,,Endorsement money concentrates on Clark.,Endorsement money spreads across the league's stars.,,,"SportsPro reported Reese and Breanna Stewart led all players with 22 deals each in 2025, so the money is not all flowing one way.",,,,,,
putting-indiana-fever-games,,claim,Putting Indiana Fever games in the most valuable national broadcast windows raises the WNBA's average national telecast audience by several hundred thousand viewers per game.,,,caitlin-clark-main-reason,,,,,,,,,,,,,,,,"The 2024 gap between Fever and non-Fever telecasts was about 790,000 viewers, so this is a large, well-measured effect.",,,,,,
fever-visits-sell-out,,claim,"Fever visits sell out arenas across the league, so host teams' ticket revenue rises on those dates.",,,caitlin-clark-main-reason,,,,,,,,,,,,,,,,"Road-game sellouts in 2024 are well documented, but a league-wide per-game average over the host's norm has not been published.",,,,,,
protecting-caitlin-clark-s,,claim,Protecting Caitlin Clark's health and playing time keeps the league's biggest audience draw on the court for more telecasts each season.,,,caitlin-clark-main-reason,,,,,,,,,,,,,,,,"The 2025 difference between Fever telecasts with and without Clark was about 960,000 viewers, from a five-game sample.",,,,,,
building-schedules-marketing-around,,claim,Building schedules and marketing around one player makes the WNBA's national audience fall sharply whenever Caitlin Clark is hurt or resting.,,,caitlin-clark-main-reason,,,,,,,,,,,,,,,,"The 55 percent figure comes from a five-game window in 2025, so it is a real cost whose exact size is uncertain.",,,,,,
crediting-wnba-s-growth,,claim,Crediting the WNBA's growth to Caitlin Clark alone gives team owners a reason to resist league-wide salary increases in collective bargaining.,,,caitlin-clark-main-reason,,,,,,,,,,,,,,,,"The bargaining fight is real, but how much the single-cause story moves salary numbers is not measurable yet.",,,,,,
expansion-teams-cleveland-detroit,,claim,"Expansion teams in Cleveland, Detroit and Philadelphia that begin play between 2028 and 2030 face a market that may shrink once Caitlin Clark's career ends.",,,caitlin-clark-main-reason,,,,,,,,,,,,,,,,"The fee is documented; the risk depends on how much of the audience is hers, which is the question this page asks.",,,,,,
promoting-one-white-star,,claim,Promoting one white star above Black stars who draw crowds of their own deepens a grievance about race inside the WNBA.,,,caitlin-clark-main-reason,,,,,,,,,,,,,,,,"Named owners and players have raised this publicly, but the dollar effect on any one player's deals is not measured.",,,,,,
ratio-average-national-television,,claim,"The ratio of average national television viewership for WNBA games Caitlin Clark plays to games she does not play, taken from Nielsen figures as reported by Sports Media Watch, is a fair measure of how much of the audience is hers.",,,caitlin-clark-main-reason,,,,,,,,,,,,,,,,,,,,,,
change-average-attendance-national,,claim,"The change in average attendance and national viewership for WNBA games that do not involve the Indiana Fever, from 2023 to 2025, is a fair measure of how much growth happened away from Caitlin Clark.",,,caitlin-clark-main-reason,,,,,,,,,,,,,,,,,,,,,,
wnba-attendance-viewership-season,,claim,"WNBA attendance and viewership in a season Caitlin Clark mostly misses, compared with the season before, is a fair measure of whether the league's growth depends on her.",,,caitlin-clark-main-reason,,,,,,,,,,,,,,,,,,,,,,
nationally-televised-wnba-games-2,,claim,Nationally televised WNBA games with Caitlin Clark drew far more viewers in 2024 and 2025 than games without her.,,,caitlin-clark-main-reason,,,,,,,,,,,,,,,,,,,,,,
gap-between-clark-games,,claim,The gap between Clark games and other games reflects viewers choosing to watch Caitlin Clark rather than the networks placing Fever games in better time slots and on bigger channels.,,,caitlin-clark-main-reason,,,,,,,,,,,,,,,,,,,,,,
without-caitlin-clark-wnba-2,,claim,"Without Caitlin Clark, WNBA attendance and television ratings would have grown only modestly from their 2023 levels in 2024 and 2025.",,,caitlin-clark-main-reason,,,,,,,,,,,,,,,,,,,,,,
networks-league-will-keep,,claim,"Networks and the league will keep scheduling Indiana Fever games in their best national windows, and Caitlin Clark's health will be treated as the single largest risk to each season's television numbers, as it was during her June 2025 injury.",,,caitlin-clark-main-reason,,,,,,,,,,,,,,,,,,,,,,
collective-bargaining-between-wnba,,claim,Collective bargaining between the WNBA and its players will be fought partly over whether the league's new revenue belongs to one player's draw or to the whole league.,,,caitlin-clark-main-reason,,,,,,,,,,,,,,,,,,,,,,
wnba-s-audience-over,,claim,"The WNBA's audience over the next decade will track Caitlin Clark's career arc, falling off when she retires or declines unless other stars have built followings of their own by then.",,,caitlin-clark-main-reason,,,,,,,,,,,,,,,,,,,,,,
league-will-design-its,,claim,"The league will design its marketing, media rights and expansion plans around superstar-driven demand, as the NBA did in the Michael Jordan era, rather than around balanced team-by-team growth.",,,caitlin-clark-main-reason,,,,,,,,,,,,,,,,,,,,,,
without-caitlin-clark-wnba-3,,claim,"Without Caitlin Clark, WNBA attendance and television ratings would have stayed close to their 2023 levels in 2024 and 2025.",,,caitlin-clark-main-reason,,,,,,,,,,,,,,,,,,,,,,
caitlin-clark-accounts-more,,claim,Caitlin Clark accounts for more than half of the WNBA's revenue growth since 2023.,,,caitlin-clark-main-reason,,,,,,,,,,,,,,,,,,,,,,
caitlin-clark-was-single,,claim,"Caitlin Clark was the single largest of several causes of the WNBA's audience growth in 2024, but not of its growth in 2025.",,,caitlin-clark-main-reason,,,,,,,,,,,,,,,,,,,,,,
caitlin-clark-s-arrival,,claim,Caitlin Clark's arrival accelerated a WNBA audience rise that was already under way before she was drafted.,,,caitlin-clark-main-reason,,,,,,,,,,,,,,,,,,,,,,
opposing-players-have-targeted,,belief,Opposing players have targeted Caitlin Clark with harder and more frequent physical play than other rookies and stars receive.,,caitlin-clark,,,,,,,,,,,,,,,,,"The flagrant-foul counts are lopsided and checkable: six of the league's 35 in 2024 and nine in her first 72 games, more than any other player, with several of the worst hits missed live and upgraded only on review. The counts of ordinary fouls tell a different story (11th in fouls drawn per game in June 2024, 4.5 free throw attempts per game in 2024), her lost 2025 season came from soft-tissue injuries, and no one has yet separated deliberate targeting from her playing style and the extra attention referees and the league office pay her, which is where the real fight sits.","Caitlin Clark's 2026 season ended on October 1 with blood in her mouth from an elbow that drew no whistle, in a playoff game where the Aces shot 35 free throws to the Fever's 20 (New York Post, October 2, 2026).","Do opposing players hit Caitlin Clark harder and more often than they hit other WNBA rookies and stars, or does she draw the same contact under far more cameras?","This page most needs a per-36-minute count of flagrant fouls drawn for every WNBA player from 2024 through 2026, so Clark's nine can be set against players with similar minutes and usage.",60,Moderate,
caitlin-clark-drew-six,,claim,"Caitlin Clark drew six of the WNBA's 35 flagrant fouls in 2024, double the next most-fouled player, which is far more than a single player's share of minutes would predict.",,,opposing-players-have-targeted,,,,,,,,,,,,,,,,"This deserves heavy weight because it is a hard count from official box scores, though a count of flagrants cannot by itself prove the fouls were deliberate.",,,,,,
opposing-coaches-have-said,,claim,Opposing coaches have said on the record that they instruct their players to be physical with Caitlin Clark because she does not like physicality.,,,opposing-players-have-targeted,,,,,,,,,,,,,,,,"Moderate weight: Natalie Nakase's June 2025 remark shows a deliberate plan to use contact against Clark, but a legal physical defense is not the same thing as a dangerous foul.",,,,,,
several-hardest-hits-caitlin,,claim,"Several of the hardest hits on Caitlin Clark, including the 2024 Chennedy Carter hip check, the 2025 Marina Mabrey shove and the 2026 Alyssa Thomas blow to the throat, drew no flagrant call live and were upgraded only after the league reviewed video.",,,opposing-players-have-targeted,,,,,,,,,,,,,,,,"Moderate weight: a pattern of missed live calls supports the claim that she is protected less than others, though missed calls happen to many players and are rarely tracked.",,,,,,
caitlin-clark-has-drawn,,claim,"Caitlin Clark has drawn more flagrant fouls than any other WNBA player since she entered the league in 2024, nine in her first 72 games, while players with far more games drew fewer.",,,opposing-players-have-targeted,,,,,,,,,,,,,,,,"Strong weight: this is the cleanest cross-player comparison available, since it measures the same thing for every player over the same seasons.",,,,,,
caitlin-clark-s-own,,claim,"Caitlin Clark's own teammates and coaches, including Sophie Cunningham and Christie Sides, have said publicly that opponents target her and have sent video of fouls to the league asking for action.",,,opposing-players-have-targeted,,,,,,,,,,,,,,,,"Low to moderate weight: the people closest to the games see the contact every night, but they are also the people with the strongest reason to say it.",,,,,,
players-fouling-caitlin-clark,,claim,"Players fouling Caitlin Clark accounted for six of the WNBA's 35 flagrant fouls in the 2024 regular season, 17.1 percent, and under the assumption that every player had the same chance per minute of being flagrantly fouled the probability of her drawing six was about 1 in 100,000.",,,opposing-players-have-targeted,,,,,,,,,statistics,1,100,,,,,"The count is checkable from box scores and the arithmetic is simple, but the equal-chance assumption is exactly what the other side disputes.",,,,,,
caitlin-clark-had-drawn,,claim,"Caitlin Clark had drawn nine flagrant fouls in her first 72 WNBA games, the most of any player since 2024, while Chelsea Gray drew eight in 107 games, Allisha Gray six in 105, Kelsey Mitchell five in 112 and Angel Reese four in 82.",,,opposing-players-have-targeted,,,,,,,,,statistics,,,,,,,This is the best cross-player comparison in print; it would be stronger if normalized by minutes and usage rather than games.,,,,,,
wnba-suspended-phoenix-s,,claim,"The WNBA suspended Phoenix's Alyssa Thomas for one game and assessed a flagrant foul for a non-basketball act after her fist struck Caitlin Clark's throat on June 22, 2026, a play on which referees called no foul live.",,,opposing-players-have-targeted,,,,,,,,,record,,,,,,,"An official league record of a dangerous play missed live; one case cannot show a pattern, but it is the kind of case the pattern is made of.",,,,,,
chicago-sky-committed-four,,claim,"The Chicago Sky committed four of the flagrant fouls on Caitlin Clark in 2024, roughly one flagrant per Fever-Sky game that season.",,,opposing-players-have-targeted,,,,,,,,,statistics,,,,,,,A concentration in one rivalry supports deliberate physicality from that team more than it supports a league-wide pattern.,,,,,,
caitlin-clark-will-still,,claim,Caitlin Clark will still lead all WNBA players in flagrant fouls drawn since 2024 when the 2027 regular season ends.,,,opposing-players-have-targeted,,,,,,,,,,,,,,,,,,,,,,
wnba-will-upgrade-least,,claim,The WNBA will upgrade at least two fouls on Caitlin Clark to flagrant status after video review during the 2027 regular season.,,,opposing-players-have-targeted,,,,,,,,,,,,,,,,,,,,,,
review-every-flagrant-foul,,claim,"A review of every flagrant foul from 2024 through 2026 finds that Caitlin Clark's rate per 36 minutes is at least double that of every other player with 2,000 or more minutes.",,,opposing-players-have-targeted,,,,,,,,,,,,,,,,,,,,,,
former-wnba-player-coach,,claim,A former WNBA player or coach states on the record that a team's game plan included fouling Caitlin Clark harder than the rules allow.,,,opposing-players-have-targeted,,,,,,,,,,,,,,,,,,,,,,
flagrant-fouls-called-upgraded,,claim,"Flagrant fouls as called and upgraded by the WNBA are a fair gauge of how hard a player is hit, so the player who draws the most flagrant fouls has been hit the hardest.",,,opposing-players-have-targeted,,,,,,,,,,,,,,,,,,,,,,
opposing-players-coaches-can,,claim,"Opposing players and coaches can decide before a game to use extra contact against one particular opponent, and that decision shows up in the fouls she draws.",,,opposing-players-have-targeted,,,,,,,,,,,,,,,,,,,,,,
caitlin-clark-s-high,,claim,Caitlin Clark's high usage and driving style cannot by themselves explain a share of flagrant fouls that runs far above her share of minutes played.,,,opposing-players-have-targeted,,,,,,,,,,,,,,,,,,,,,,
indiana-fever-coach-christie,,claim,Indiana Fever coach Christie Sides said in June 2024 that some of the fouls on Caitlin Clark had crossed the line and that she would keep sending video clips to the WNBA league office until something was done about it.,,,opposing-players-have-targeted,,,,,,,,,,,,,,,,,,,,,,
indiana-fever-general-manager,,claim,"Indiana Fever general manager Lin Dunn posted on X in June 2024, after Chennedy Carter's hip check on Caitlin Clark, that the league needed to clean up the unnecessary targeting actions against Clark.",,,opposing-players-have-targeted,,,,,,,,,,,,,,,,,,,,,,
indiana-fever-coach-stephanie,,claim,"Indiana Fever coach Stephanie White said on July 16, 2025 that the physicality teams are allowed to play with against Caitlin Clark for 40 minutes a game is a factor in her soft-tissue injuries.",,,opposing-players-have-targeted,,,,,,,,,,,,,,,,,,,,,,
analysis-flagrant-fouls-2024,,media,"Analysis of Flagrant Fouls in the 2024 WNBA season, Vaughn Hajra, 2024",,,opposing-players-have-targeted,,opposing-players-have-targeted,Article,,,,,Statsurge (Substack),,,,,,,"The piece counts all 35 flagrant fouls called in the 2024 WNBA season, finds that Caitlin Clark drew six of them (double the next player) and puts the odds of that happening by chance at about one in 100,000.","Moderate weight: it is a careful count from public box scores, but it covers one season, one writer did it, and it names referee attention as one of three possible causes rather than settling on targeting.",,,,,,
fever-s-stephanie-white,,media,"Fever's Stephanie White says physicality allowed against Caitlin Clark is a 'factor' in her injury issues, CBS Sports, 2025",,,opposing-players-have-targeted,,opposing-players-have-targeted,Article,,,,,CBS Sports,,,,,,,"The article records Fever coach Stephanie White saying in July 2025 that the grabbing, bumping and holding Clark absorbs for 40 minutes changes how she loads and accelerates, and that the physicality teams are allowed to use against her is a factor in her soft-tissue injuries.","Moderate weight: it ties the contact to a real cost and comes from the coach who watches every possession, but it is a coach's judgment, not a medical finding, and she has every reason to want more calls for her star.",,,,,,
june-2024-caitlin-clark,,claim,"In June 2024 Caitlin Clark ranked 11th in the WNBA in fouls drawn per game at 4.2, so ten players were fouled more often than she was during the stretch when the targeting debate was loudest.",,,opposing-players-have-targeted,,,,,,,,,,,,,,,,"Strong weight against the 'more frequent' half of the claim, because ordinary fouls are far more common than flagrants and here Clark looks like one star among many.",,,,,,
caitlin-clark-s-playing,,claim,"Caitlin Clark's playing style, with high usage, constant ball handling and drives into traffic, puts her in more contact situations per game than most players, so more fouls on her are expected without any special intent.",,,opposing-players-have-targeted,,,,,,,,,,,,,,,,"Moderate weight: usage explains a large share of fouls drawn for any star, though it does not explain why her flagrant share is so much higher than her minutes share.",,,,,,
veteran-wnba-players-longtime,,claim,"Veteran WNBA players and longtime observers say the shoves, grabs and hard screens Caitlin Clark faces are what every newcomer to the league has faced, and only the television attention is new.",,,opposing-players-have-targeted,,,,,,,,,,,,,,,,"Moderate weight: the league has long been physical, but the people saying so have not produced counts for earlier rookies to compare against Clark's.",,,,,,
heightened-attention-caitlin-clark,,claim,"Heightened attention to Caitlin Clark leads referees and the league office to review and upgrade contact against her that would pass unremarked against other players, inflating her flagrant count.",,,opposing-players-have-targeted,,,,,,,,,,,,,,,,"Moderate weight: this is one of the three explanations the only published statistical analysis offered, and it cannot be ruled out without a review-rate comparison across players.",,,,,,
june-4-2024-caitlin,,claim,"As of June 4, 2024, Caitlin Clark ranked 11th in the WNBA in fouls drawn per game at 4.2, first among rookies but behind ten veterans.",,,opposing-players-have-targeted,,,,,,,,,statistics,,,,,,,"Solid league data for the stretch in question; it covers common fouls, which are the 'more frequent' half of the claim, and there Clark was not exceptional.",,,,,,
caitlin-clark-attempted-4,,claim,"Caitlin Clark attempted 4.5 free throws per game in 2024 with a 27.7 percent usage rate, a modest free throw rate for a player who handled the ball as much as she did.",,,opposing-players-have-targeted,,,,,,,,,statistics,,,,,,,"Free throws are a rough proxy for fouls drawn in the act of shooting, and they do not show a player being hacked at an unusual rate.",,,,,,
least-one-other-wnba,,claim,At least one other WNBA player will draw flagrant fouls at a higher rate per game than Caitlin Clark across the 2026 and 2027 seasons combined.,,,opposing-players-have-targeted,,,,,,,,,,,,,,,,,,,,,,
caitlin-clark-will-rank,,claim,Caitlin Clark will rank outside the top ten WNBA players in fouls drawn per game for the 2027 regular season.,,,opposing-players-have-targeted,,,,,,,,,,,,,,,,,,,,,,
per-minute-count-shows,,claim,A per-minute count shows that two or more other WNBA stars drew flagrant fouls at rates within 20 percent of Caitlin Clark's over 2024 through 2026.,,,opposing-players-have-targeted,,,,,,,,,,,,,,,,,,,,,,
comparison-rookie-seasons-shows,,claim,"A comparison of rookie seasons shows that earlier top picks such as Diana Taurasi, Candace Parker or Breanna Stewart drew flagrant fouls at rates similar to Caitlin Clark's once minutes and usage are matched.",,,opposing-players-have-targeted,,,,,,,,,,,,,,,,,,,,,,
attention-caitlin-clark-changes,,claim,"The attention on Caitlin Clark changes which plays get reviewed and upgraded, so her flagrant foul record measures scrutiny as much as it measures contact.",,,opposing-players-have-targeted,,,,,,,,,,,,,,,,,,,,,,
wnba-has-always-been,,claim,"The WNBA has always been a physical league, and the contact Caitlin Clark faces is the same welcome every star guard has received on arrival.",,,opposing-players-have-targeted,,,,,,,,,,,,,,,,,,,,,,
hard-defense-stays-within,,claim,"Hard defense that stays within the rules is strategy and not targeting, even when a coach says before the game that it is aimed at one player.",,,opposing-players-have-targeted,,,,,,,,,,,,,,,,,,,,,,
wnba-commissioner-cathy-engelbert,,claim,"WNBA commissioner Cathy Engelbert said on June 12, 2024 that everybody was watching Caitlin Clark and so focused only on her, that nobody had said she was targeted in the game in question, and that across other games with other players the WNBA is simply a physical game.",,,opposing-players-have-targeted,,,,,,,,,,,,,,,,,,,,,,
espn-analyst-rebecca-lobo,,claim,"ESPN analyst Rebecca Lobo posted on X on September 1, 2024 that Caitlin Clark's five flagrant fouls drawn in 32 games should be read against Satou Sabally's four in 38 games in 2023 and Aerial Powers's five in 35 games in 2022, which she offered as context against the idea that Clark's treatment was unprecedented.",,,opposing-players-have-targeted,,,,,,,,,,,,,,,,,,,,,,
connecticut-sun-guard-natasha,,claim,"Connecticut Sun guard Natasha Cloud said on The Pivot podcast on March 14, 2025 that there was no targeting of Caitlin Clark or Angel Reese in 2024 and that the story of veterans going after certain rookies was invented.",,,opposing-players-have-targeted,,,,,,,,,,,,,,,,,,,,,,
touch-more-sue-bird,,media,"A Touch More, Sue Bird and Megan Rapinoe, episode of October 2, 2024",,,opposing-players-have-targeted,,opposing-players-have-targeted,Podcast,,,,,A Touch More (podcast),,,,,,,"Bird, a former No. 1 pick, says the idea that players deliberately target Clark is about the biggest insult you can throw at a league of athletes, and that full-court pressure on a rookie star is smart defense, not a vendetta.","Moderate weight: Bird speaks from twenty seasons of being guarded as a star and from watching the games, but she offers experience rather than counts, and she is defending her own peers.",,,,,,
pivot-episode-natasha-cloud,,media,"The Pivot, episode with Natasha Cloud, March 14, 2025",,,opposing-players-have-targeted,,opposing-players-have-targeted,Podcast,,,,,The Pivot (podcast),,,,,,,"Connecticut Sun guard Natasha Cloud says the game has always been physical, that there was no targeting of Clark or Angel Reese in 2024, and that the veterans-versus-rookies story was spun up by people outside the league.","Low to moderate weight: an active defender's account of what happens on the floor matters, but she is one of the players accused, and she gives no comparison to earlier rookies.",,,,,,
christine-brennan-s-caitlin,,media,"Christine Brennan's Caitlin Clark Book Is More About Gripes Than Greatness, Maitreyi Anantharaman, 2025",,,opposing-players-have-targeted,,opposing-players-have-targeted,Article,,,,,Defector,,,,,,,"The review argues that Brennan's book builds the targeting story through insinuation, piling incidents into a chapter on controversy and treating player pushback as jealousy rather than testing the claim against how other stars are guarded.","Low to moderate weight: it is a critique of the strongest book on the agree side rather than new evidence, and it is useful mainly for showing where that book argues instead of counting.",,,,,,
indiana-fever-season-ticket-2,,interest,Indiana Fever season-ticket holders need Caitlin Clark on the floor for the games they have paid for.,,,opposing-players-have-targeted,,opposing-players-have-targeted,,,,Prosperity,Regular-season games Clark plays out of the Fever's schedule.,,,,,Games played stays below the full schedule as long as dangerous contact goes unpunished.,"Games played tracks her health, with hard fouls making no difference.",,,"Their interest is direct and financial, though her 2025 absences show health can fail without any hard foul.",,,,,,
wnba-players-need-rules,,interest,"WNBA players need rules against non-basketball contact enforced during the game, not after it.",,,opposing-players-have-targeted,,opposing-players-have-targeted,,,,Safety,Share of flagrant fouls called live rather than upgraded after video review.,,,,,The live-call share for fouls on Clark stays well below the league-wide share.,The live-call share for fouls on Clark matches the league-wide share.,,,"Every player benefits from live enforcement, which is why Clark framed her July 2026 comments around protecting all players.",,,,,,
rookies-entering-wnba-need,,interest,Rookies entering the WNBA need a league where a newcomer's first season is not a test of how much contact she can absorb.,,,opposing-players-have-targeted,,opposing-players-have-targeted,,,,Fairness,Flagrant fouls drawn per 36 minutes by first-year players compared with veterans.,,,,,"Rookie rates, led by Clark's, run well above veteran rates.",Rookie rates match veteran rates once minutes are equal.,,,"Clark's case is the loudest, but the interest belongs to every draft class.",,,,,,
wnba-veteran-players-need,,interest,WNBA veteran players need their physical defense judged by the same standard against every opponent.,,,opposing-players-have-targeted,,opposing-players-have-targeted,,,,Fairness,Fines and suspensions for contact involving Clark compared with fines and suspensions for similar contact involving other players.,,,,,Penalties involving Clark rise because the contact really is worse.,"Penalties involving Clark rise even though the contact is the same, which is a double standard.",,,Veterans like Diana Taurasi have said the league was always this physical; their interest is in not being punished for a style that predates Clark.,,,,,,
black-wnba-players-need,,interest,Black WNBA players need coverage that does not cast them as villains for ordinary basketball contact.,,,opposing-players-have-targeted,,opposing-players-have-targeted,,,,Dignity,"Players reporting threats, doxxing or racist abuse after a foul on Clark.",,,,,Reports continue because the fouls are real and the story has a basis.,"Reports continue even though the fouls are ordinary, so the harm has no basis.",,,"Alyssa Thomas reported death threats and doxxing in June 2026, and Clark publicly condemned it, so this interest is acknowledged on both sides.",,,,,,
wnba-referees-need-judged,,interest,WNBA referees need to be judged by game-wide standards rather than by one player's viral clips.,,,opposing-players-have-targeted,,opposing-players-have-targeted,,,,Accuracy,Share of league officiating reviews and public criticism that concern one player.,,,,,The Clark share of reviews is high because the contact on her is worse.,"The Clark share of reviews is high only because of attention, and referees are graded on a distorted sample.",,,"Referees have the most to lose from a story told in clips, and the most to gain from the per-player counts this page asks for.",,,,,,
if-wnba-accepts-caitlin,,claim,"If the WNBA accepts that Caitlin Clark draws dangerous contact at an unusual rate and calls it live, the number of flagrant fouls that referees miss live and the league upgrades afterward will fall.",,,opposing-players-have-targeted,,,,,,,,,,,,,,,,Live calls are the only enforcement that changes behavior in the moment; a league that upgrades three or more fouls a season after the fact is admitting it missed them.,,,,,,
if-opponents-stop-hitting,,claim,"If opponents stop hitting Caitlin Clark with non-basketball contact, the Indiana Fever's best player will be available for more of the games that ticket holders pay to see.",,,opposing-players-have-targeted,,,,,,,,,,,,,,,,"The link between hard fouls and games missed is weaker than it sounds, since her 2025 absences were soft-tissue injuries, so the magnitude is left blank.",,,,,,
if-league-publishes-per,,claim,"If the league publishes per-player counts of flagrant fouls drawn and missed calls, fans and players arguing about Caitlin Clark will have a shared set of numbers instead of dueling highlight clips.",,,opposing-players-have-targeted,,,,,,,,,,,,,,,,"Transparency helps whichever side is right, which is why both sides should want it.",,,,,,
if-league-treats-contact,,claim,"If the league treats contact against Caitlin Clark as uniquely dangerous, defenders who play a long-standing physical style will be fined and suspended for plays that drew ordinary fouls against other players.",,,opposing-players-have-targeted,,,,,,,,,,,,,,,,"One suspension (Alyssa Thomas, June 2026) already rests on this question, so the cost is real but small in count.",,,,,,
if-every-hard-foul,,claim,"If every hard foul on Caitlin Clark is framed as targeting, the mostly Black players named in those clips will absorb harassment and threats, as Alyssa Thomas reported in June 2026.",,,opposing-players-have-targeted,,,,,,,,,,,,,,,,Clark herself condemned this harassment in July 2026; it is a documented cost of the targeting story whether or not the story is true.,,,,,,
if-referees-told-watch,,claim,"If referees are told to watch Caitlin Clark more closely, they will call fouls on contact against her that they let go against others, producing the uneven officiating the belief complains about from the other direction.",,,opposing-players-have-targeted,,,,,,,,,,,,,,,,"This is a real risk but no one has measured it, so the magnitude stays blank.",,,,,,
flagrant-fouls-drawn-per,,claim,"Flagrant fouls drawn per 36 minutes, compared with the same figure for the ten WNBA players with the highest usage rates over the same seasons, is a fair measure of whether Caitlin Clark absorbs more dangerous contact than other stars.",,,opposing-players-have-targeted,,,,,,,,,,,,,,,,,,,,,,
personal-fouls-drawn-per,,claim,"Personal fouls drawn per 100 possessions, ranked among all WNBA players with at least 500 minutes in a season, is a fair measure of how often Caitlin Clark is fouled at all compared with other stars.",,,opposing-players-have-targeted,,,,,,,,,,,,,,,,,,,,,,
share-flagrant-fouls-player,,claim,"The share of flagrant fouls on a player that referees miss live and the league upgrades after video review, compared with the same share for every other player, is a fair measure of whether officials protect Caitlin Clark less than they protect others.",,,opposing-players-have-targeted,,,,,,,,,,,,,,,,,,,,,,
caitlin-clark-has-drawn-2,,claim,Caitlin Clark has drawn flagrant fouls at a higher rate per game than other WNBA stars and rookies since 2024.,,,opposing-players-have-targeted,,,,,,,,,,,,,,,,,,,,,,
extra-contact-caitlin-clark,,claim,The extra contact Caitlin Clark draws comes from choices her opponents make rather than from her own style of play.,,,opposing-players-have-targeted,,,,,,,,,,,,,,,,,,,,,,
referees-wnba-league-office,,claim,Referees and the WNBA league office apply the same standard of review to contact on Caitlin Clark as to contact on other players.,,,opposing-players-have-targeted,,,,,,,,,,,,,,,,,,,,,,
referees-will-call-more,,claim,"Referees will call more fouls on contact against Caitlin Clark in the season after the WNBA acts, and the share of her flagrant fouls called live rather than upgraded days later on review will rise.",,,opposing-players-have-targeted,,,,,,,,,,,,,,,,,,,,,,
opposing-coaches-will-stop,,claim,"Opposing coaches will stop saying on the record that they plan to play Caitlin Clark physically because she does not like it, since such remarks would invite fines once the league treats them as evidence of targeting.",,,opposing-players-have-targeted,,,,,,,,,,,,,,,,,,,,,,
rookies-who-arrive-wnba,,claim,"Rookies who arrive in the WNBA with large followings will be guarded under the same contact rules as veterans, and their rates of flagrant fouls drawn will no longer stand out from the league's.",,,opposing-players-have-targeted,,,,,,,,,,,,,,,,,,,,,,
wnba-will-have-settled,,claim,"The WNBA will have a settled, in-game video review standard for non-basketball contact, so that fights over player safety of the kind seen from 2024 through 2026 become rare.",,,opposing-players-have-targeted,,,,,,,,,,,,,,,,,,,,,,
opposing-wnba-players-have,,claim,Opposing WNBA players have deliberately tried to injure Caitlin Clark.,,,opposing-players-have-targeted,,,,,,,,,,,,,,,,,,,,,,
wnba-has-knowingly-let,,claim,The WNBA has knowingly let players hit Caitlin Clark harder than the rules allow because punishing them would anger the league's veterans.,,,opposing-players-have-targeted,,,,,,,,,,,,,,,,,,,,,,
caitlin-clark-has-drawn-3,,claim,"Caitlin Clark has drawn more flagrant fouls than any other WNBA player since 2024, whatever the reason for it.",,,opposing-players-have-targeted,,,,,,,,,,,,,,,,,,,,,,
referees-have-missed-more,,claim,Referees have missed more live calls on hard contact against Caitlin Clark than on similar contact against other WNBA stars.,,,opposing-players-have-targeted,,,,,,,,,,,,,,,,,,,,,,
caitlin-clark-s-popularity,,belief,Caitlin Clark's popularity owes more to her play than to her being white.,,caitlin-clark,,,,,,,,,,,,,,,,,"The evidence that audiences come for Caitlin Clark is strong: national WNBA audiences fell 55 percent when she was hurt in 2025 and the 2025 Final Four lost 64 percent of its viewers without her. The evidence on why they come is thin, because no study has yet held play constant and measured race, so the fight is really between a documented marketing gap (Wilson's shoe) and a documented timing pattern (no white star before her drew a million viewers).","Nationally televised WNBA games averaged about 1.8 million viewers before Caitlin Clark's May 2025 quad injury and just under 850,000 after it, a 55 percent drop in a league where every other player stayed on the floor (Nielsen figures reported by USA Today and Sports Illustrated, June 2025).","Do people watch Caitlin Clark mainly because of how she plays, or mainly because she is a white star in a mostly Black league?","The page most needs a season of Nielsen audiences for Paige Bueckers' and Angel Reese's games that do not involve Clark, so that race and star power can be compared with Clark herself held out.",40,Moderate,
caitlin-clark-s-national,,claim,"Caitlin Clark's national audience appeared only after her play became historic in the 2023 NCAA tournament, while her race was the same in every season before it.",,,caitlin-clark-s-popularity,,,,,,,,,,,,,,,,"Timing is the strongest single argument for the play side, since a constant cannot explain a change, though it does not rule out race amplifying the surge once it began.",,,,,,
white-wnba-stars-signature,,claim,"White WNBA stars with signature shoes before Clark, including Sabrina Ionescu, Breanna Stewart and Elena Delle Donne, never produced a seven-figure television audience.",,,caitlin-clark-s-popularity,,,,,,,,,,,,,,,,"Deserves heavy weight: if whiteness were the main driver, the league would not have gone from 2008 to 2024 without a million-viewer game while white stars were being marketed.",,,,,,
clark-s-style-play,,claim,"Clark's style of play, long three-pointers and flashy passing at record volume, is the same kind of play that pulled casual viewers to Stephen Curry in the NBA.",,,caitlin-clark-s-popularity,,,,,,,,,,,,,,,,"Moderate weight: it gives a mechanism that does not need race, but style and race could both be at work.",,,,,,
fans-who-vote-wnba,,claim,"Fans who vote for the WNBA All-Star Game placed Black players Napheesa Collier, Aliyah Boston and A'ja Wilson directly behind Clark in 2025, so the same fan base rewards play across races.",,,caitlin-clark-s-popularity,,,,,,,,,,,,,,,,"Moderate weight: it shows Clark's fans are not voting only for white players, but the size of her lead is what the dispute is about.",,,,,,
clark-holds-ncaa-division,,claim,"Clark holds the NCAA Division I career scoring record of 3,951 points and the career three-point record of 548, a performance resume that by itself explains why a national audience would follow her.",,,caitlin-clark-s-popularity,,,,,,,,,,,,,,,,"Strong on its own terms, but weakened by the fact that Kelsey Plum's earlier scoring record did not make Plum a national phenomenon.",,,,,,
clark-s-television-audiences,,claim,"Clark's television audiences fell by more than half when she was injured in 2025 and returned when she played 40 of 44 games in 2026, following her presence on the floor rather than anything about her identity, which never changed.",,,caitlin-clark-s-popularity,,,,,,,,,,,,,,,,"Shows the audience comes to watch her play rather than the Fever brand, but it cannot by itself say why they chose her to watch.",,,,,,
nationally-televised-wnba-games-3,,claim,"Nationally televised WNBA games averaged about 1.8 million viewers before Caitlin Clark's May 24, 2025 quad injury and just under 850,000 after it, a drop of 55 percent.",,,caitlin-clark-s-popularity,,,,,,,,,statistics,,,,,,,Hard numbers that show the audience is for Clark specifically; they do not say what about Clark the audience came for.,,,,,,
2024-women-s-final,,claim,"The 2024 women's Final Four with Clark averaged a record 10.8 million viewers on ESPN, and the 2025 Final Four without her averaged 3.9 million, a 64 percent fall in the same tournament on the same network.",,,caitlin-clark-s-popularity,,,,,,,,,statistics,,,,,,,"Strong evidence that no other player, including stars of every race on the 2025 teams, could hold the audience Clark built.",,,,,,
paige-bueckers-nationally-televised,,claim,Paige Bueckers' nationally televised Dallas Wings games that do not involve the Fever will average less than half the audience of Clark's Fever games in the 2027 season.,,,caitlin-clark-s-popularity,,,,,,,,,,,,,,,,,,,,,,
2027-wnba-all-star,,claim,"In the 2027 WNBA All-Star fan vote, the second- and third-place finishers behind Clark will again be Black players, as they were in 2025.",,,caitlin-clark-s-popularity,,,,,,,,,,,,,,,,,,,,,,
game-game-study-finding,,claim,"A game-by-game study finding that Clark's audiences rise and fall with her own statistical output, such as points and assists in the preceding week, would strengthen the belief.",,,caitlin-clark-s-popularity,,,,,,,,,,,,,,,,,,,,,,
survey-finding-clark-s,,claim,A survey finding that Clark's fans are no whiter than the WNBA audience at large would strengthen the belief.,,,caitlin-clark-s-popularity,,,,,,,,,,,,,,,,,,,,,,
television-audiences-women-s,,claim,Television audiences for women's basketball respond mainly to the quality and style of the play they can see on the screen.,,,caitlin-clark-s-popularity,,,,,,,,,,,,,,,,,,,,,,
cause-stayed-same-years,,claim,"A cause that stayed the same for years, such as a player's race, cannot by itself explain an audience that appeared in a single season.",,,caitlin-clark-s-popularity,,,,,,,,,,,,,,,,,,,,,,
failure-earlier-white-wnba,,claim,The failure of earlier white WNBA stars to draw a national audience is a fair test of whether whiteness alone sells a player.,,,caitlin-clark-s-popularity,,,,,,,,,,,,,,,,,,,,,,
sue-bird-said-december,,claim,"Sue Bird said on the December 18, 2024 episode of her podcast A Touch More that Caitlin Clark's race does not put the ball in the hoop, that nobody's race does, and that Clark's remark about privilege was not an apology for being white.",,,caitlin-clark-s-popularity,,,,,,,,,,,,,,,,,,,,,,
megyn-kelly-wrote-x,,claim,"Megyn Kelly wrote on X in December 2024 that Clark was all but apologizing for being white and getting attention and called the remark fake and self-flagellation, a position that holds Clark's attention was earned on the court and owed nothing to race.",,,caitlin-clark-s-popularity,,,,,,,,,,,,,,,,,,,,,,
her-game-caitlin-clark-2,,media,"On Her Game: Caitlin Clark and the Revolution in Women's Sports (Christine Brennan, 2025)",,,caitlin-clark-s-popularity,,caitlin-clark-s-popularity,Book,,,,,Scribner,,,,,,,"Brennan's reporting traces Clark's audience to her college scoring records, her long three-pointers and the televised 2023 and 2024 NCAA tournaments, and argues the WNBA mishandled the player who brought it that audience.","A reported case by a sympathetic journalist rather than a measurement, so it deserves weight as the best-sourced version of the play-first story, not as proof.",,,,,,
clark-main-draw-but,,media,"Clark the main draw, but rest of WNBA picking up with viewers (Jon Lewis, Sports Media Watch, July 2024)",,,caitlin-clark-s-popularity,,caitlin-clark-s-popularity,Article,,,,,Sports Media Watch,,,,,,,"Nielsen figures show the ten largest WNBA audiences since 2002 all came in 2024 games involving Clark, while games without her, such as a 1.02 million viewer Mercury-Sun broadcast, were also up sharply.","Reliable counts that show the audience follows Clark's games, which fits a play-driven draw but cannot by itself separate her play from her identity.",,,,,,
when-angel-reese-clark,,claim,"When Angel Reese and Clark made the same taunting gesture in the 2023 NCAA tournament, Clark was celebrated and Reese was criticized, showing audiences read the two players through race.",,,caitlin-clark-s-popularity,,,,,,,,,,,,,,,,"Well documented and important, but it shows bias in how Clark is judged, which is not the same as showing bias is why people watch her.",,,,,,
white-americans-make-up,,claim,"White Americans make up the majority of the television audience and have generally embraced white stars in Black-majority leagues, with Larry Bird in the 1980s as the standing example.",,,caitlin-clark-s-popularity,,,,,,,,,,,,,,,,"Plausible and widely argued, but it is a pattern from other eras rather than a measurement of Clark's audience.",,,,,,
clark-s-story-straight,,claim,"Clark's story as a straight white player from Iowa was marketable in a way a Black player from a big city could not easily copy, and that marketing built her audience alongside her play.",,,caitlin-clark-s-popularity,,,,,,,,,,,,,,,,"Moderate weight: Jemele Hill and A'ja Wilson have both made this case, but no one has measured how much of the audience the story, rather than the games, delivered.",,,,,,
clark-herself-told-time,,claim,"Clark herself told Time in December 2024 that as a white person there is privilege in her position, so even the subject of the belief names race as a factor.",,,caitlin-clark-s-popularity,,,,,,,,,,,,,,,,"Light weight on the size of the effect, since Clark called it a factor without saying it outweighs her play, which is exactly what this belief claims.",,,,,,
kelsey-plum-set-ncaa,,claim,"Kelsey Plum set the NCAA scoring record in 2017 without becoming a national phenomenon, so scoring records alone do not explain Clark, and the race-charged rivalry with Angel Reese is a plausible missing ingredient.",,,caitlin-clark-s-popularity,,,,,,,,,,,,,,,,"A fair point against the simplest play-only story, but Clark's records were set on television in a way Plum's were not, which is itself a play-driven difference.",,,,,,
analysis-700-000-tweets,,claim,"An analysis of 700,000 tweets around the 2023 NCAA championship found that Clark was largely celebrated for a taunting gesture while Angel Reese was disproportionately criticized, often with racial undertones, for the same gesture.",,,caitlin-clark-s-popularity,,,,,,,,,observational,,,,,,,"The best measured evidence that race shapes public reaction to Clark; it measures judgment of her conduct, not the reasons people watch her.",,,,,,
paige-bueckers-dallas-wings,,claim,Paige Bueckers' Dallas Wings games that do not involve the Fever will draw national audiences within 25 percent of Clark's Fever games by the 2027 season.,,,caitlin-clark-s-popularity,,,,,,,,,,,,,,,,,,,,,,
national-fan-survey-reporting,,claim,A national fan survey reporting race of respondent will find Clark's fans at least ten percentage points whiter than WNBA fans as a whole.,,,caitlin-clark-s-popularity,,,,,,,,,,,,,,,,,,,,,,
controlled-study-finding-white,,claim,A controlled study finding that white test audiences rate identical highlight plays higher when told the player is Clark than when told the player is a Black star would weaken the belief.,,,caitlin-clark-s-popularity,,,,,,,,,,,,,,,,,,,,,,
finding-black-player-matching,,claim,A finding that a Black player matching Clark's per-game production for two seasons still drew less than half her national audience in games not against Clark would weaken the belief.,,,caitlin-clark-s-popularity,,,,,,,,,,,,,,,,,,,,,,
majority-white-american-audience,,claim,A majority-white American audience and the sponsors who court it reward white athletes more readily than Black athletes of equal skill.,,,caitlin-clark-s-popularity,,,,,,,,,,,,,,,,,,,,,,
how-player-marketed-talked,,claim,"How a player is marketed and talked about by media shapes how many people tune in, independent of what she does on the court.",,,caitlin-clark-s-popularity,,,,,,,,,,,,,,,,,,,,,,
best-test-race-factor,,claim,"The best test of race as a factor is to compare Clark with a Black player of equal or greater accomplishment, such as A'ja Wilson, and ask why the market treated them differently.",,,caitlin-clark-s-popularity,,,,,,,,,,,,,,,,,,,,,,
jemele-hill-told-los,,claim,"Jemele Hill told the Los Angeles Times in May 2024 that we would all be very naive if we did not say race and her sexuality played a role in Caitlin Clark's popularity, later adding that being straight, white and from Iowa was a factor though not the only factor.",,,caitlin-clark-s-popularity,,,,,,,,,,,,,,,,,,,,,,
ja-wilson-told-associated,,claim,"A'ja Wilson told the Associated Press in May 2024 that race was a huge thing in how Clark's popularity came about, saying many people claim it is not about Black and white but to her it is.",,,caitlin-clark-s-popularity,,,,,,,,,,,,,,,,,,,,,,
sheila-johnson-co-owner-2,,claim,"Sheila Johnson, co-owner of the Washington Mystics, told CNN Sport in December 2024 that the attention on Clark reflected the way media plays out race and that she had seen many players of color who were equally talented and never got the recognition they should have.",,,caitlin-clark-s-popularity,,,,,,,,,,,,,,,,,,,,,,
dear-black-girls-how,,media,"Dear Black Girls: How to Be True to You (A'ja Wilson, 2024)",,,caitlin-clark-s-popularity,,caitlin-clark-s-popularity,Book,,,,,"Flatiron Books, A Moment of Lift Books imprint",,,,,,,Wilson's account of how Black women's achievements go unrecognized in America is the frame she applied in May 2024 when she told the Associated Press that race was a huge part of why Clark was marketed as she was.,"A first-person account rather than a measurement, but it is the view of the player most often held up as the comparison, so it deserves real weight on how the gap looks from inside the league.",,,,,,
time-athlete-year-interview,,media,"In TIME Athlete of the Year interview, Caitlin Clark acknowledged her privilege, and exposed her supposed defenders (Swish Appeal, December 11, 2024)",,,caitlin-clark-s-popularity,,caitlin-clark-s-popularity,Article,,,,,Swish Appeal (SB Nation),,,,,,,"The piece collects Clark's own statement that as a white person there is privilege in her position and that the league was built on Black players, then documents the backlash from commentators who had cast her as a victim.","An opinion piece, but it accurately documents that the subject of the belief names race as a factor, which is the disagree side's most quotable point.",,,,,,
clarkonomics-comes-wnba-frank,,media,"Clarkonomics Comes to the WNBA (Frank Stephenson, 2026)",,,caitlin-clark-s-popularity,,caitlin-clark-s-popularity,Study,,,,,"Social Science Quarterly, vol. 107, no. 4",,,,,,,"Regressions on 2022 to 2024 WNBA attendance attribute about half of the league's 2023 to 2024 growth to games involving Clark and find a small positive effect from Angel Reese, so the Clark and Reese rivalry, which many people read through race, was part of the surge.","Good evidence that the growth had more than one source, but it says nothing about race directly, so it weakens only the strongest play-only version of the belief.",,,,,,
girls-who-play-youth,,interest,"Girls who play youth basketball need to see that skill on the court, not race or looks, is what earns fame.",,,caitlin-clark-s-popularity,,caitlin-clark-s-popularity,,,,Fairness,Share of surveyed youth players who say skill is the main reason a player becomes famous,,,,,The share rises as Clark's example is explained by her records and style.,The share falls as young players conclude the market rewards looking a certain way.,,,"A broad interest that both sides claim to serve, which is why the measurement matters.",,,,,,
wnba-players-every-race,,interest,WNBA players of every race need the league's new television money read as earned on the court rather than handed out by race.,,,caitlin-clark-s-popularity,,caitlin-clark-s-popularity,,,,Respect,Share of players in anonymous polls who say the league's growth was earned on the court,,,,,Players accept the revenue share as earned and locker-room resentment falls.,"Players see the money as going to a face chosen for them, and resentment grows.",,,This interest explains why the answer matters inside the league and not only to fans.,,,,,,
black-wnba-players-need-2,,interest,Black WNBA players need the gap between their play and their endorsement income measured and acknowledged.,,,caitlin-clark-s-popularity,,caitlin-clark-s-popularity,,,,Fairness,"Endorsement dollars per All-Star selection or per MVP vote, by race of player",,,,,The gap is treated as explained by play and goes unmeasured.,"The gap is measured, named, and becomes something sponsors must answer for.",,,A'ja Wilson's shoe deal arriving a month after Clark's is the case that makes this interest concrete.,,,,,,
sports-journalists-who-cover,,interest,Sports journalists who cover the WNBA need room to report race as a factor without being accused of denying Clark's skill.,,,caitlin-clark-s-popularity,,caitlin-clark-s-popularity,,,,Truth,Number of national outlets that publish reporting on race in WNBA marketing each season,,,,,Race reporting is treated as sour grapes and shrinks.,Race reporting is treated as part of the story and grows.,,,"The belief's wording, 'more than', should leave room for both, but the public fight has not.",,,,,,
longtime-wnba-fans-who,,interest,Longtime WNBA fans who followed the league before 2024 need the Black players who built it credited for the league Clark joined.,,,caitlin-clark-s-popularity,,caitlin-clark-s-popularity,,,,Recognition,Share of league-growth coverage that names pre-2024 players and their contributions,,,,,Coverage centers one player's play and older players fade from the story.,Coverage credits the league's founders alongside Clark.,,,"Clark's own Time interview argued for this credit, so the interest is not confined to one side.",,,,,,
youth-players-every-race,,claim,"Youth players of every race see that fame in women's basketball follows skill, which keeps girls in the sport longer.",,,caitlin-clark-s-popularity,,,,,,,,,,,,,,,,Real but hard to measure; no study ties participation to this belief yet.,,,,,,
fever-s-ticket-base,,claim,"The Fever's ticket base holds because its draw rests on a player's play rather than a passing story, so renewal rates stay high.",,,caitlin-clark-s-popularity,,,,,,,,,,,,,,,,"Follows directly if the belief is true, since play can be sustained while a novelty story fades.",,,,,,
league-s-new-television,,claim,"The league's new television money, which Indiana University's Ryan Brewer estimated at more than a quarter of WNBA revenue tied to Clark after 2024, is read as earned on the court and shared without resentment.",,,caitlin-clark-s-popularity,,,,,,,,,,,,,,,,The 25 percent figure is Brewer's estimate as reported on Wikipedia's Caitlin Clark effect page and should be checked at the source.,,,,,,
reporters-who-raise-race,,claim,"Reporters who raise race as a factor get treated as attacking Clark's skill, which narrows what gets reported about the league.",,,caitlin-clark-s-popularity,,,,,,,,,,,,,,,,"Jemele Hill's 2024 experience, where a 'played a role' comment was reported as 'only popular because white', shows the cost is real.",,,,,,
players-who-built-wnba,,claim,"The players who built the WNBA before 2024, most of them Black, get written out of the story of its growth.",,,caitlin-clark-s-popularity,,,,,,,,,,,,,,,,"Clark herself has said this is a cost worth guarding against, which gives it weight on both sides.",,,,,,
gap-national-television-audience,,claim,"The gap in national television audience between Paige Bueckers' games and Angel Reese's games, excluding any game against Clark, is a fair measure of whether whiteness by itself draws a Clark-sized audience.",,,caitlin-clark-s-popularity,,,,,,,,,,,,,,,,,,,,,,
rank-correlation-between-wnba,,claim,"The rank correlation between WNBA jersey sales and on-court production (All-Star votes, points and assists per game, awards) among the top twenty sellers is a fair measure of how much of popularity play explains.",,,caitlin-clark-s-popularity,,,,,,,,,,,,,,,,,,,,,,
share-clark-s-self,,claim,"The share of Clark's self-described fans who are white, compared with the white share of all WNBA fans in the same survey, is a fair measure of whether her following is racially distinct.",,,caitlin-clark-s-popularity,,,,,,,,,,,,,,,,,,,,,,
caitlin-clark-s-court,,claim,Caitlin Clark's on-court production and style were unusual enough to draw viewers who had not watched women's basketball before.,,,caitlin-clark-s-popularity,,,,,,,,,,,,,,,,,,,,,,
clark-s-race-added,,claim,"Clark's race added less to her audience than her play did, so that a Black player with the same records and style would have drawn most of the same crowd.",,,caitlin-clark-s-popularity,,,,,,,,,,,,,,,,,,,,,,
size-audience-fair-measure,,claim,The size of an audience is a fair measure of what people find appealing in a player rather than of what media chose to show them.,,,caitlin-clark-s-popularity,,,,,,,,,,,,,,,,,,,,,,
networks-sponsors-keep-building,,claim,"Networks and sponsors keep building WNBA schedules and advertising campaigns around Clark's games, and her audience holds roughly steady so long as she is healthy and playing well.",,,caitlin-clark-s-popularity,,,,,,,,,,,,,,,,,,,,,,
next-crop-college-stars,,claim,"The next crop of college stars, of every race, is marketed on scoring records and shooting range rather than on biography, as the league tries to repeat the Clark effect by copying her play.",,,caitlin-clark-s-popularity,,,,,,,,,,,,,,,,,,,,,,
within-decade-several-black,,claim,"Within a decade, several Black WNBA players with Clark-sized production and televised college runs draw seven-figure audiences of their own, and the race explanation for Clark's fame fades.",,,caitlin-clark-s-popularity,,,,,,,,,,,,,,,,,,,,,,
wnba-s-new-media,,claim,"The WNBA's new media money, revenue sharing and charter flights are remembered as earned on the court, which lowers the resentment between players that marked the 2024 and 2025 seasons.",,,caitlin-clark-s-popularity,,,,,,,,,,,,,,,,,,,,,,
caitlin-clark-s-race,,claim,"Caitlin Clark's race played no measurable part in her popularity, and her audience would be the same size if she were Black.",,,caitlin-clark-s-popularity,,,,,,,,,,,,,,,,,,,,,,
any-claim-race-helped,,claim,Any claim that race helped build Caitlin Clark's audience is an excuse made by players and commentators who resent her success.,,,caitlin-clark-s-popularity,,,,,,,,,,,,,,,,,,,,,,
caitlin-clark-s-play,,claim,"Caitlin Clark's play was necessary for her popularity, but her race and her story as a straight white woman from Iowa made the audience larger than her play alone would have.",,,caitlin-clark-s-popularity,,,,,,,,,,,,,,,,,,,,,,
caitlin-clark-s-play-2,,claim,"Caitlin Clark's play explains why people first watched her, and race explains much of the heat in how she has been argued about since.",,,caitlin-clark-s-popularity,,,,,,,,,,,,,,,,,,,,,,
leaving-caitlin-clark-off,,belief,Leaving Caitlin Clark off the 2024 United States Olympic basketball team was the right call.,,caitlin-clark,,,,,,,,,,,,,,,,,"The case that the 2024 roster was good enough is solid (six wins, an eighth straight gold) and the case that Clark was already among the 12 best American players on June 11, 2024 is thin (38 percent shooting in May, 5.6 turnovers a game). What keeps the question open is the one-point final, a twelfth roster spot that never left the bench, and a committee member saying she would vote differently, so the real fight is whether a national team's only job is to win.","The United States won the 2024 Olympic gold medal game by one point, 67-66, and the player who held the roster spot most often said to have been Caitlin Clark's never got off the bench.",Was USA Basketball right to leave Caitlin Clark off the 2024 Olympic team?,"The page most needs a side-by-side of Clark's shooting and turnover numbers through June 11, 2024 against the five guards picked ahead of her.",-40,Moderate,
every-one-12-players,,claim,"Every one of the 12 players chosen for the 2024 United States Olympic women's basketball team had already won an Olympic or World Cup gold medal with the senior national team, and Caitlin Clark had never played a senior national team game.",,,leaving-caitlin-clark-off,,,,,,,,,,,,,,,,"This deserves heavy weight because it is the committee's stated criterion and it was applied to all 12 spots without exception, so Clark was not singled out.",,,,,,
caitlin-clark-could-attend,,claim,"Caitlin Clark could not attend USA Basketball's April 2024 Olympic training camp because Iowa was playing in the NCAA Final Four, so the committee never saw her run Cheryl Reeve's system before its June 11 decision.",,,leaving-caitlin-clark-off,,,,,,,,,,,,,,,,"Moderate weight: the absence was nobody's fault, but a committee picking a 12-player team for a short Olympic window reasonably favors players it has already seen in that system.",,,,,,
may-2024-caitlin-clark,,claim,"In May 2024 Caitlin Clark shot 38 percent from the field over nine games and was turning the ball over 5.6 times a game before the break, numbers no other guard on the roster was posting.",,,leaving-caitlin-clark-off,,,,,,,,,,,,,,,,"Strong weight on the narrow question of June 2024, because the committee had to judge the player in front of it rather than the player she became by September.",,,,,,
united-states-won-all,,claim,"The United States won all six games in Paris and an eighth straight Olympic gold medal, which is the only thing an Olympic roster is built to do.",,,leaving-caitlin-clark-off,,,,,,,,,,,,,,,,"Substantial weight, with the caveat that winning does not prove the roster was the best possible one, only that it was good enough.",,,,,,
sitting-out-olympics-gave,,claim,"Sitting out the Olympics gave Caitlin Clark a month of rest in her rookie season, after which she averaged 23.5 points on 46 percent shooting in her first four games back compared with 17.1 points before the break, and the Fever went 9-5 after the break against 11-15 before it.",,,leaving-caitlin-clark-off,,,,,,,,,,,,,,,,"Modest weight: the improvement is real and well documented, but rest is only one of several explanations for it and the committee did not pick the team to rest her.",,,,,,
united-states-went-6,,claim,"The United States went 6-0 at the Paris 2024 women's basketball tournament, beating Japan 102-76, Belgium 87-74, Germany 87-68, Nigeria 88-74, Australia 85-64 and France 67-66, an average margin of about 16 points.",,,leaving-caitlin-clark-off,,,,,,,,,record,,,,,,,"The roster did its job, and five of the six wins were not close, which supports the committee's claim that it built a complete team.",,,,,,
caitlin-clark-averaged-17,,claim,Caitlin Clark averaged 17.1 points and 5.6 turnovers a game before the 2024 Olympic break and 23.5 points with 4.8 turnovers on 46.3 percent shooting over her first four games after it.,,,leaving-caitlin-clark-off,,,,,,,,,statistics,,,,,,,"The pre-break figures are the ones the committee saw, and a 5.6 turnover average would have been the worst on the Olympic roster; the post-break jump also shows the rest did her no harm.",,,,,,
indiana-fever-were-11,,claim,"The Indiana Fever were 11-15 when the WNBA stopped for the Olympics on July 17, 2024 and finished 20-20, meaning they went 9-5 after Clark's month off.",,,leaving-caitlin-clark-off,,,,,,,,,record,,,,,,,"A team record is a crude measure of one player, but it is consistent with the rest helping rather than hurting her rookie year.",,,,,,
caitlin-clark-shot-38,,claim,"Caitlin Clark shot 38 percent from the field over nine games in May 2024, the stretch the committee was watching before its June 11 vote.",,,leaving-caitlin-clark-off,,,,,,,,,statistics,,,,,,,"This is the single number that best explains the June decision, and it comes from an article arguing the other way.",,,,,,
usa-basketball-will-keep,,claim,USA Basketball will keep senior national team experience as a stated criterion and name a 2028 Olympic roster on which every player has played in a prior senior national team competition.,,,leaving-caitlin-clark-off,,,,,,,,,,,,,,,,,,,,,,
committee-notes-interviews-showing,,claim,Committee notes or interviews showing that Caitlin Clark ranked below several guards on specific basketball measures such as defense and FIBA familiarity in June 2024 would strengthen the belief.,,,leaving-caitlin-clark-off,,,,,,,,,,,,,,,,,,,,,,
record-showing-2024-team,,claim,"A record showing the 2024 team had only a few days of practice together before Paris, so a newcomer unfamiliar with Cheryl Reeve's system would likely not have earned minutes, would strengthen the belief.",,,leaving-caitlin-clark-off,,,,,,,,,,,,,,,,,,,,,,
only-legitimate-purpose-united,,claim,The only legitimate purpose of a United States Olympic basketball roster is to maximize the chance of winning the gold medal.,,,leaving-caitlin-clark-off,,,,,,,,,,,,,,,,,,,,,,
experience-usa-basketball-s,,claim,Experience in USA Basketball's camps and senior competitions predicts Olympic performance better than a rookie's statistics from two months of WNBA play.,,,leaving-caitlin-clark-off,,,,,,,,,,,,,,,,,,,,,,
committee-s-stated-criteria,,claim,"The committee's stated criteria of experience, position and fit were the real reasons for the decision, rather than a cover for worries about fan reaction or player resentment.",,,leaving-caitlin-clark-off,,,,,,,,,,,,,,,,,,,,,,
jen-rizzotti-chair-usa,,claim,"Jen Rizzotti, the chair of the USA Basketball committee that picked the team, said in June 2024 that the 12 players selected ""were the best when it boiled down to a basketball decision"" and that it would be irresponsible to discuss Caitlin Clark in any terms other than how she would affect team play.",,,leaving-caitlin-clark-off,,,,,,,,,,,,,,,,,,,,,,
sue-bird-who-became,,claim,"Sue Bird, who became managing director of the United States women's national team for the 2028 cycle, said on The Dan Patrick Show in May 2025 that she respected the committee's job on the 2024 roster and that ""it's hard to criticize a gold medal.""",,,leaving-caitlin-clark-off,,,,,,,,,,,,,,,,,,,,,,
jemele-hill-wrote-x,,claim,"Jemele Hill wrote on X in June 2024 that Caitlin Clark's absence from the Olympic roster was ""actually a good thing"" for Clark herself, and that not every decision in the sport could be about the optics around one player.",,,leaving-caitlin-clark-off,,,,,,,,,,,,,,,,,,,,,,
breaking-down-caitlin-clark,,media,"Breaking down Caitlin Clark's Olympic omission -- and more roster takeaways, Michael Voepel, Alexa Philippou and Kevin Pelton, 2024",,,leaving-caitlin-clark-off,,leaving-caitlin-clark-off,Article,,,,,ESPN,,,,,,,"The piece lays out how the committee built the 12-player roster around players who had already won gold with the senior team, why Clark's missed camps and position crowd counted against her, and why she was named an alternate rather than cut outright.","Substantial weight as a plain account of the committee's reasoning from reporters who cover USA Basketball every cycle, though it explains the decision more than it argues for it.",,,,,,
usa-basketball-defends-decision,,media,"USA Basketball defends decision to leave Caitlin Clark off the 2024 Paris Olympics team, CBS News, 2024",,,leaving-caitlin-clark-off,,leaving-caitlin-clark-off,Article,,,,,CBS News,,,,,,,"The report carries committee chair Jen Rizzotti's full explanation that the choice came down to criteria, position and fit with Cheryl Reeve's system, and that other players were harder to cut because they checked more boxes.","Moderate weight: it is the committee's case in its own words, which is the right place to start, but it is a defense by the people being judged.",,,,,,
combined-olympics-average-finishes,,media,"Combined Olympics average finishes over 30 million, Sports Media Watch, 2024",,,leaving-caitlin-clark-off,,leaving-caitlin-clark-off,Article,,,,,Sports Media Watch,,,,,,,"The ratings roundup shows the women's gold medal game drew 7.8 million viewers in a 9:30 a.m. Eastern window, almost exactly the 7.9 million for Tokyo's primetime final, so the audience did not fall away without Clark on the roster.","Moderate weight, and opponents read the same number the other way: flat viewership in a year of record women's basketball ratings is also what a missed opportunity looks like.",,,,,,
caitlin-clark-was-averaging,,claim,"Caitlin Clark was averaging 16.8 points, 5.3 rebounds and 6.3 assists a game when the committee passed on her, and by September she was Rookie of the Year with 66 of 67 votes and the first rookie on the All-WNBA First Team since 2008.",,,leaving-caitlin-clark-off,,,,,,,,,,,,,,,,Strong weight: the committee bet against production that was already visible in June and became undeniable by the end of the season.,,,,,,
diana-taurasi-42-averaged,,claim,"Diana Taurasi, at 42, averaged about one point over five games in Paris and never left the bench in the 67-66 gold medal game, so one of the 12 roster spots contributed nothing on the floor when the game was closest.",,,leaving-caitlin-clark-off,,,,,,,,,,,,,,,,"Strong weight on whether all 12 spots were used for basketball, though it does not by itself show Clark would have gotten those minutes.",,,,,,
gold-medal-game-was,,claim,"The gold medal game was won by a single point only because Gabby Williams's foot was on the three-point line when she shot at the buzzer, so the claim that the roster had depth to spare cannot survive the final score.",,,leaving-caitlin-clark-off,,,,,,,,,,,,,,,,"Moderate weight: one close game against the host nation is a small sample, but it is the one game that mattered most.",,,,,,
united-states-women-s,,claim,"The United States' women's gold medal game averaged 7.8 million viewers, down from 7.9 million for Tokyo, in a year when Clark's three biggest Iowa games drew 12.3, 14.4 and 19.5 million, so USA Basketball left the sport's largest proven audience at home.",,,leaving-caitlin-clark-off,,,,,,,,,,,,,,,,Moderate weight: growing the sport is part of USA Basketball's mission even if it was not part of the committee's criteria.,,,,,,
casey-wasserman-president-los,,claim,"Casey Wasserman, the president of the Los Angeles 2028 organizing committee, called the omission a ""missed opportunity"" and said Clark was ""clearly a generational talent at a time when the world was ready for it.""",,,leaving-caitlin-clark-off,,,,,,,,,,,,,,,,"Modest weight: Wasserman's job is to sell the next Games, but his view shows the cost was visible to the people who run the Olympics.",,,,,,
diana-taurasi-averaged-1,,claim,"Diana Taurasi averaged 1.0 point, 0.8 rebounds and 1.2 assists over five games in Paris and did not play in the 67-66 gold medal game.",,,leaving-caitlin-clark-off,,,,,,,,,statistics,,,,,,,The box scores are public and not in dispute; what they show is one roster spot that produced nothing on the court.,,,,,,
united-states-france-women,,claim,"The United States-France women's gold medal game averaged 7.8 million viewers on NBC and Peacock, slightly below the 7.9 million for the Tokyo final, and ranked fourth among 2024 women's basketball broadcasts behind three Iowa games that drew 19.5, 14.4 and 12.3 million.",,,leaving-caitlin-clark-off,,,,,,,,,statistics,,,,,,,"Nielsen figures are reliable, though a 9:30 a.m. Eastern start cuts against a clean comparison with a prime-time Tokyo final.",,,,,,
her-first-senior-national,,claim,"In her first senior national team competition, the March 2026 World Cup qualifiers in San Juan, Caitlin Clark averaged 11.6 points and 6.4 assists, the United States went 5-0 and Clark was named tournament MVP.",,,leaving-caitlin-clark-off,,,,,,,,,record,,,,,,,"It shows Clark fits the international game quickly, but it came after two pro seasons, so it only partly answers the claim that she was not ready in June 2024.",,,,,,
usa-basketball-will-change,,claim,"USA Basketball will change how its women's Olympic roster is chosen, giving the head coach or a smaller group the final say, and will publicly tie the change to the 2024 Clark decision.",,,leaving-caitlin-clark-off,,,,,,,,,,,,,,,,,,,,,,
least-one-more-2024,,claim,At least one more 2024 committee member besides Dawn Staley will say on the record that Clark should have been on the Paris roster.,,,leaving-caitlin-clark-off,,,,,,,,,,,,,,,,,,,,,,
confirmation-committee-member-diana,,claim,"Confirmation from a committee member that Diana Taurasi's spot was settled before player evaluations began, as Christine Brennan reports, would weaken the belief.",,,leaving-caitlin-clark-off,,,,,,,,,,,,,,,,,,,,,,
evidence-committee-weighed-how,,claim,"Evidence that the committee weighed how fans would react on social media to Clark sitting on the bench, as Christine Brennan reports, would weaken the belief because the stated criteria would then not have been the real ones.",,,leaving-caitlin-clark-off,,,,,,,,,,,,,,,,,,,,,,
growing-audience-women-s,,claim,"Growing the audience for women's basketball is part of what USA Basketball exists to do, so a roster that ignores it is failing part of its mission.",,,leaving-caitlin-clark-off,,,,,,,,,,,,,,,,,,,,,,
team-won-its-first,,claim,"On a team that won its first five games in Paris by double digits, the 12th roster spot costs almost nothing in winning chances, so a large benefit off the court should outweigh a tiny cost on it.",,,leaving-caitlin-clark-off,,,,,,,,,,,,,,,,,,,,,,
caitlin-clark-s-turnovers,,claim,"Caitlin Clark's turnovers and shooting in May 2024 were the ordinary adjustment of a rookie point guard, and a committee should have judged where she was heading rather than where she stood that month.",,,leaving-caitlin-clark-off,,,,,,,,,,,,,,,,,,,,,,
christine-brennan-usa-today-2,,claim,"Christine Brennan of USA Today, who first reported the omission, wrote in June 2024 that leaving Caitlin Clark off the Olympic team was a huge missed opportunity and that USA Basketball had failed to give women's basketball the biggest global platform it had ever had.",,,leaving-caitlin-clark-off,,,,,,,,,,,,,,,,,,,,,,
lisa-leslie-four-time,,claim,"Lisa Leslie, a four-time Olympic gold medalist, told ESPN in April 2024 that Caitlin Clark ""better be on the Olympic team"" and said after the Games on ESPN's First Take that she did not know how the United States left the country without her.",,,leaving-caitlin-clark-off,,,,,,,,,,,,,,,,,,,,,,
charles-barkley-said-bill,,claim,"Charles Barkley said on the Bill Simmons Podcast in 2024 that Caitlin Clark ""probably did deserve to make the Olympic team on merit,"" while adding that the rest the omission gave her was the best thing that happened to her that season.",,,leaving-caitlin-clark-off,,,,,,,,,,,,,,,,,,,,,,
leaving-caitlin-clark-off-2,,media,"Leaving Caitlin Clark off USA women's basketball Olympic team is a huge missed opportunity, Christine Brennan, 2024",,,leaving-caitlin-clark-off,,leaving-caitlin-clark-off,Article,,,,,USA Today,,,,,,,"The column argues that USA Basketball had the power to give women's basketball its largest global stage ever and chose not to use it, calling the decision an airball on opportunity.","Moderate weight: it is the clearest statement of the growth-of-the-game case, but it concedes little to the basketball criteria it is answering.",,,,,,
media-jumps-all-another,,media,"The media jumps all in on another Caitlin Clark controversy, Tom Jones, 2024",,,leaving-caitlin-clark-off,,leaving-caitlin-clark-off,Article,,,,,Poynter,,,,,,,"Jones, writing about the coverage itself, grants that Clark may not have been one of the 12 best players and still concludes the omission was short-sighted because the Olympics were the sport's best chance to grow its audience.","Modest weight: it is a media critic's judgment rather than a basketball one, but it shows that even observers who accepted the committee's basketball case thought the call was wrong on balance.",,,,,,
veteran-wnba-players-who,,interest,Veteran WNBA players who have spent years in USA Basketball camps need roster spots to go to the players who did that work.,,,leaving-caitlin-clark-off,,leaving-caitlin-clark-off,,,,Fairness,Share of Olympic roster spots held by players with prior senior national team competition,,,,,"Stays at 100 percent, as it was in 2024.",Falls as newcomers are picked ahead of players who attended camps and qualifiers.,,,"This interest is served completely by the 2024 decision, which is why the players who made the team have defended it.",,,,,,
american-basketball-fans-who,,interest,American basketball fans who want gold medals need the team built to win rather than to draw ratings.,,,leaving-caitlin-clark-off,,leaving-caitlin-clark-off,,,,Excellence,Olympic gold medals and average winning margin,,,,,"The streak continues, as it did at eight in Paris.",Closer games or a lost final once marketing enters the picks.,,,"Most fans hold this interest alongside the wish to see Clark, so it does not divide cleanly by side.",,,,,,
national-team-coaches-need,,interest,National team coaches need a committee that shields them from picking players by popularity.,,,leaving-caitlin-clark-off,,leaving-caitlin-clark-off,,,,Independence,Whether the coach or committee publicly cites any criterion other than basketball,,,,,"No such criterion is cited, as in 2024.",Marketing or audience appears among the stated reasons.,,,Cheryl Reeve's insistence that she had no power over the picks shows how much coaches value this shield.,,,,,,
new-wnba-fans-who,,interest,New WNBA fans who came to the sport for Caitlin Clark need to see her on its biggest stage.,,,leaving-caitlin-clark-off,,leaving-caitlin-clark-off,,,,Enjoyment,Olympic women's basketball viewership relative to the previous Games,,,,,"Flat or down, as the 7.8 million against 7.9 million was.",Up sharply on the strength of a player those fans already follow.,,,These fans are the fastest-growing part of the audience and the decision asked them to wait four years.,,,,,,
wnba-players-group-need,,interest,WNBA players as a group need the league's revenue to grow because their pay now rides on it.,,,leaving-caitlin-clark-off,,leaving-caitlin-clark-off,,,,Prosperity,League media rights revenue and average attendance,,,,,"Growth continues on the WNBA schedule alone, without an Olympic boost.",Growth gets an extra push from Olympic exposure of the league's biggest draw.,,,"Players hold this interest on both sides of the question, which is why so few of them criticized the pick out loud.",,,,,,
rookies-who-outplay-draft,,interest,Rookies who outplay their draft class need a selection process that weighs current play as much as past service.,,,leaving-caitlin-clark-off,,leaving-caitlin-clark-off,,,,Merit,Whether the top rookie by All-WNBA voting makes the next senior national team roster,,,,,"She waits a cycle, as Clark did until 2026.",She is picked in her first year when her numbers justify it.,,,"Only a handful of rookies in league history have played at Clark's level, so this interest is narrow but sharp.",,,,,,
picking-olympic-roster-senior,,claim,Picking the Olympic roster on senior national team record rather than fame keeps the United States on its gold medal streak.,,,leaving-caitlin-clark-off,,,,,,,,,,,,,,,,"The 2024 result is one data point for a policy that has produced eight straight golds, so the credit is shared with the talent pool.",,,,,,
rookie-left-off-olympic,,claim,A rookie left off the Olympic team gets a month of rest in her first professional season and plays better afterward.,,,leaving-caitlin-clark-off,,,,,,,,,,,,,,,,"The 17.1 to 23.5 jump is documented, but how much of it was rest and how much was a rookie settling in cannot be separated.",,,,,,
players-who-have-spent,,claim,Players who have spent years in USA Basketball camps and qualifying tournaments see that service rewarded with roster spots.,,,leaving-caitlin-clark-off,,,,,,,,,,,,,,,,"This is the full benefit of the policy in 2024, and it is exactly what the other side calls a closed shop.",,,,,,
united-states-women-s-2,,claim,The United States' women's gold medal game drew fewer viewers than the Tokyo final despite the largest women's basketball audience in history earlier that year.,,,leaving-caitlin-clark-off,,,,,,,,,,,,,,,,"The number is firm, but an early Sunday morning start and a less dramatic bracket also held the audience down.",,,,,,
usa-basketball-its-coach,,claim,USA Basketball and its coach spent the Olympic summer answering questions about the player who was not there instead of the team that was.,,,leaving-caitlin-clark-off,,,,,,,,,,,,,,,,"The distraction was real and Cheryl Reeve said she took the bullets for it, but it cannot be put in a unit anyone agrees on.",,,,,,
united-states-margin-victory,,claim,The United States' margin of victory in the Paris 2024 gold medal game is a fair measure of whether the 2024 roster had depth to spare.,,,leaving-caitlin-clark-off,,,,,,,,,,,,,,,,,,,,,,
caitlin-clark-s-true,,claim,"Caitlin Clark's true shooting percentage and turnovers per game through June 11, 2024, compared with the five guards picked ahead of her, is a fair measure of whether she was one of the 12 best American players when the team was chosen.",,,leaving-caitlin-clark-off,,,,,,,,,,,,,,,,,,,,,,
diana-taurasi-s-minutes,,claim,Diana Taurasi's minutes per game across the six Paris 2024 games is a fair measure of whether the twelfth roster spot was used for a basketball reason.,,,leaving-caitlin-clark-off,,,,,,,,,,,,,,,,,,,,,,
every-one-12-players-2,,claim,"Every one of the 12 players on the 2024 United States Olympic women's roster had already won Olympic or World Cup gold with the senior national team, and the committee applied that standard to every spot.",,,leaving-caitlin-clark-off,,,,,,,,,,,,,,,,,,,,,,
united-states-olympic-basketball,,claim,"A United States Olympic basketball roster exists to win the gold medal, not to grow the sport's audience.",,,leaving-caitlin-clark-off,,,,,,,,,,,,,,,,,,,,,,
choosing-player-her-popularity,,claim,Choosing a player for her popularity would push future committees toward picking rosters by audience rather than by play.,,,leaving-caitlin-clark-off,,,,,,,,,,,,,,,,,,,,,,
usa-basketball-keeps-experience,,claim,"USA Basketball keeps experience with the senior team as its leading selection criterion for the 2026 World Cup roster, and no player is added to a major tournament roster without having been to a national team camp.",,,leaving-caitlin-clark-off,,,,,,,,,,,,,,,,,,,,,,
through-2028-2032-games,,claim,"Through the 2028 and 2032 Games, USA Basketball selection committees keep choosing Olympic rosters on senior-team experience and fit, and rookies with large college followings continue to wait a cycle before making the team.",,,leaving-caitlin-clark-off,,,,,,,,,,,,,,,,,,,,,,
united-states-women-s-3,,claim,"The United States women's team remains known to the public chiefly for its unbroken run of gold medals rather than for any one star, and its Olympic finals keep drawing audiences in the range of 7 to 8 million regardless of who is on the roster.",,,leaving-caitlin-clark-off,,,,,,,,,,,,,,,,,,,,,,
usa-basketball-never-select,,claim,USA Basketball should never select a player for an Olympic basketball team who has not played a game for the senior national team.,,,leaving-caitlin-clark-off,,,,,,,,,,,,,,,,,,,,,,
leaving-caitlin-clark-off-3,,claim,Leaving Caitlin Clark off the 2024 United States Olympic basketball team cost the United States nothing on the floor and nothing in the growth of the sport.,,,leaving-caitlin-clark-off,,,,,,,,,,,,,,,,,,,,,,
leaving-caitlin-clark-off-4,,claim,Leaving Caitlin Clark off the 2024 United States Olympic basketball team was defensible on basketball grounds even if it was a missed chance to grow the sport's audience.,,,leaving-caitlin-clark-off,,,,,,,,,,,,,,,,,,,,,,
caitlin-clark-was-one,,claim,"Caitlin Clark was not one of the 12 best American women's basketball players in June 2024, but she was close enough that naming her an alternate was the right outcome.",,,leaving-caitlin-clark-off,,,,,,,,,,,,,,,,,,,,,,
caitlin-clark-will-greatest,,belief,Caitlin Clark will be the greatest player in WNBA history by the end of her career.,,caitlin-clark,,,,,,,,,,,,,,,,,"Caitlin Clark's production is historic and verifiable, and her age gives her time, but as of October 2026 she has no MVP, no playoff series win and one season lost mostly to injury, while A'ja Wilson keeps adding trophies to the standard she must pass. The question is really a bet on fifteen future seasons, and the only hard evidence about those seasons, her durability, so far cuts both ways.","In 2026 Caitlin Clark became the only WNBA player ever to score 800 points and hand out 300 assists in one season, and the Associated Press panel still gave 15 of its 17 player-of-the-year votes to someone else.",Will Caitlin Clark end her career as the greatest player in WNBA history?,The page most needs a season-by-season aging study of WNBA guards so the durability argument can rest on data rather than on one injured season and one healthy one.,40,Strong,
caitlin-clark-produces-points,,claim,"Caitlin Clark produces points and assists at a combined rate no WNBA player has matched, which is the raw material every greatest-ever case is built from.",,,caitlin-clark-will-greatest,,,,,,,,,,,,,,,,"This deserves real weight, because her 2026 total of 891 points and 333 assists is the first 800-and-300 season in league history, but production in one season is not a career.",,,,,,
caitlin-clark-reached-all,,claim,"Caitlin Clark reached the All-WNBA First Team in her first season and again in her third, so she has already cleared the bar most all-time greats took years to reach.",,,caitlin-clark-will-greatest,,,,,,,,,,,,,,,,"Moderate weight: an early First Team pace is how long careers at the top begin, though several players who started this fast did not finish as the best.",,,,,,
caitlin-clark-24-years,,claim,"Caitlin Clark is 24 years old in 2026 and has roughly 12 to 15 playing seasons ahead of her, which is time enough to pass the career scoring and assist records that anchor the greatest-ever debate.",,,caitlin-clark-will-greatest,,,,,,,,,,,,,,,,"Significant weight for the time horizon, discounted by the fact that long careers are the exception and hers already includes a 13-game season.",,,,,,
caitlin-clark-s-passing,,claim,"Caitlin Clark's passing and shooting range changed how WNBA defenses are built, and historians generally rank players who changed the game above players who only out-produced it.",,,caitlin-clark-will-greatest,,,,,,,,,,,,,,,,"Modest weight because 'changed the game' is a judgment, but ESPN's playmakers ranking placing her fourth all time after 55 games shows experts already take the point seriously.",,,,,,
caitlin-clark-draws-largest,,claim,"Caitlin Clark draws the largest audiences the WNBA has ever had, and the greatest player in a league's history is partly a title about who made the league matter.",,,caitlin-clark-will-greatest,,,,,,,,,,,,,,,,"Low to moderate weight; popularity is real and measurable, but most people who argue about greatness mean play on the court, not ticket sales.",,,,,,
caitlin-clark-scored-891,,claim,"Caitlin Clark scored 891 points and recorded 333 assists in the 2026 regular season, the first time any WNBA player has reached 800 points and 300 assists in one season.",,,caitlin-clark-will-greatest,,,,,,,,,statistics,,,,,,,"A checkable box-score total from the league's own data, so it deserves full weight as a fact and partial weight as evidence of greatness.",,,,,,
caitlin-clark-set-wnba,,claim,"Caitlin Clark set the WNBA single-season assist record with 337 assists as a rookie in 2024 and the single-game record with 19 assists on July 17, 2024.",,,caitlin-clark-will-greatest,,,,,,,,,record,,,,,,,"An official league record set in year one; strong evidence of a historic skill, weaker evidence about an entire career.",,,,,,
espn-s-may-2026,,claim,ESPN's May 2026 ranking of the ten greatest playmakers in WNBA history placed Caitlin Clark fourth and Diana Taurasi seventh after Clark had played 55 career games.,,,caitlin-clark-will-greatest,,,,,,,,,expert_claim,,,,,,,"One outlet's panel, so modest weight, but it shows that credentialed observers already place her among the all-time greats in one skill.",,,,,,
caitlin-clark-will-win,,claim,Caitlin Clark will win at least one WNBA MVP award before the end of the 2029 season.,,,caitlin-clark-will-greatest,,,,,,,,,,,,,,,,,,,,,,
indiana-fever-will-win,,claim,The Indiana Fever will win at least one playoff series with Caitlin Clark on the roster by the end of the 2028 season.,,,caitlin-clark-will-greatest,,,,,,,,,,,,,,,,,,,,,,
caitlin-clark-leads-wnba,,claim,"Caitlin Clark leads the WNBA in both points and assists per game in the same season while the Fever win the championship, something no player has done.",,,caitlin-clark-will-greatest,,,,,,,,,,,,,,,,,,,,,,
study-wnba-guards-aging,,claim,A study of WNBA guards' aging curves finds that high-volume three-point shooters hold their value past age 34 as well as post players do.,,,caitlin-clark-will-greatest,,,,,,,,,,,,,,,,,,,,,,
person-who-holds-belief,,claim,"A person who holds this belief assumes that Caitlin Clark's body will hold up for another decade of 40-game seasons despite the quad, groin and ankle injuries that cost her 31 games in 2025.",,,caitlin-clark-will-greatest,,,,,,,,,,,,,,,,,,,,,,
person-who-holds-belief-2,,claim,"A person who holds this belief assumes that the greatest player in a league's history is measured by peak production and influence on how the game is played, so that a guard who never wins as many titles as A'ja Wilson can still rank above her.",,,caitlin-clark-will-greatest,,,,,,,,,,,,,,,,,,,,,,
person-who-holds-belief-3,,claim,"A person who holds this belief assumes that the Indiana Fever, or whatever team Caitlin Clark plays for, will build a roster good enough to turn her production into championships.",,,caitlin-clark-will-greatest,,,,,,,,,,,,,,,,,,,,,,
full-court-press-kristen,,media,"Full Court Press, Kristen Lappas (director), Omaha Productions, 2024",,,caitlin-clark-will-greatest,,caitlin-clark-will-greatest,Film,,,,,ESPN+ and ABC,,,,,,,"The series follows Caitlin Clark through her final Iowa season and shows the work habits, shooting range and record crowds she carried into the WNBA before she had played a professional game.","Low weight, since it is a college-season documentary made with her cooperation, useful for how she prepares rather than for where she ranks.",,,,,,
ja-wilson-already-holds,,claim,"A'ja Wilson already holds four MVP awards, three championships and three Defensive Player of the Year awards, and she is still in her prime, so the bar Caitlin Clark must clear keeps rising while she chases it.",,,caitlin-clark-will-greatest,,,,,,,,,,,,,,,,"This is the strongest objection and deserves heavy weight, because the belief needs Clark to pass a rival who is adding to her record every season.",,,,,,
caitlin-clark-has-won,,claim,"Caitlin Clark has not won a playoff series in three WNBA seasons, and greatest-ever cases in basketball are generally decided by championships rather than regular-season numbers.",,,caitlin-clark-will-greatest,,,,,,,,,,,,,,,,"Heavy weight for now; a first-round exit in 2024 and 2026 and a missed 2025 postseason is a thin playoff record, though she has a decade to change it.",,,,,,
caitlin-clark-missed-31,,claim,"Caitlin Clark missed 31 of 44 games in 2025 with quad, groin and ankle injuries, and a greatest-ever career requires the kind of durability her body has not yet shown.",,,caitlin-clark-will-greatest,,,,,,,,,,,,,,,,Moderate weight; one injury-filled season followed by a healthy 44-game season proves neither fragility nor durability.,,,,,,
diana-taurasi-s-10,,claim,"Diana Taurasi's 10,646 career points and three titles over 20 seasons set a standard of longevity that Caitlin Clark cannot match before the late 2030s, and no one knows what her game will look like at 38.",,,caitlin-clark-will-greatest,,,,,,,,,,,,,,,,"Significant weight, because the records that define 'greatest' are cumulative and the belief is a bet on a future nobody can see.",,,,,,
guards-who-rely-deep,,claim,"Guards who rely on deep shooting and high usage generally decline earlier than big players who score near the basket, so Caitlin Clark's style works against the long peak the belief requires.",,,caitlin-clark-will-greatest,,,,,,,,,,,,,,,,"Low to moderate weight; this is a pattern rather than a rule, and Taurasi and Sue Bird were guards who played into their 40s.",,,,,,
ja-wilson-won-associated,,claim,"A'ja Wilson won the Associated Press WNBA Player of the Year for 2026 with 15 of 17 first-place votes, ahead of Olivia Miles, Caitlin Clark and Kelsey Mitchell.",,,caitlin-clark-will-greatest,,,,,,,,,record,,,,,,,"Strong evidence that in Clark's best season to date the people who vote still saw a clearly better player, which is the gap the belief must close.",,,,,,
ja-wilson-has-four,,claim,"A'ja Wilson has four WNBA MVP awards, three championships, two Finals MVPs, three Defensive Player of the Year awards and the single-season scoring record of 1,021 points, and she is still active.",,,caitlin-clark-will-greatest,,,,,,,,,record,,,,,,,Hard trophy counts that anyone can verify against league records; this is the yardstick Clark is measured against and it is still growing.,,,,,,
las-vegas-aces-eliminated,,claim,"The Las Vegas Aces eliminated the Indiana Fever 2-1 in the first round of the 2026 playoffs, with Caitlin Clark shooting 6 of 18 and committing six turnovers in the deciding Game 3.",,,caitlin-clark-will-greatest,,,,,,,,,record,,,,,,,"A single game proves little, but the pattern of three seasons without a series win is the fact opponents lean on most.",,,,,,
ja-wilson-will-still,,claim,A'ja Wilson will still be ranked above Caitlin Clark on every major all-time WNBA player list published in 2030.,,,caitlin-clark-will-greatest,,,,,,,,,,,,,,,,,,,,,,
caitlin-clark-will-miss,,claim,Caitlin Clark will miss at least 25 percent of the Fever's regular-season games across the 2027 through 2029 seasons combined.,,,caitlin-clark-will-greatest,,,,,,,,,,,,,,,,,,,,,,
caitlin-clark-misses-20,,claim,Caitlin Clark misses 20 or more games in a second season before 2029 with another soft-tissue injury.,,,caitlin-clark-will-greatest,,,,,,,,,,,,,,,,,,,,,,
ja-wilson-wins-her,,claim,A'ja Wilson wins her fifth and sixth MVP awards in 2026 and 2027 while Caitlin Clark finishes outside the top two in voting both years.,,,caitlin-clark-will-greatest,,,,,,,,,,,,,,,,,,,,,,
person-who-rejects-belief,,claim,"A person who rejects this belief assumes that championships and MVP awards, which A'ja Wilson already holds in numbers Caitlin Clark has not approached, are the main yardstick of greatness.",,,caitlin-clark-will-greatest,,,,,,,,,,,,,,,,,,,,,,
person-who-rejects-belief-2,,claim,"A person who rejects this belief assumes that a player's first three seasons, however loud, tell you little about where a 15-season career ends up.",,,caitlin-clark-will-greatest,,,,,,,,,,,,,,,,,,,,,,
person-who-rejects-belief-3,,claim,"A person who rejects this belief assumes that the attention around Caitlin Clark inflates every judgment made about her, so expert rankings in 2026 should be discounted rather than trusted.",,,caitlin-clark-will-greatest,,,,,,,,,,,,,,,,,,,,,,
candace-parker-called-ja,,claim,"Candace Parker called A'ja Wilson the WNBA's ""GOAT"" in her Basketball Hall of Fame induction speech in August 2026, the same weekend Wilson passed one of Parker's scoring records, as reported by Yahoo Sports on August 16, 2026.",,,caitlin-clark-will-greatest,,,,,,,,,,,,,,,,,,,,,,
sheryl-swoopes-said-september,,claim,"Sheryl Swoopes said in September 2024 that she did not think Caitlin Clark was ""dominating"" the WNBA as a rookie, as reported by the Los Angeles Times on September 18, 2024.",,,caitlin-clark-will-greatest,,,,,,,,,,,,,,,,,,,,,,
ja-wilson-athlete-year,,media,"A'ja Wilson: Athlete of the Year 2025, Time, 2025",,,caitlin-clark-will-greatest,,caitlin-clark-will-greatest,Article,,,,,Time magazine,,,,,,,"The profile lays out the 2025 season in which A'ja Wilson won a fourth MVP award, a third championship and a third Defensive Player of the Year award, which is the record Caitlin Clark must pass to be the greatest.","Significant weight for what it documents about the standard, none for the argument, since Time's honor is about one year and says nothing about Clark.",,,,,,
sue-bird-clutch-sarah,,media,"Sue Bird: In the Clutch, Sarah Dowland (director), 2024",,,caitlin-clark-will-greatest,,caitlin-clark-will-greatest,Film,,,,,Premiered at the Sundance Film Festival; released by Wolfe Releasing and streamed on Netflix,,,,,,,The documentary traces a point guard's 20-season career with four championships and shows how long and how healthy a guard has to stay for the word greatest to be used without argument.,"Low to moderate weight, because it is a portrait rather than a comparison, but it is the clearest picture of the length of career the belief is betting on.",,,,,,
indiana-fever-season-ticket-3,,interest,"Indiana Fever season-ticket holders need a franchise player who stays, stays healthy and wins in Indianapolis.",,,caitlin-clark-will-greatest,,caitlin-clark-will-greatest,,,,Loyalty,Fever home attendance and season-ticket renewal rate,,,,,Attendance and renewals stay at or above the 2024 to 2026 levels for a decade,Attendance drifts back toward pre-2024 levels as the novelty fades or she leaves,,,"This group's interest is the clearest and most measurable, and it cuts toward the belief because their money is already on it.",,,,,,
girls-who-play-youth-2,,interest,Girls who play youth basketball need a visible model of a guard who wins with passing and range rather than size.,,,caitlin-clark-will-greatest,,caitlin-clark-will-greatest,,,,Opportunity,Girls' high school basketball participation reported by the National Federation of State High School Associations,,,,,Participation rises through the late 2020s and the share of guards among college recruits grows,Participation follows its prior trend regardless of Clark's career,,,"A diffuse interest held by millions of people, important in principle and hard to tie to one player in practice.",,,,,,
television-executives-disney-amazon,,interest,"Television executives at Disney, Amazon and NBC who paid for WNBA rights through 2036 need the league's biggest draw to remain its best player.",,,caitlin-clark-will-greatest,,caitlin-clark-will-greatest,,,,Prosperity,Average viewers of nationally televised WNBA games,,,,,Fever games keep drawing the league's largest audiences into the 2030s,"Audiences spread across other stars or shrink, and the rights look overpaid",,,A concentrated financial interest; it explains the volume of the Clark coverage without saying anything about whether the claim is true.,,,,,,
las-vegas-aces-players,,interest,Las Vegas Aces players and fans need A'ja Wilson's four MVP awards and three championships weighed on the same scale as anyone else's.,,,caitlin-clark-will-greatest,,caitlin-clark-will-greatest,,,,Fairness,Wilson's position on official and ESPN all-time rankings,,,,,Wilson is ranked second despite holding more MVPs and titles than Clark,Wilson holds the top spot on the lists that count trophies,,,The strongest opposing interest because it rests on records already in the book rather than on a forecast.,,,,,,
veteran-wnba-players-who-2,,interest,"Veteran WNBA players who built the league before 2024 need their records and titles judged by what they did, not by who drew a bigger audience.",,,caitlin-clark-will-greatest,,caitlin-clark-will-greatest,,,,Respect,"Share of all-time rankings, Hall of Fame inductions and anniversary honors going to pre-2024 players",,,,,Greatest-ever lists reorganize around Clark and the audience she brought,"Lists continue to be led by Taurasi, Wilson, Leslie and others on the trophy record",,,A real and widely voiced interest; it matters for how the title is awarded even though it is not evidence about play.,,,,,,
sports-writers-broadcasters-who,,interest,Sports writers and broadcasters who vote on WNBA awards need the greatest-ever title to stay tied to votes they cast each season rather than to a popular story.,,,caitlin-clark-will-greatest,,caitlin-clark-will-greatest,,,,Integrity,Agreement between annual MVP voting and the eventual all-time ranking,,,,,Clark is ranked first despite finishing behind Wilson in the MVP votes of her best early seasons,The all-time ranking follows the MVP record,,,A professional interest in consistency; it weighs against premature coronation more than against Clark herself.,,,,,,
franchises-broadcasters-build-decade,,claim,"Franchises and broadcasters that build a decade of schedules, marketing and television deals around Caitlin Clark get a reliable return if she turns out to be the greatest player ever.",,,caitlin-clark-will-greatest,,,,,,,,,,,,,,,,"The money follows attention and attention follows greatness, but the dollar figure depends on deals not yet signed, so it stays unestimated.",,,,,,
girls-who-play-point,,claim,"Girls who play point guard gain a passing-first, deep-shooting model at the very top of the sport if Caitlin Clark finishes as the greatest player in WNBA history.",,,caitlin-clark-will-greatest,,,,,,,,,,,,,,,,"Participation effects from a single star are real but hard to isolate, so the direction is clearer than the size.",,,,,,
treating-caitlin-clark-greatest,,claim,Treating Caitlin Clark as the greatest player of all time keeps the WNBA's largest audience watching through the years when she is no longer new.,,,caitlin-clark-will-greatest,,,,,,,,,,,,,,,,"Her 2024 and 2025 audiences are documented, but how long they would hold is exactly what the belief bets on.",,,,,,
building-fever-s-league,,claim,"Building the Fever's and the league's business around one guard raises the pressure to play Caitlin Clark through minor injuries, increasing the chance of the serious one that would end the bet.",,,caitlin-clark-will-greatest,,,,,,,,,,,,,,,,"Her 31 missed games in 2025 show the downside is not hypothetical, though the size of any added risk from workload is unknown.",,,,,,
first-place-finish-wnba,,claim,A first-place finish in a WNBA-sanctioned or ESPN all-time player ranking published within two years after Caitlin Clark's retirement is a fair measure of whether she finished as the greatest player in league history.,,,caitlin-clark-will-greatest,,,,,,,,,,,,,,,,,,,,,,
number-mvp-awards-caitlin,,claim,The number of MVP awards Caitlin Clark has won when she retires compared with A'ja Wilson's final total is a fair measure of which player was judged best by the people who vote.,,,caitlin-clark-will-greatest,,,,,,,,,,,,,,,,,,,,,,
number-wnba-championships-caitlin,,claim,The number of WNBA championships Caitlin Clark wins as a starter is a fair measure of whether her production turned into the team success greatest-ever cases are built on.,,,caitlin-clark-will-greatest,,,,,,,,,,,,,,,,,,,,,,
caitlin-clark-will-play,,claim,Caitlin Clark will play at or near her 2026 level for at least ten more WNBA seasons.,,,caitlin-clark-will-greatest,,,,,,,,,,,,,,,,,,,,,,
greatest-player-wnba-history,,claim,"The greatest player in WNBA history is judged mainly by what happens on the court, meaning production, awards and titles, rather than by audience size or revenue.",,,caitlin-clark-will-greatest,,,,,,,,,,,,,,,,,,,,,,
guard-whose-peak-comes,,claim,A guard whose peak comes in the 2030s can pass A'ja Wilson's accumulated awards and titles even though Wilson is adding to them every season.,,,caitlin-clark-will-greatest,,,,,,,,,,,,,,,,,,,,,,
within-year-two-caitlin,,claim,"Within a year or two, Caitlin Clark finishes in the top three of WNBA MVP voting at least once and the Indiana Fever win at least one playoff series.",,,caitlin-clark-will-greatest,,,,,,,,,,,,,,,,,,,,,,
within-year-two-caitlin-2,,claim,"Within a year or two, Caitlin Clark holds the WNBA single-season assists record outright and leads the league in assists for a third time.",,,caitlin-clark-will-greatest,,,,,,,,,,,,,,,,,,,,,,
over-decade-caitlin-clark,,claim,"Over a decade, Caitlin Clark wins at least one WNBA MVP award and at least one championship, so that by the mid-2030s the greatest-ever debate is a two-person argument between her and A'ja Wilson.",,,caitlin-clark-will-greatest,,,,,,,,,,,,,,,,,,,,,,
caitlin-clark-already-best,,claim,Caitlin Clark is already the best player in the WNBA as of the 2026 season.,,,caitlin-clark-will-greatest,,,,,,,,,,,,,,,,,,,,,,
caitlin-clark-will-win-2,,claim,Caitlin Clark will win more WNBA MVP awards over her career than A'ja Wilson wins over hers.,,,caitlin-clark-will-greatest,,,,,,,,,,,,,,,,,,,,,,
caitlin-clark-will-finish,,claim,Caitlin Clark will finish her career among the five greatest players in WNBA history.,,,caitlin-clark-will-greatest,,,,,,,,,,,,,,,,,,,,,,
caitlin-clark-will-hold,,claim,Caitlin Clark will hold the WNBA career assists record when she retires.,,,caitlin-clark-will-greatest,,,,,,,,,,,,,,,,,,,,,,
lebron-james-has-had,,belief,LeBron James has had a better basketball career than Michael Jordan.,,greatest-of-all-time,,,,,,,,,,,,,,,,,"The record is not in dispute: LeBron James leads every career total, every cumulative value measure and every longevity mark, while Michael Jordan leads every per-game rate, the award count per season and the Finals record at six for six against four of ten. The fight is really about what ""better career"" means, the sum or the peak, and the people who play the game are now split almost evenly on it while the general public still favors Jordan about five to one.","At 41, after averaging 20.9 points in his 23rd season, LeBron James left the Lakers in July 2026 for a two-year, $8 million deal in Philadelphia to chase a fifth title, and in that same month a YouGov poll of 5,064 Americans still named Michael Jordan the greatest player by 53% to 10%.","Judged on the whole of his career, has LeBron James done more in basketball than Michael Jordan did?","The page most needs an era-adjusted comparison of each player's seven best seasons, with its method shown, so that peak and total can be weighed in the same units.",70,Moderate,
lebron-james-has-produced,,claim,"LeBron James has produced more total basketball output than Michael Jordan, with 43,440 regular season points, 12,095 rebounds and 12,016 assists against Jordan's 32,292 points, 6,672 rebounds and 5,633 assists.",,,lebron-james-has-had,,,,,,,,,,,,,,,,"This deserves heavy weight if a career is judged by what it adds up to, and little if it is judged by its best years, because 550 extra games explain much of the gap.",,,,,,
lebron-james-reached-ten,,claim,"LeBron James reached ten NBA Finals, including eight in a row from 2011 to 2018, a run of conference dominance that Michael Jordan never matched.",,,lebron-james-has-had,,,,,,,,,,,,,,,,"Moderate weight: it shows sustained contention across three franchises, though reaching a Finals is not the same as winning one, and the Eastern Conference he ran through was often thin.",,,,,,
lebron-james-has-averaged,,claim,"LeBron James has averaged at least 20 points in each of his 23 seasons, so his career includes a decade of starter-level play at ages when Michael Jordan was retired or finishing with the Washington Wizards.",,,lebron-james-has-had,,,,,,,,,,,,,,,,"Strong weight on durability, which is a real skill, but it only settles the question for a reader who already thinks length counts as much as height.",,,,,,
lebron-james-only-player,,claim,"LeBron James is the only player in NBA history with 10,000 career points, 10,000 rebounds and 10,000 assists, so a standard that rewards doing everything on the court favors him over a scorer-first guard.",,,lebron-james-has-had,,,,,,,,,,,,,,,,"Moderate weight: completeness is measurable here, but Jordan's ten scoring titles and Defensive Player of the Year award show he was not one-dimensional either.",,,,,,
lebron-james-played-league,,claim,"LeBron James played in a league drawing from a worldwide talent pool with three-point spacing and advanced scouting, so matching Michael Jordan's winning rate was harder for him than it was for Jordan in the 1990s.",,,lebron-james-has-had,,,,,,,,,,,,,,,,"Lower weight because it cannot be measured directly, and it cuts both ways: Jordan faced hand-checking and physical defense that modern rules forbid.",,,,,,
lebron-james-won-three,,claim,"LeBron James won three Olympic gold medals and the 2024 Olympic tournament MVP at age 39, more international hardware than Michael Jordan's two gold medals.",,,lebron-james-has-had,,,,,,,,,,,,,,,,"Light weight: Olympic basketball is a small part of a career, and both men won every Olympic final they played in.",,,,,,
lebron-james-closed-2025,,claim,"LeBron James closed the 2025-26 season with 43,440 regular season points, 12,095 rebounds and 12,016 assists in 1,622 games, each total above Michael Jordan's 32,292 points, 6,672 rebounds and 5,633 assists in 1,072 games.",,,lebron-james-has-had,,,,,,,,,statistics,2,100,,,,,"These are official counting records that NBA.com and StatMuse report identically, so the figures are settled; what they mean is the whole argument.",,,,,,
lebron-james-s-career,,claim,LeBron James's career Win Shares (276.8) and Value Over Replacement Player (159.4) both exceed Michael Jordan's (214.0 and 116.1).,,,lebron-james-has-had,,,,,,,,,statistics,,,,,,,"These are one site's cumulative value estimates, so they inherit the same longevity effect as raw totals, and Jordan leads the per-minute version of the same stat.",,,,,,
athletic-s-anonymous-poll,,claim,"In The Athletic's anonymous poll of NBA players, Michael Jordan's lead over LeBron James fell from 58.3% to 33% among 103 players in 2023 to 45.9% to 42.1% among 133 players in 2024.",,,lebron-james-has-had,,,,,,,,,survey,1,100,,,,,"Two consecutive polls of active players show movement toward LeBron, but the samples are small and the respondents mostly never saw Jordan play.",,,,,,
athletic-s-anonymous-poll-2,,claim,The Athletic's anonymous poll of NBA players will name LeBron James the greatest player of all time more often than Michael Jordan.,,,lebron-james-has-had,,,,,,,,,,,,,,,,,,,,,,
published-analysis-adjusting-pace,,claim,"A published analysis adjusting for pace, league talent depth and three-point spacing that found LeBron James's seven best seasons produced more wins above replacement than Michael Jordan's seven best would strengthen the belief.",,,lebron-james-has-had,,,,,,,,,,,,,,,,,,,,,,
lebron-james-leading-philadelphia,,claim,LeBron James leading the Philadelphia 76ers in playoff scoring or assists during a 2027 championship run at age 42 would strengthen the belief.,,,lebron-james-has-had,,,,,,,,,,,,,,,,,,,,,,
basketball-career-judged-everything,,claim,"A basketball career should be judged by everything a player adds up over all his seasons, so that a decade of extra starter-level play counts for as much as a higher peak.",,,lebron-james-has-had,,,,,,,,,,,,,,,,,,,,,,
reaching-finals-beating-three,,claim,"Reaching the Finals by beating three playoff opponents is an achievement in itself, so losing a Finals should not count as a mark against a player the way a missed playoff year would.",,,lebron-james-has-had,,,,,,,,,,,,,,,,,,,,,,
building-contender-through-free,,claim,"Building a contender through free agency is a legitimate way to win titles, and the quality of a championship does not depend on how the roster was assembled.",,,lebron-james-has-had,,,,,,,,,,,,,,,,,,,,,,
scottie-pippen-who-played,,claim,"Scottie Pippen, who played beside Michael Jordan for all six Chicago titles, wrote in his 2021 memoir Unguarded that he has always believed LeBron James is the greatest player the game has ever seen.",,,lebron-james-has-had,,,,,,,,,,,,,,,,,,,,,,
nick-wright-fox-sports,,claim,Nick Wright of Fox Sports has argued on First Things First and in his 2020 column The Case Against Michael Jordan that LeBron James has the best career in NBA history and that the debate is over.,,,lebron-james-has-had,,,,,,,,,,,,,,,,,,,,,,
lebron-jeff-benedict-2023,,media,"LeBron, Jeff Benedict, 2023",,,lebron-james-has-had,,lebron-james-has-had,Book,,,,,Avid Reader Press / Simon & Schuster,,,,,,,"Benedict's biography, built from more than 250 interviews, traces how LeBron James carried three franchises to the Finals and stayed a top player into his late thirties, which is the longevity half of the case for him.","Moderate weight: it is thorough and well sourced on what James did, but it is a biography of one man and never puts him side by side with Michael Jordan on the court.",,,,,,
return-king-lebron-james,,media,"Return of the King: LeBron James, the Cleveland Cavaliers and the Greatest Comeback in NBA History, Brian Windhorst and Dave McMenamin, 2017",,,lebron-james-has-had,,lebron-james-has-had,Book,,,,,Grand Central Publishing,,,,,,,"The book documents the 2016 Finals, in which LeBron James led Cleveland back from a 3-1 deficit against a 73-win Golden State team, the single playoff feat his supporters most often rank above any one of Jordan's titles.","Moderate weight: the reporting is firsthand and detailed, but one series, however great, is one series against six Finals wins.",,,,,,
case-against-michael-jordan,,media,"The Case Against Michael Jordan, Nick Wright, 2020",,,lebron-james-has-had,,lebron-james-has-had,Article,,,,,Fox Sports,,,,,,,"Wright lays out five claims against Jordan's record, including that he never won without Scottie Pippen and that his Eastern Conference was weak, which is the sharpest public statement of the case that Jordan's clean Finals record is less than it looks.","Light to moderate weight: it is argument rather than research, written by a commentator known for the LeBron James side, but every claim in it is checkable against the record.",,,,,,
michael-jordan-won-all,,claim,"Michael Jordan won all six NBA Finals he reached and was named Finals MVP in every one, while LeBron James lost six of his ten Finals, so Jordan's record in the series that decides a season is cleaner.",,,lebron-james-has-had,,,,,,,,,,,,,,,,"This is the strongest single fact for Jordan and deserves heavy weight, with the caveat that losing a Finals still requires beating three playoff opponents first.",,,,,,
michael-jordan-built-all,,claim,"Michael Jordan built all six of his titles with one franchise, while LeBron James moved to Miami in 2010, back to Cleveland in 2014 and to Los Angeles in 2018 to form contenders through free agency, which many fans count against the quality of his wins.",,,lebron-james-has-had,,,,,,,,,,,,,,,,"Moderate weight: it is a values judgment about how titles should be won, and Jordan also had a Hall of Fame coach and Scottie Pippen for all six.",,,,,,
michael-jordan-s-career,,claim,"Michael Jordan's career totals trail LeBron James's mainly because Jordan missed nearly four prime seasons to two retirements, not because he produced less when he played, and a career should be judged by quality of play rather than years logged.",,,lebron-james-has-had,,,,,,,,,,,,,,,,"Moderate weight: it explains the totals gap, but a retirement is still a choice that removed real seasons from the record, and the record is what the belief is about.",,,,,,
michael-jordan-was-better,,claim,"Michael Jordan was the better defender, with nine All-Defensive selections and the 1988 Defensive Player of the Year award against LeBron James's six selections and no such award, so Jordan was more complete on both ends in his prime.",,,lebron-james-has-had,,,,,,,,,,,,,,,,"Moderate weight: the honors are real, though All-Defensive voting rewards perimeter steals and reputation as much as measured impact.",,,,,,
michael-jordan-went-6,,claim,"Michael Jordan went 6-0 in NBA Finals series with a 24-11 game record (.686) and 33.6 points per game, while LeBron James is 4-6 in Finals series with a 22-33 game record (.400) and 28.4 points per game.",,,lebron-james-has-had,,,,,,,,,statistics,2,100,,,,,"Official results, not opinion; the only open question is how much a lost Finals should count against a career compared with a season that ended earlier.",,,,,,
michael-jordan-holds-nba,,claim,"Michael Jordan holds the NBA records for career regular season scoring average (30.1 points per game) and playoff scoring average (33.4), compared with LeBron James's 26.8 in the regular season and roughly 28.4 in the playoffs.",,,lebron-james-has-had,,,,,,,,,statistics,2,100,,,,,"Settled figures that measure scoring rate, which favors a guard who shot 22 times a game over a forward who also led his teams in assists.",,,,,,
yougov-survey-5-064,,claim,"A YouGov survey of 5,064 US adults on July 28, 2026 found 53% naming Michael Jordan the greatest basketball player of all time, 10% naming LeBron James, 7% someone else and 30% not sure.",,,lebron-james-has-had,,,,,,,,,survey,1,100,,,,,"A large, recent, professionally run sample, but it measures reputation among adults of all ages, most of whom are not close followers of the sport.",,,,,,
michael-jordan-leads-lebron,,claim,"Michael Jordan leads LeBron James in career PER (27.9 to 26.7), MVP awards (5 to 4), scoring titles (10 to 1), All-Defensive selections (9 to 6) and Defensive Player of the Year awards (1 to 0).",,,lebron-james-has-had,,,,,,,,,statistics,2,100,,,,,"The award counts are official and the per-minute rating is widely used; together they show Jordan's higher peak, while LeBron leads every cumulative category and All-NBA selections 21 to 11.",,,,,,
yougov-s-share-us,,claim,YouGov's share of US adults naming LeBron James the greatest player of all time will stay below 20% while Michael Jordan's share stays above 45%.,,,lebron-james-has-had,,,,,,,,,,,,,,,,,,,,,,
finding-lebron-james-s,,claim,"A finding that LeBron James's championship teams had higher point differentials with him off the floor than Michael Jordan's Bulls had without Jordan, showing LeBron's titles rested more on teammates, would weaken the belief.",,,lebron-james-has-had,,,,,,,,,,,,,,,,,,,,,,
athletic-s-next-anonymous,,claim,The Athletic's next anonymous player poll returning to a lead of 20 points or more for Michael Jordan would weaken the belief.,,,lebron-james-has-had,,,,,,,,,,,,,,,,,,,,,,
best-career-belongs-player,,claim,"The best career belongs to the player who was the best in the world at his best, so peak performance and dominance outweigh the number of seasons a player stayed productive.",,,lebron-james-has-had,,,,,,,,,,,,,,,,,,,,,,
winning-final-series-season,,claim,"Winning the final series of a season is the point of a season, so a 6-0 Finals record says more about a career than a 4-6 record over more trips.",,,lebron-james-has-had,,,,,,,,,,,,,,,,,,,,,,
winning-one-franchise-against,,claim,"Winning with one franchise, against whatever roster the team could build, reveals more about a player than joining other stars in free agency to form a contender.",,,lebron-james-has-had,,,,,,,,,,,,,,,,,,,,,,
shaquille-o-neal-said,,claim,Shaquille O'Neal said on The Big Podcast with Shaq in March 2026 that Michael Jordan is the greatest of all time because of how he dominated and because he never lost in the Finals.,,,lebron-james-has-had,,,,,,,,,,,,,,,,,,,,,,
michael-jordan-life-roland,,media,"Michael Jordan: The Life, Roland Lazenby, 2014",,,lebron-james-has-had,,lebron-james-has-had,Book,,,,,"Little, Brown and Company",,,,,,,"Lazenby's 720-page biography, drawing on interviews with Jordan, his coaches and teammates, documents the competitive drive and two-way dominance that make the case for Jordan as the best player at his best.","Moderate weight: it is the fullest account of Jordan's career, but it was written before LeBron James's late-career run and does not weigh him.",,,,,,
playing-keeps-michael-jordan,,media,"Playing for Keeps: Michael Jordan and the World He Made, David Halberstam, 1999",,,lebron-james-has-had,,lebron-james-has-had,Book,,,,,Random House,,,,,,,"Halberstam's account of the 1998 Bulls and the career behind it shows how Jordan's six titles were won within one franchise and against the league's best, which is the heart of the argument that his career is cleaner than James's.","Moderate weight: a serious journalist's book, but written in 1999, so it can speak to Jordan's standing and not to the comparison.",,,,,,
last-dance-jason-hehir,,media,"The Last Dance, Jason Hehir, 2020",,,lebron-james-has-had,,lebron-james-has-had,Film,,,,,ESPN Films and Netflix,,,,,,,"The ten-part series uses all-access footage of the 1997-98 Bulls and more than 100 interviews to show Jordan's peak and his control of a championship team, which is what Jordan's side means when it says the best career is the best peak.","Light to moderate weight: Jordan's own company co-produced it and it chose its story, so it is strong on what Jordan was and silent on what James has been.",,,,,,
players-late-thirties-need,,interest,"Players in their late thirties need the record books to count every productive season they add, not just their championship rings.",,,lebron-james-has-had,,lebron-james-has-had,,,,Fairness,Share of major all-time rankings that weight career totals and longevity.,,,,,Rises as longevity becomes part of the standard.,"Stays low, with peak and titles dominating.",,,A concrete interest that LeBron James's case directly advances.,,,,,,
fans-who-began-watching,,interest,"Fans who began watching basketball after 2003 need the player they grew up on judged by what he did, not by what their parents remember.",,,lebron-james-has-had,,lebron-james-has-had,,,,Fairness,Percentage of US adults under 40 naming LeBron James in national greatest-player polls.,,,,,Rises over time as the debate shifts to the record.,Stays near the 10% YouGov measured in 2026.,,,A large group with a real stake in how eras are compared.,,,,,,
statisticians-sportswriters-need-standard,,interest,Statisticians and sportswriters need a standard of greatness that can be checked in a box score rather than argued from memory.,,,lebron-james-has-had,,lebron-james-has-had,,,,Truth,Share of greatest-player columns that cite totals and value metrics rather than recollection.,,,,,Rises because the totals case is the checkable one.,"Mixed, since Jordan's peak case also rests on numbers.",,,"Serves accuracy, but a totals standard still hides a value choice about what counts.",,,,,,
coaches-players-chasing-championships,,interest,Coaches and players chasing championships need winning the final series to count for more than how long a player lasted.,,,lebron-james-has-had,,lebron-james-has-had,,,,Excellence,Weight given to championships and Finals results in published ranking methods.,,,,,Falls relative to longevity and totals.,Stays dominant.,,,A real interest in keeping titles as the currency of greatness.,,,,,,
nike-jordan-brand-employees,,interest,Nike and Jordan Brand employees need the Jordan name to stay first in the greatest-player debate.,,,lebron-james-has-had,,lebron-james-has-had,,,,Prosperity,Jordan Brand annual revenue reported by Nike.,,,,,May soften as the name's claim to first place weakens.,Holds.,,,A commercial interest that explains some of the heat in the debate but says nothing about the record.,,,,,,
ranking-lebron-james-s,,claim,"Ranking LeBron James's career first would push all-time lists to count every productive season a player adds, so veterans who stay effective into their late thirties would gain standing in the record books.",,,lebron-james-has-had,,,,,,,,,,,,,,,,Real but hard to count; most ranking lists today give longevity a small place and would have to say how much they are changing it.,,,,,,
settling-question-lebron-james,,claim,Settling the question on LeBron James's side would give fans and writers a definition of greatness that rests on box-score totals and value metrics anyone can check.,,,lebron-james-has-had,,,,,,,,,,,,,,,,"Moderate: it would make the debate more checkable, though a totals standard also has a hidden value choice baked in.",,,,,,
accepting-lebron-james-better,,claim,Accepting LeBron James as the better career would mean the achievements of the post-2003 era are taken as seriously as memories of the 1990s.,,,lebron-james-has-had,,,,,,,,,,,,,,,,Light to moderate; it matters to a large group of fans but changes nothing about the games already played.,,,,,,
if-lebron-james-s,,claim,"If LeBron James's career is ranked above Michael Jordan's, a perfect six-for-six Finals record would lose its standing as the mark of a finished career.",,,lebron-james-has-had,,,,,,,,,,,,,,,,"Moderate: it is a loss of status for a standard many fans hold, though the record itself does not change.",,,,,,
treating-totals-longevity-deciding,,claim,Treating totals and longevity as the deciding measure would tell players that lasting 23 seasons counts for more than sacrificing minutes or money to win a title now.,,,lebron-james-has-had,,,,,,,,,,,,,,,,"Light: player incentives respond mostly to contracts, not to all-time rankings, but the signal is real.",,,,,,
consensus-lebron-james-had,,claim,"A consensus that LeBron James had the better career would weaken the Jordan name's claim to be first in the greatest-player debate, which the Jordan Brand business is built on.",,,lebron-james-has-had,,,,,,,,,,,,,,,,"Light to moderate: the brand has outlasted Jordan's playing career by two decades, so its sales may not depend on winning this argument.",,,,,,
gap-between-michael-jordan,,claim,The gap between Michael Jordan and LeBron James in The Athletic's next anonymous poll of NBA players is a fair measure of how the people who play the game rank the two careers.,,,lebron-james-has-had,,,,,,,,,,,,,,,,,,,,,,
average-each-player-s,,claim,The average of each player's seven best seasons in Win Shares per 48 minutes on Basketball Reference is a fair measure of peak quality that does not reward length of career.,,,lebron-james-has-had,,,,,,,,,,,,,,,,,,,,,,
whether-lebron-james-plays,,claim,"Whether LeBron James plays at least 50 games and averages at least 20 points for Philadelphia in 2026-27, at age 42, is a fair measure of whether his longevity is still adding real value to his career.",,,lebron-james-has-had,,,,,,,,,,,,,,,,,,,,,,
career-totals-years-productive,,claim,"Career totals and years of productive play are a fair measure of a basketball career, not just the height of a player's best seasons.",,,lebron-james-has-had,,,,,,,,,,,,,,,,,,,,,,
lebron-james-s-statistical,,claim,LeBron James's statistical records were produced against competition at least as strong as Michael Jordan faced in the 1990s.,,,lebron-james-has-had,,,,,,,,,,,,,,,,,,,,,,
finals-loss-count-season,,claim,"A Finals loss should count as a season that reached the last series, not as a failure that outweighs a conference title.",,,lebron-james-has-had,,,,,,,,,,,,,,,,,,,,,,
within-year-two-national,,claim,"Within a year or two, national greatest-player polls would show LeBron James gaining several points on Michael Jordan among adults under 40, as happened among NBA players between The Athletic's 2019 and 2024 polls.",,,lebron-james-has-had,,,,,,,,,,,,,,,,,,,,,,
within-year-two-more,,claim,"Within a year or two, more all-time ranking lists at major outlets would put career totals and longevity alongside championships as a stated criterion, and some would move James to first.",,,lebron-james-has-had,,,,,,,,,,,,,,,,,,,,,,
over-decade-standard-greatness,,claim,"Over a decade, the standard for greatness in basketball would shift toward records that reward long careers, so that future players would be judged more on durability and total output than players of the 1990s were.",,,lebron-james-has-had,,,,,,,,,,,,,,,,,,,,,,
over-decade-michael-jordan,,claim,"Over a decade, Michael Jordan's six-for-six Finals record would come to be seen as one great fact among several rather than the deciding one, and LeBron James would hold the top spot in most published rankings once his career is complete.",,,lebron-james-has-had,,,,,,,,,,,,,,,,,,,,,,
lebron-james-greatest-basketball,,claim,"LeBron James is the greatest basketball player of all time by every reasonable measure, including peak play, not only career totals.",,,lebron-james-has-had,,,,,,,,,,,,,,,,,,,,,,
michael-jordan-does-belong,,claim,Michael Jordan does not belong in the top three players of all time once career totals and longevity are given their proper weight.,,,lebron-james-has-had,,,,,,,,,,,,,,,,,,,,,,
lebron-james-has-had-2,,claim,"LeBron James has had a longer and more productive career than Michael Jordan, even if Jordan was the better player at his best.",,,lebron-james-has-had,,,,,,,,,,,,,,,,,,,,,,
lebron-james-michael-jordan,,claim,LeBron James and Michael Jordan are so close that which one had the better career depends entirely on the standard a reader chooses.,,,lebron-james-has-had,,,,,,,,,,,,,,,,,,,,,,
lionel-messi-better-soccer,,belief,Lionel Messi is a better soccer player than Cristiano Ronaldo.,,greatest-of-all-time,,,,,,,,,,,,,,,,,"Messi leads nearly every per-game and per-chance measure, the assist count by a wide margin, the Ballon d'Or count 8 to 5, and now holds the World Cup goal and assist records, while Ronaldo leads the raw career total (979 to 931 as of September 2026), the Champions League in both titles and goals, and has lasted longer at the top. The fight is not over the numbers, which both sides accept, but over whether ""better"" means the higher peak and the fuller game or the bigger total and the longer run.","When The Athletic asked former professional players in 2023 who had the better career, 66 percent said Ronaldo, but when it asked who they would rather have played alongside, 72 percent said Messi.","Was Lionel Messi a better soccer player than Cristiano Ronaldo, once goals, assists, trophies, peak level and longevity are all counted?","The page most needs one full-career count of non-penalty goals plus assists per 90 minutes for both players from a single data source, including a Champions League knockout-round split.",20,Moderate,
lionel-messi-s-eight,,claim,Lionel Messi's eight Ballon d'Or awards against Cristiano Ronaldo's five show that the journalists who watched both men for twenty years judged Messi the best player of the year more often.,,,lionel-messi-better-soccer,,,,,,,,,,,,,,,,"Moderate weight, since the Ballon d'Or is an opinion poll of journalists and has gone to the wrong player in some years, but it is the single most-watched comparison the sport runs.",,,,,,
lionel-messi-scores-more,,claim,"Lionel Messi scores more goals per game and more goals above what his chances were worth than Cristiano Ronaldo, which means he made more of each opportunity.",,,lionel-messi-better-soccer,,,,,,,,,,,,,,,,"Strong weight because per-game and per-shot measures remove the effect of Ronaldo playing roughly 160 more matches, and they consistently favor Messi.",,,,,,
lionel-messi-won-2022,,claim,"Lionel Messi won the 2022 World Cup and was named its best player, which is the one prize Cristiano Ronaldo chased for five tournaments and never reached.",,,lionel-messi-better-soccer,,,,,,,,,,,,,,,,"Moderate weight: the World Cup is the sport's biggest stage, but one month every four years with a national team is a thin basis for ranking two club careers of twenty years.",,,,,,
lionel-messi-s-dribbling,,claim,"Lionel Messi's dribbling and passing changed how Barcelona and Argentina attacked, an effect on team play that goal totals alone do not show.",,,lionel-messi-better-soccer,,,,,,,,,,,,,,,,"Moderate weight because it is widely agreed by coaches and players but hard to measure, so it rests on expert judgment rather than a number.",,,,,,
lionel-messi-has-won,,claim,"Lionel Messi has won the Ballon d'Or eight times and Cristiano Ronaldo five times, as of the awards given through 2025.",,,lionel-messi-better-soccer,,,,,,,,,record,,,,,,,This is a settled public record; the only question is how much a journalists' vote should count.,,,,,,
september-28-2026-lionel,,claim,"As of September 28, 2026, Lionel Messi had 424 career assists in 1,177 appearances while Cristiano Ronaldo had 261 assists in 1,338 appearances, by one tracker's count.",,,lionel-messi-better-soccer,,,,,,,,,statistics,,,,,,,"Assist counts differ between trackers because leagues define assists differently, but every tracker shows Messi far ahead, so the direction is secure even if the exact gap is not.",,,,,,
lionel-messi-averages-0,,claim,"Lionel Messi averages 0.79 goals per game over his career against Cristiano Ronaldo's 0.73, as of September 28, 2026.",,,lionel-messi-better-soccer,,,,,,,,,statistics,,,,,,,A small but real gap that holds up across trackers; it matters because it removes the effect of Ronaldo's extra 160 or so games.,,,,,,
when-both-players-have,,claim,"When both players have retired, most all-time rankings published by major outlets will place Lionel Messi above Cristiano Ronaldo.",,,lionel-messi-better-soccer,,,,,,,,,,,,,,,,,,,,,,
lionel-messi-will-chosen,,claim,Lionel Messi will be chosen more often than Cristiano Ronaldo when current professional players are asked which of the two was the better player.,,,lionel-messi-better-soccer,,,,,,,,,,,,,,,,,,,,,,
full-career-study-using,,claim,"A full-career study using one event-data provider found that Lionel Messi's non-penalty goals plus assists per 90 minutes exceeded Cristiano Ronaldo's by a wide margin in every competition, including Champions League knockout rounds.",,,lionel-messi-better-soccer,,,,,,,,,,,,,,,,,,,,,,
peer-reviewed-plus-minus,,claim,A peer-reviewed plus-minus style analysis found that Lionel Messi's presence raised his teams' expected goal difference by more per match than Cristiano Ronaldo's did across comparable seasons.,,,lionel-messi-better-soccer,,,,,,,,,,,,,,,,,,,,,,
quality-soccer-player-better,,claim,The quality of a soccer player is better measured by what he produces per game and per chance than by career totals that grow with every extra season played.,,,lionel-messi-better-soccer,,,,,,,,,,,,,,,,,,,,,,
creating-goals-teammates-counts,,claim,Creating goals for teammates counts toward a player's greatness about as much as scoring them himself.,,,lionel-messi-better-soccer,,,,,,,,,,,,,,,,,,,,,,
player-s-peak-level,,claim,A player's peak level over his best ten years matters more to a ranking than how long he stayed useful afterward.,,,lionel-messi-better-soccer,,,,,,,,,,,,,,,,,,,,,,
pep-guardiola-who-coached,,claim,"Pep Guardiola, who coached Messi at Barcelona from 2008 to 2012, said in 2016 after Cristiano Ronaldo won the Ballon d'Or that, with respect to Ronaldo, Messi was on another level, and he has repeatedly called Messi the best player he has ever seen.",,,lionel-messi-better-soccer,,,,,,,,,,,,,,,,,,,,,,
wayne-rooney-cristiano-ronaldo,,claim,"Wayne Rooney, Cristiano Ronaldo's teammate at Manchester United for five seasons, said on the Rio Ferdinand Presents podcast in 2025 that he thinks Messi is the better player because of how he took players on, while adding that Ronaldo is a genius.",,,lionel-messi-better-soccer,,,,,,,,,,,,,,,,,,,,,,
zlatan-ibrahimovic-who-played,,claim,"Zlatan Ibrahimovic, who played alongside Messi at Barcelona, said in 2025 that Messi is the more complete player and Ronaldo is a machine for scoring goals.",,,lionel-messi-better-soccer,,,,,,,,,,,,,,,,,,,,,,
messi-guillem-balague-2013,,media,"Messi, Guillem Balague, 2013",,,lionel-messi-better-soccer,,lionel-messi-better-soccer,Book,,,,,Orion,,,,,,,"The biography, written with access to Messi, his family and his coaches, records how Barcelona rebuilt its attack around his passing and dribbling and how coaches who worked with him judged him the best they had seen.","Light to moderate weight, since an authorized biography leans toward its subject, but its coaching testimony is firsthand and on the record.",,,,,,
messi-directed-alex-de,,media,"Messi, directed by Alex de la Iglesia, 2014",,,lionel-messi-better-soccer,,lionel-messi-better-soccer,Film,,,,,Warner Bros. Pictures,,,,,,,"The documentary gathers former teammates, coaches and journalists who argue on camera that Messi's dribbling and vision set him apart from every rival of his era.","Light weight: it is testimony rather than measurement, and it was made before Messi's World Cup win or Ronaldo's late-career records.",,,,,,
cristiano-ronaldo-has-scored,,claim,"Cristiano Ronaldo has scored more official goals than any player in the history of soccer, and goals are the thing the game is decided by.",,,lionel-messi-better-soccer,,,,,,,,,,,,,,,,"Strong weight because the goal record is the sport's plainest ledger and nobody disputes it, though it rewards playing longer as well as playing better.",,,,,,
cristiano-ronaldo-won-champions,,claim,"Cristiano Ronaldo won the Champions League five times and holds its all-time scoring record, so he beat the best club opponents in the world more often than Lionel Messi did.",,,lionel-messi-better-soccer,,,,,,,,,,,,,,,,"Strong weight: the Champions League is the hardest club competition, and Ronaldo leads Messi in both titles and goals there.",,,,,,
cristiano-ronaldo-succeeded-top,,claim,"Cristiano Ronaldo succeeded at the top of the Portuguese, English, Spanish and Italian leagues, while Lionel Messi built most of his record inside one Barcelona system designed around him.",,,lionel-messi-better-soccer,,,,,,,,,,,,,,,,"Moderate weight because proving yourself in different leagues and tactical systems is a real test, though Messi did later win trophies with PSG, Inter Miami and Argentina.",,,,,,
cristiano-ronaldo-reaching-979,,claim,"Cristiano Ronaldo reaching 979 goals and still scoring for his country at 41 shows a durability that is part of what makes a player great, not a footnote to it.",,,lionel-messi-better-soccer,,,,,,,,,,,,,,,,"Moderate weight: longevity is a genuine achievement, but whether it should count as much as peak level is exactly what the two sides disagree about.",,,,,,
cristiano-ronaldo-scores-headers,,claim,"Cristiano Ronaldo scores with headers, long shots, penalties and both feet, making him a more complete finisher than Lionel Messi in situations Messi rarely scores from.",,,lionel-messi-better-soccer,,,,,,,,,,,,,,,,"Moderate weight because it is true of the two players' profiles, but it compares finishing only, and Messi's strengths lie elsewhere.",,,,,,
former-professional-players-who,,claim,"Former professional players, who know the job from the inside, chose Cristiano Ronaldo as having the better career by about two to one in The Athletic's 2023 survey.",,,lionel-messi-better-soccer,,,,,,,,,,,,,,,,"Light to moderate weight: the sample was former players based in England who saw far more of Ronaldo than Messi, and the same players preferred Messi as a teammate by a wider margin.",,,,,,
september-28-2026-cristiano,,claim,"As of September 28, 2026, Cristiano Ronaldo had scored 979 official career goals against Lionel Messi's 931.",,,lionel-messi-better-soccer,,,,,,,,,statistics,,,,,,,The raw goal lead is undisputed and still growing; its weight depends on whether totals or rates are the right yardstick.,,,,,,
cristiano-ronaldo-has-won,,claim,"Cristiano Ronaldo has won five Champions League titles and scored 140 Champions League goals, against four titles and 129 goals for Lionel Messi.",,,lionel-messi-better-soccer,,,,,,,,,record,,,,,,,Both the titles and the goal record are hard facts and this is the strongest single line in Ronaldo's favor.,,,,,,
2026-statistical-study-time,,claim,A 2026 statistical study of the time between goals across six scoring methods found that Cristiano Ronaldo and Lionel Messi had the same level of scoring consistency over more than 17 years.,,,lionel-messi-better-soccer,,,,,,,,,observational,,,,,,,"This does not show Ronaldo is better, but it undercuts the claim that Messi was the more reliable scorer; it is a preprint and has not been peer reviewed.",,,,,,
cristiano-ronaldo-will-reach,,claim,"Cristiano Ronaldo will reach 1,000 official career goals and finish his career more than 50 goals ahead of Lionel Messi.",,,lionel-messi-better-soccer,,,,,,,,,,,,,,,,,,,,,,
surveys-former-professional-players,,claim,Surveys of former professional players will keep picking Cristiano Ronaldo as having had the better career by a majority.,,,lionel-messi-better-soccer,,,,,,,,,,,,,,,,,,,,,,
full-career-study-found,,claim,A full-career study found that Cristiano Ronaldo's goals plus assists per 90 minutes in Champions League knockout rounds exceeded Lionel Messi's by a wide margin.,,,lionel-messi-better-soccer,,,,,,,,,,,,,,,,,,,,,,
global-survey-former-current,,claim,"A global survey of former and current professional players, not limited to England, picked Cristiano Ronaldo as the better player, not only the better career, by a clear majority.",,,lionel-messi-better-soccer,,,,,,,,,,,,,,,,,,,,,,
career-totals-goals-major,,claim,Career totals of goals and major trophies are the fairest ledger because every player had the same chance to keep playing and keep winning.,,,lionel-messi-better-soccer,,,,,,,,,,,,,,,,,,,,,,
proving-yourself-several-leagues,,claim,Proving yourself in several leagues and under several coaches is a harder test than dominating in one club built around your strengths.,,,lionel-messi-better-soccer,,,,,,,,,,,,,,,,,,,,,,
lasting-top-twenty-years,,claim,"Lasting at the top for twenty years is part of being great, not a separate quality from it.",,,lionel-messi-better-soccer,,,,,,,,,,,,,,,,,,,,,,
cristiano-ronaldo-asked-2025,,claim,"Cristiano Ronaldo, asked in 2025 about Wayne Rooney's view that Messi was better, said he did not agree with that opinion and did not want to be humble about it.",,,lionel-messi-better-soccer,,,,,,,,,,,,,,,,,,,,,,
cristiano-ronaldo-biography-guillem,,media,"Cristiano Ronaldo: The Biography, Guillem Balague, 2015",,,lionel-messi-better-soccer,,lionel-messi-better-soccer,Book,,,,,Orion,,,,,,,"The biography, which won the British Sports Book Awards football book of the year in 2016, traces how Ronaldo turned himself into the top scorer at Manchester United and Real Madrid through training and physical preparation rather than a single club system.","Moderate weight: it documents the case that Ronaldo's greatness was built and repeated in new settings, though it stops in 2015, before his Juventus, Portugal and Saudi years.",,,,,,
ronaldo-directed-anthony-wonke,,media,"Ronaldo, directed by Anthony Wonke, 2015",,,lionel-messi-better-soccer,,lionel-messi-better-soccer,Film,,,,,Universal Pictures,,,,,,,"The documentary follows Ronaldo through the 2014-15 season and his second Ballon d'Or win in a row, showing the scoring pace and physical condition that let him keep producing into his thirties.",Light weight because the film was made with Ronaldo's cooperation and does not compare him to Messi directly.,,,,,,
messi-vs-ronaldo-one,,media,"Messi vs. Ronaldo: One Rivalry, Two GOATs, and the Era That Remade the World's Game, Jonathan Clegg and Joshua Robinson, 2022",,,lionel-messi-better-soccer,,lionel-messi-better-soccer,Book,,,,,Mariner Books,,,,,,,"The two Wall Street Journal reporters follow both careers side by side and show that Ronaldo moved leagues and systems four times and kept winning, while Messi's record was built almost entirely inside Barcelona.","Moderate weight: it is well reported and even-handed, and it is the best single account of the portability argument for Ronaldo, though it does not pick a winner.",,,,,,
youth-soccer-coaches-need,,interest,"Youth soccer coaches need a model of the complete attacker, one who creates as well as finishes, so that players learn that assists count as much as goals.",,,lionel-messi-better-soccer,,lionel-messi-better-soccer,,,,Excellence,"Share of youth training time spent on passing, movement and chance creation rather than finishing alone.",,,,,"Rises, because the most-cited example of greatness is a creator.","Falls, because the model becomes a pure finisher.",,,"A concrete and legitimate interest, though coaches can teach both players' strengths whatever the ranking says.",,,,,,
argentine-fans-need-player,,interest,Argentine fans need the player who won their country the 2022 World Cup to be recognized as the best player of his era.,,,lionel-messi-better-soccer,,lionel-messi-better-soccer,,,,Pride,Share of Argentine fans in polls who say Messi is the greatest ever.,,,,,Stays near universal and is echoed abroad.,Stays high at home but is contradicted by the rest of the world.,,,"This is national pride and should be weighed as such, not as evidence.",,,,,,
sports-statisticians-need-per,,interest,Sports statisticians need per-game and per-shot efficiency measures to count for more than raw totals when careers are compared.,,,lionel-messi-better-soccer,,lionel-messi-better-soccer,,,,Accuracy,Share of major published comparisons that lead with rate measures rather than totals.,,,,,"Rises, since the rate measures favor Messi and the verdict validates them.","Falls, since totals and records would have carried the day.",,,A methodological interest that happens to line up with Messi; it would deserve the same hearing if the numbers ran the other way.,,,,,,
portuguese-fans-need-player,,interest,Portuguese fans need the player who won their country its first major trophy at Euro 2016 to be recognized as the best of his era.,,,lionel-messi-better-soccer,,lionel-messi-better-soccer,,,,Pride,Share of Portuguese fans in polls who say Ronaldo is the greatest ever.,,,,,Stays high at home but is contradicted abroad.,Stays high and is echoed abroad.,,,Mirror image of the Argentine interest and should be weighed the same way.,,,,,,
late-career-professional-athletes,,interest,"Late-career professional athletes need longevity and total output to count in judgments of greatness, because a career that lasts past 40 shows what sustained conditioning can do.",,,lionel-messi-better-soccer,,lionel-messi-better-soccer,,,,Perseverance,Weight given to career length and totals in published all-time rankings.,,,,,"Falls, because the verdict favors peak and efficiency over duration.","Rises, because the all-time scorer is ranked first.",,,A fair interest; longevity is an achievement even if it is not the whole of greatness.,,,,,,
record-keepers-fifa-uefa,,interest,"Record-keepers at FIFA and UEFA need the all-time goal records they publish to carry weight, since those records are the sport's official ledger.",,,lionel-messi-better-soccer,,lionel-messi-better-soccer,,,,Achievement,How often the official record holder is also ranked first in published all-time lists.,,,,,"Falls, since the record holder would be ranked second.",Rises.,,,"Records matter, but a record is a fact about totals, not a verdict about quality, so this interest is weaker than it looks.",,,,,,
coaching-treats-lionel-messi,,claim,Coaching that treats Lionel Messi as the model attacker teaches young players to value creating goals for teammates as highly as scoring them.,,,lionel-messi-better-soccer,,,,,,,,,,,,,,,,A real but hard-to-count effect; it depends on coaches actually changing what they drill.,,,,,,
settling-comparison-per-game,,claim,Settling the comparison on per-game and per-chance efficiency rather than totals makes future player comparisons fairer to players with shorter careers.,,,lionel-messi-better-soccer,,,,,,,,,,,,,,,,Moderate weight; it is as much a benefit of the method as of this particular verdict.,,,,,,
ranking-lionel-messi-first,,claim,Ranking Lionel Messi first downgrades the all-time goal records that FIFA and UEFA keep as the sport's official ledger.,,,lionel-messi-better-soccer,,,,,,,,,,,,,,,,"A modest cost in principle: records can stay records even if their holder is ranked second, but it does weaken what a record is taken to mean.",,,,,,
treating-peak-level-more,,claim,Treating peak level as more important than longevity gives players less reason to maintain the conditioning that let Cristiano Ronaldo score past 40.,,,lionel-messi-better-soccer,,,,,,,,,,,,,,,,Speculative; most players already have strong financial reasons to extend their careers.,,,,,,
verdict-lionel-messi-tells,,claim,"A verdict for Lionel Messi tells Portuguese fans that their country's greatest player, and the man who won its first major trophy, finished second.",,,lionel-messi-better-soccer,,,,,,,,,,,,,,,,"Real but symmetrical: whichever way the question is answered, one country's fans bear this cost.",,,,,,
non-penalty-goals-plus,,claim,"Non-penalty goals plus assists per 90 minutes over each player's whole career, counted by a single tracker using one definition of an assist, is a fair measure of direct attacking output.",,,lionel-messi-better-soccer,,,,,,,,,,,,,,,,,,,,,,
goals-plus-assists-per,,claim,Goals plus assists per 90 minutes in Champions League knockout rounds is a fair measure of output in the hardest club matches.,,,lionel-messi-better-soccer,,,,,,,,,,,,,,,,,,,,,,
change-club-s-points,,claim,"The change in a club's points per game when each player was in the lineup versus absent, over the same seasons, is a fair measure of how much each lifted his team.",,,lionel-messi-better-soccer,,,,,,,,,,,,,,,,,,,,,,
lionel-messi-produced-more,,claim,Lionel Messi produced more goals plus assists per game than Cristiano Ronaldo over their careers.,,,lionel-messi-better-soccer,,,,,,,,,,,,,,,,,,,,,,
per-game-production-chance,,claim,Per-game production and chance creation are a better measure of a soccer player than career totals and trophy counts.,,,lionel-messi-better-soccer,,,,,,,,,,,,,,,,,,,,,,
messi-s-success-barcelona,,claim,Messi's success at Barcelona was mostly his own doing rather than a product of the team built around him.,,,lionel-messi-better-soccer,,,,,,,,,,,,,,,,,,,,,,
within-year-two-most,,claim,"Within a year or two, most mainstream greatest-of-all-time lists and awards retrospectives will place Messi above Ronaldo, with Ronaldo's goal record cited as his main counterclaim.",,,lionel-messi-better-soccer,,,,,,,,,,,,,,,,,,,,,,
within-year-two-youth,,claim,"Within a year or two, youth coaching materials and broadcast analysis will lean harder on creation measures such as assists and chances created when they explain what makes a forward great.",,,lionel-messi-better-soccer,,,,,,,,,,,,,,,,,,,,,,
over-decade-both-men,,claim,"Over a decade, as both men retire and their final totals freeze, Messi's lead in assists, Ballon d'Or awards and per-game output will become the standard framing of the comparison, and Ronaldo's goal and Champions League records the standard reply.",,,lionel-messi-better-soccer,,,,,,,,,,,,,,,,,,,,,,
over-decade-sport-s,,claim,"Over a decade, the sport's ranking habits will shift toward rate and creation measures over raw totals, which will change how the next generation of forwards is compared to both of them.",,,lionel-messi-better-soccer,,,,,,,,,,,,,,,,,,,,,,
lionel-messi-greatest-soccer,,claim,"Lionel Messi is the greatest soccer player who has ever lived, ahead of Pele and Diego Maradona as well as Cristiano Ronaldo.",,,lionel-messi-better-soccer,,,,,,,,,,,,,,,,,,,,,,
lionel-messi-was-better,,claim,Lionel Messi was better than Cristiano Ronaldo in every season in which both men played at the top level.,,,lionel-messi-better-soccer,,,,,,,,,,,,,,,,,,,,,,
lionel-messi-was-better-2,,claim,"Lionel Messi was the better player at his peak, while Cristiano Ronaldo had the better career when longevity and trophies are counted.",,,lionel-messi-better-soccer,,,,,,,,,,,,,,,,,,,,,,
lionel-messi-cristiano-ronaldo,,claim,Lionel Messi and Cristiano Ronaldo were close enough that the ranking depends on which measure a person chooses in advance.,,,lionel-messi-better-soccer,,,,,,,,,,,,,,,,,,,,,,
shohei-ohtani-already-most,,belief,Shohei Ohtani is already the most valuable player in the history of Major League Baseball.,,greatest-of-all-time,,,,,,,,,,,,,,,,,"The evidence is strong that Ohtani's 2021 to 2025 peak is one of the five or so best in baseball history and that no player has ever generated more money for a team, but on the ordinary measure of career value he stands 223rd through 2026 and his best five-year stretch still trails Ruth and Mays. The fight is really about the word 'valuable': peak and dollars favor Ohtani, career totals do not, and 'already' is the part of the claim the numbers do not yet support.","In Game 4 of the 2025 National League Championship Series, Shohei Ohtani hit three home runs and struck out ten batters over six-plus scoreless innings in the same game, a line no other player has produced in a postseason since the sport began keeping records.","Is Shohei Ohtani, after nine seasons, already more valuable than any player in the 150-year history of Major League Baseball, or does the claim have to wait for a full career?",The page most needs an era-adjusted comparison of Ohtani's 2021 to 2025 peak against Babe Ruth's 1918 to 1921 two-way seasons that both sides agree is fair.,70,Strong,
shohei-ohtani-only-player,,claim,"Shohei Ohtani is the only player in Major League Baseball history to have won four Most Valuable Player awards by unanimous vote, taking the 2021, 2023, 2024 and 2025 awards with every first-place vote, according to the Baseball Writers' Association of America.",,,shohei-ohtani-already-most,,,,,,,,,,,,,,,,"This deserves heavy weight on the question of how his own era values him, since no voter in four separate years could find anyone more valuable, though Barry Bonds still holds the record with seven awards.",,,,,,
shohei-ohtani-s-game,,claim,"Shohei Ohtani's Game 4 of the 2025 National League Championship Series, in which he hit three home runs and pitched six-plus scoreless innings with 10 strikeouts, is the single most dominant postseason game any one player has produced.",,,shohei-ohtani-already-most,,,,,,,,,,,,,,,,"One game cannot decide a career argument, but it deserves weight as a demonstration that his two-way ceiling exceeds anything a one-way player can physically reach.",,,,,,
shohei-ohtani-generates-more,,claim,"Shohei Ohtani generates more money for his team and league than any player before him, with research firm SponsorUnited crediting him with $70 million in new Dodgers sponsorship revenue and 12 Japanese partners in his first season alone.",,,shohei-ohtani-already-most,,,,,,,,,,,,,,,,"This argument wins outright if 'valuable' means dollars, since no earlier player's commercial pull was measured at anything close, but it is a different question from on-field value.",,,,,,
shohei-ohtani-was-leading,,claim,"Shohei Ohtani was the leading contributor on back-to-back World Series champions in 2024 and 2025, a feat Neil Paine counts as only the ninth instance in major league history and the first since Derek Jeter in 1998 and 1999.",,,shohei-ohtani-already-most,,,,,,,,,,,,,,,,"Team championships depend on teammates, so this deserves modest weight, but it answers the older objection that his value never translated to winning.",,,,,,
shohei-ohtani-received-all,,claim,"Shohei Ohtani received all 30 first-place votes and 420 points in the 2025 National League MVP vote, making him the only player ever to win the award unanimously more than once and the only player to win it twice in each league.",,,shohei-ohtani-already-most,,,,,,,,,record,,,,,,,"An official vote tally is as hard as evidence gets for how his contemporaries rate him, but it measures opinion in one season, not value over a career.",,,,,,
shohei-ohtani-s-five,,claim,"Shohei Ohtani's five-year stretch from 2021 to 2025 produced 45.2 wins above replacement, split 30.2 from hitting and 15.2 from pitching, per Baseball-Reference figures compiled by ESPN.",,,shohei-ohtani-already-most,,,,,,,,,statistics,,,,,,,"The number is public and recomputable, but WAR for a two-way player depends on how the model treats the designated hitter and pitcher positions, which is contested.",,,,,,
shohei-ohtani-will-finish,,claim,Shohei Ohtani will finish in the top three of the 2026 National League MVP vote despite missing time with knee and biceps injuries.,,,shohei-ohtani-already-most,,,,,,,,,,,,,,,,,,,,,,
shohei-ohtani-s-career,,claim,Shohei Ohtani's career wins above replacement will pass Aaron Judge's career total on Baseball-Reference by the end of the 2028 season.,,,shohei-ohtani-already-most,,,,,,,,,,,,,,,,,,,,,,
published-study-adjusts-wins,,claim,A published study that adjusts wins above replacement for the quality of competition across eras finds that Ohtani's 2021 to 2025 peak exceeds Babe Ruth's 1920 to 1924 peak when both are measured against their leagues' talent pools.,,,shohei-ohtani-already-most,,,,,,,,,,,,,,,,,,,,,,
ohtani-returns-making-25,,claim,"Ohtani returns to making 25 or more pitching starts a season from 2027 onward while still hitting 40 home runs, which would show the 2026 injuries were a setback rather than the end of the two-way role.",,,shohei-ohtani-already-most,,,,,,,,,,,,,,,,,,,,,,
peak-quality-rarity-what,,claim,Peak quality and the rarity of what a player can do count for more than the total a player piles up over a long career when ranking the most valuable player in history.,,,shohei-ohtani-already-most,,,,,,,,,,,,,,,,,,,,,,
unanimous-most-valuable-player,,claim,Unanimous Most Valuable Player votes by the baseball writers who watch every game are a trustworthy reading of how much value a player produced.,,,shohei-ohtani-already-most,,,,,,,,,,,,,,,,,,,,,,
dodgers-manager-dave-roberts,,claim,"Dodgers manager Dave Roberts said in January 2026, in remarks aired by MLB Network, that Shohei Ohtani is the best player of all time to put on a baseball uniform and that he does not need to see another five years to validate what his eyes are seeing.",,,shohei-ohtani-already-most,,,,,,,,,,,,,,,,,,,,,,
espn-reporter-jeff-passan,,claim,"ESPN reporter Jeff Passan wrote after Game 4 of the 2025 National League Championship Series that Shohei Ohtani is the most talented baseball player ever, and said on television during the 2025 World Series that viewers were watching the greatest player in baseball history at his apex.",,,shohei-ohtani-already-most,,,,,,,,,,,,,,,,,,,,,,
golden-age-ohtani-neil,,media,"The Golden Age of Ohtani, Neil Paine, 2025",,,shohei-ohtani-already-most,,shohei-ohtani-already-most,Article,,,,,Neil Paine's Substack (Baseball Bytes),,,,,,,Paine tallies 17.6 wins above replacement for Shohei Ohtani across the 2024 and 2025 seasons and counts his being the best player by WAR on two straight World Series winners as only the ninth time that has happened in major league history and the first since Derek Jeter in 1998 and 1999.,"This deserves solid weight on the peak-value half of the question, since Paine is a careful statistician who shows his arithmetic, but it argues for the best two-year peak, not the best career.",,,,,,
ohtani-s-game-4,,media,"Ohtani's Game 4 reminds us of the improbability of his greatness, Jeff Passan, 2025",,,shohei-ohtani-already-most,,shohei-ohtani-already-most,Article,,,,,ESPN,,,,,,,"Passan describes the three-home-run, ten-strikeout Game 4 of the 2025 National League Championship Series as the full unleashing of Ohtani's ability and calls him the most talented baseball player ever, because no one-way player can produce offense and pitching in the same game.","This deserves moderate weight as the clearest statement of the pro case from a leading national reporter, but it is a column written the night after one game, and talent is not the same as accumulated value.",,,,,,
sho-time-inside-story,,media,"Sho-Time: The Inside Story of Shohei Ohtani and the Greatest Baseball Season Ever Played, Jeff Fletcher, 2022",,,shohei-ohtani-already-most,,shohei-ohtani-already-most,Book,,,,,Diversion Books,,,,,,,"Fletcher, the Angels beat writer who has covered Ohtani longer than any other American reporter, documents how the 2021 season (46 home runs plus 130 innings of elite pitching) was unlike anything a single player had done in the modern game, and shows how the two jobs were managed day to day.","This deserves moderate weight as the most detailed account of what two-way value costs and produces, though its title makes a claim about one season and it was written before the Dodgers years that drive the argument now.",,,,,,
shohei-ohtani-s-body,,claim,"Shohei Ohtani's body has repeatedly failed to hold up to two jobs, with elbow surgeries in 2018 and 2023 and a 2026 season in which knee and biceps injuries ended his pitching on July 3 and sent him to the injured list in September.",,,shohei-ohtani-already-most,,,,,,,,,,,,,,,,"This deserves weight because value that cannot be delivered does not count, and the injuries are the direct cost of the two-way workload the pro side celebrates.",,,,,,
player-cannot-most-valuable,,claim,"A player cannot be the most valuable in history after nine seasons when the game has been played for more than 150 years, as Derek Jeter argued on the Fox pregame show before the 2025 World Series when he said a player has to do it for a long time before he can be called the greatest.",,,shohei-ohtani-already-most,,,,,,,,,,,,,,,,"This is a strong argument against the word 'already' in the claim, though it concedes the possibility that Ohtani may get there later.",,,,,,
shohei-ohtani-s-los,,claim,"Shohei Ohtani's Los Angeles Angels never posted a winning season in his six years there from 2018 to 2023, so for two thirds of his career his value did not change what mattered most to his team.",,,shohei-ohtani-already-most,,,,,,,,,,,,,,,,"This deserves modest weight, since one player cannot carry a poorly built roster, but it cuts against the idea that his value is uniquely decisive.",,,,,,
barry-bonds-won-seven,,claim,"Barry Bonds won seven Most Valuable Player awards, including four in a row from 2001 to 2004, so even on the measure of awards from contemporaries Ohtani's four trail the record.",,,shohei-ohtani-already-most,,,,,,,,,,,,,,,,This deserves moderate weight because it uses the pro side's own favorite yardstick and shows Ohtani has not yet passed the leader on it.,,,,,,
through-2026-season-ohtani,,claim,"Through the 2026 season Ohtani's career wins above replacement stood at 57.8, tied for 223rd all time, while Babe Ruth led at 182.6, Barry Bonds stood at 162.8, Willie Mays at 156.2 and active leader Mike Trout at 91.7.",,,shohei-ohtani-already-most,,,,,,,,,statistics,,,,,,,"This is the single hardest number against the belief as written, and it is public and checkable to the decimal.",,,,,,
babe-ruth-s-best,,claim,"Babe Ruth's best five-year stretch from 1920 to 1924 produced 56.6 wins above replacement, Willie Mays produced 52.3 from 1962 to 1966 and Ted Williams 49.3 across 1941 to 1948, all above Ohtani's 45.2 for 2021 to 2025.",,,shohei-ohtani-already-most,,,,,,,,,statistics,,,,,,,"This removes the pro side's best escape route, since even at peak rather than career Ohtani does not top the list on the standard measure.",,,,,,
ohtani-s-three-best,,claim,"Ohtani's three best hitting seasons from 2023 to 2025 produced an OPS+ of 184, 18th best for any three-year span, while Babe Ruth's 1919 to 1921 span produced an OPS+ of 241, the second best ever.",,,shohei-ohtani-already-most,,,,,,,,,statistics,,,,,,,"OPS+ already adjusts for era, so this is a fair like-for-like reading, though it leaves out the pitching half that is Ohtani's whole argument.",,,,,,
2026-ohtani-did-pitch,,claim,"In 2026 Ohtani did not pitch after July 3 because of knee and biceps injuries, spent September 8 to 22 on the injured list, and in his last 13 games before the stint hit .122 with no home runs and 21 strikeouts.",,,shohei-ohtani-already-most,,,,,,,,,record,,,,,,,"This is a dated snapshot and he recovered to play in October, but it documents that the two-way workload has a durability cost that shows up in the value column.",,,,,,
player-other-than-shohei,,claim,A player other than Shohei Ohtani will win the 2026 National League MVP award.,,,shohei-ohtani-already-most,,,,,,,,,,,,,,,,,,,,,,
shohei-ohtani-will-make,,claim,"Shohei Ohtani will make fewer than 20 pitching starts in 2027, showing that the two-way role cannot be sustained past age 32.",,,shohei-ohtani-already-most,,,,,,,,,,,,,,,,,,,,,,
ohtani-never-pitches-full,,claim,"Ohtani never pitches a full season again after 2026, which would freeze his career wins above replacement well short of the top 20 and confirm that the two-way peak was too short to carry a most-valuable-ever claim.",,,shohei-ohtani-already-most,,,,,,,,,,,,,,,,,,,,,,
inflation-adjusted-accounting-babe,,claim,An inflation-adjusted accounting of Babe Ruth's effect on Yankees attendance and league revenue in the 1920s shows a larger share of the sport's money traceable to one player than Ohtani's share of the Dodgers' revenue today.,,,shohei-ohtani-already-most,,,,,,,,,,,,,,,,,,,,,,
phrase-most-valuable-player,,claim,"The phrase 'most valuable player in history' refers to a whole career, so a player who is still active and has nine seasons cannot yet hold the title whatever his peak looks like.",,,shohei-ohtani-already-most,,,,,,,,,,,,,,,,,,,,,,
babe-ruth-s-statistics,,claim,Babe Ruth's statistics from the 1920s should be taken at or near face value rather than heavily discounted for the weaker competition he faced before integration.,,,shohei-ohtani-already-most,,,,,,,,,,,,,,,,,,,,,,
seasons-lost-elbow-knee,,claim,"Seasons lost to elbow, knee and biceps injuries subtract from a player's value rather than being set aside as bad luck.",,,shohei-ohtani-already-most,,,,,,,,,,,,,,,,,,,,,,
derek-jeter-said-fox,,claim,"Derek Jeter said on Fox's pregame show before the 2025 World Series that you cannot call Shohei Ohtani the greatest player ever because a player has to have a longer career and do it for a long time, while granting that Ohtani has the greatest toolset of any player he has seen.",,,shohei-ohtani-already-most,,,,,,,,,,,,,,,,,,,,,,
baseball-writer-ryan-ferguson,,claim,"Baseball writer Ryan Ferguson argued in a March 2025 column titled 'Sorry, Shohei' that Babe Ruth remains the greatest player of all time because greatness includes longevity and cultural legacy, not talent alone, even though he called Ohtani the most talented player who has ever played.",,,shohei-ohtani-already-most,,,,,,,,,,,,,,,,,,,,,,
best-run-ever-how,,media,"Best run ever? How Shohei Ohtani's five-year stretch compares to baseball's greats, David Schoenfield, 2025",,,shohei-ohtani-already-most,,shohei-ohtani-already-most,Article,,,,,ESPN,,,,,,,"Schoenfield compares Ohtani's 45.2 wins above replacement from 2021 to 2025 with the best five-year runs in history and finds Babe Ruth's 56.6 from 1920 to 1924 and Ty Cobb's 47.7 from 1909 to 1913 ahead of it, with no extra credit given for doing the work on two sides of the ball.","This deserves heavy weight because it uses the pro side's own favorite measure, peak value by WAR, and still finds Ohtani short of first place.",,,,,,
big-fella-babe-ruth,,media,"The Big Fella: Babe Ruth and the World He Created, Jane Leavy, 2018",,,shohei-ohtani-already-most,,shohei-ohtani-already-most,Book,,,,,HarperCollins,,,,,,,"Leavy's biography, built on more than 250 interviews and family records, shows Ruth as both the pitcher who went 94-46 and the hitter who then remade the sport around the home run over a 22-year career, which sets the bar Ohtani is being measured against.","This deserves substantial weight as the best documented account of the main rival for the title, though it is a biography and not a statistical comparison.",,,,,,
sorry-shohei-ryan-ferguson,,media,"Sorry, Shohei, Ryan Ferguson, 2025",,,shohei-ohtani-already-most,,shohei-ohtani-already-most,Article,,,,,ryanferguson.co.uk,,,,,,,"Ferguson grants that Ohtani is the most talented player of all time and cites the 25 million Japanese viewers for the 2025 Tokyo Series, but argues that greatness includes longevity and cultural legacy, and on those counts Ruth, who changed how the game was played, still holds the title.","This deserves modest weight because it is one writer's personal site, but it states plainly the longevity-and-legacy case that many fans hold.",,,,,,
japanese-baseball-fans-need,,interest,Japanese baseball fans need their best player's achievements recognized as the best in the game's history.,,,shohei-ohtani-already-most,,shohei-ohtani-already-most,,,,Pride,Japanese television audience for MLB games and the number of Japanese sponsors of MLB clubs each year,,,,,Audiences and sponsor counts keep rising past the 2025 Tokyo Series record of 25 million viewers.,Audiences fall back toward pre-2024 levels once the greatest-ever story is disputed or Ohtani stops pitching.,,,"This interest is well documented in viewership and sponsorship data, though it is an interest in recognition rather than in the truth of the ranking.",,,,,,
young-two-way-players,,interest,Young two-way players in high school and college need the sport to value pitching and hitting together so they are not forced to choose one.,,,shohei-ohtani-already-most,,shohei-ohtani-already-most,,,,Opportunity,Number of players listed as both pitcher and hitter on major league 40-man rosters each spring,,,,,The count rises above the handful seen in the 2020s as teams copy the Ohtani model.,"The count stays at one or two, and teams treat Ohtani as a one-off that proved the role is too injury-prone.",,,"The interest is real but the group is small, so it deserves less weight than the fan interests on either side.",,,,,,
fans-who-watched-earlier,,interest,"Fans who watched earlier stars, and the families of those players, need careers to be judged whole rather than by their best stretch.",,,shohei-ohtani-already-most,,shohei-ohtani-already-most,,,,Fairness,Whether published all-time rankings by major outlets rest on career totals or on peak seasons,,,,,Rankings shift toward peak-based measures and players with long careers drop in the published lists.,"Career totals remain the standard and Ruth, Bonds and Mays keep the top places.",,,"This interest deserves real weight because it is about the rule used for every player, not about one name.",,,,,,
baseball-historians-hall-fame,,interest,Baseball historians and Hall of Fame voters need rankings to rest on complete careers and comparable numbers.,,,shohei-ohtani-already-most,,shohei-ohtani-already-most,,,,Accuracy,"Agreement between career WAR, era-adjusted hitting measures and the published rankings of major outlets",,,,,"Outlets rank Ohtani first while the numbers still rank him outside the top 100, and the two diverge.",Published rankings keep tracking the career numbers and Ohtani rises only as his totals rise.,,,"This is the interest most aligned with the site's own method, since it asks that a ranking be something a reader can recompute.",,,,,,
fans-other-29-teams,,interest,"Fans of the other 29 teams need the sport's awards, money and attention not to be captured by one franchise's star.",,,shohei-ohtani-already-most,,shohei-ohtani-already-most,,,,Balance,Share of national MLB broadcast windows and sponsorship revenue going to the Dodgers each season,,,,,The Dodgers' share of national attention and sponsor money keeps growing past its 2025 level.,Attention spreads back across the league as other stars and teams win awards and titles.,,,"The interest is real but partly misdirected, since much of the Ohtani money came from Japan and would not have gone to other clubs anyway.",,,,,,
treating-ohtani-most-valuable,,claim,"Treating Ohtani as the most valuable player ever and marketing him that way keeps Major League Baseball's Japanese audience growing, after 25 million people in Japan watched a single Tokyo Series game in March 2025.",,,shohei-ohtani-already-most,,,,,,,,,,,,,,,,"The viewership record is documented by CNBC, but how much of the growth depends on the 'greatest ever' label rather than on the player himself is unmeasured.",,,,,,
accepting-two-way-player,,claim,Accepting that a two-way player can be the most valuable in history pushes high school and college programs to let their best athletes keep pitching and hitting instead of forcing a choice at 18.,,,shohei-ohtani-already-most,,,,,,,,,,,,,,,,"The effect is plausible and already discussed in coaching circles, but there is no count of two-way prospects attributable to Ohtani yet.",,,,,,
declaring-ohtani-most-valuable,,claim,"Declaring Ohtani the most valuable ever after nine seasons devalues the full careers of players such as Babe Ruth, Willie Mays and Barry Bonds, who delivered two to three times his career wins above replacement.",,,shohei-ohtani-already-most,,,,,,,,,,,,,,,,"The gap of 124.8 WAR (182.6 minus 57.8) is a hard number, and the cost is real to the extent that history rankings shape how those players are remembered.",,,,,,
concentrating-sport-s-attention,,claim,"Concentrating the sport's attention and Japanese sponsorship money on one Dodgers star widens the revenue gap between Los Angeles and the other 29 clubs, with the Dodgers alone passing $1 billion in revenue.",,,shohei-ohtani-already-most,,,,,,,,,,,,,,,,"Sportico's $200 million estimate is a reasonable industry figure, but whether that money would otherwise have reached other teams is doubtful, since much of it came from Japan because of him.",,,,,,
player-s-rank-baseball,,claim,A player's rank on the Baseball-Reference career wins above replacement list is a fair measure of how much total value he has delivered over his career.,,,shohei-ohtani-already-most,,,,,,,,,,,,,,,,,,,,,,
number-most-valuable-player,,claim,"The number of Most Valuable Player awards a player has won, weighted by whether the votes were unanimous, is a fair measure of how valuable the writers who watched him judged him to be against his contemporaries.",,,shohei-ohtani-already-most,,,,,,,,,,,,,,,,,,,,,,
incremental-revenue-team-can,,claim,"The incremental revenue a team can trace to one player, as estimated by independent industry analysts, is a fair measure of that player's commercial value to the sport.",,,shohei-ohtani-already-most,,,,,,,,,,,,,,,,,,,,,,
shohei-ohtani-s-combined,,claim,Shohei Ohtani's combined hitting and pitching wins above replacement in his best seasons exceed what any one-way player produced in the same seasons.,,,shohei-ohtani-already-most,,,,,,,,,,,,,,,,,,,,,,
right-measure-most-valuable,,claim,The right measure of the most valuable player in history weights peak value and rarity more heavily than career total.,,,shohei-ohtani-already-most,,,,,,,,,,,,,,,,,,,,,,
statistics-1920s-2020s-can,,claim,"Statistics from the 1920s and from the 2020s can be placed on one scale that fairly adjusts for differences in competition, equipment, travel and training.",,,shohei-ohtani-already-most,,,,,,,,,,,,,,,,,,,,,,
within-year-two-major,,claim,"Within a year or two, Major League Baseball teams will give more drafted two-way prospects a real chance to keep both jobs in the minor leagues instead of forcing them to pick one by their first professional season.",,,shohei-ohtani-already-most,,,,,,,,,,,,,,,,,,,,,,
within-year-two-price,,claim,"Within a year or two, the price of Shohei Ohtani's rookie cards, game-used items and the Dodgers' Japanese sponsorship deals will rise further as collectors and companies price in the greatest-ever label.",,,shohei-ohtani-already-most,,,,,,,,,,,,,,,,,,,,,,
over-next-decade-several,,claim,"Over the next decade, several players who both pitch and hit at a major league level will reach the big leagues, ending a century in which the sport believed the two-way role was impossible.",,,shohei-ohtani-already-most,,,,,,,,,,,,,,,,,,,,,,
over-next-decade-fan,,claim,"Over the next decade, fan and media rankings of the greatest players will routinely list a peak-based ranking alongside the career-total ranking, and Babe Ruth will no longer be the automatic first name in either one.",,,shohei-ohtani-already-most,,,,,,,,,,,,,,,,,,,,,,
shohei-ohtani-s-2021,,claim,Shohei Ohtani's 2021 through 2025 seasons are the best five-year stretch any baseball player has ever had.,,,shohei-ohtani-already-most,,,,,,,,,,,,,,,,,,,,,,
shohei-ohtani-will-finish-2,,claim,Shohei Ohtani will finish his career with more wins above replacement than Babe Ruth's 182.6.,,,shohei-ohtani-already-most,,,,,,,,,,,,,,,,,,,,,,
shohei-ohtani-most-talented,,claim,"Shohei Ohtani is the most talented baseball player who has ever lived, even if his career total of value has not yet caught up to Babe Ruth's.",,,shohei-ohtani-already-most,,,,,,,,,,,,,,,,,,,,,,
shohei-ohtani-has-produced,,claim,Shohei Ohtani has produced the most valuable single season by any player in the history of Major League Baseball.,,,shohei-ohtani-already-most,,,,,,,,,,,,,,,,,,,,,,
